,Date,WindSpeed9am,Humidity9am,Pressure9am
67200,2008-07-01,37.0,60.0,1006.8
67201,2008-07-02,30.0,66.0,1013.4
67202,2008-07-03,17.0,72.0,1024.8
67203,2008-07-04,9.0,87.0,1030.2
67204,2008-07-05,24.0,81.0,1028.9
67205,2008-07-06,31.0,68.0,1023.1
67206,2008-07-07,28.0,73.0,1016.3
67207,2008-07-08,13.0,80.0,1017.1
67208,2008-07-09,11.0,95.0,1023.1
67209,2008-07-10,15.0,87.0,1009.4
67210,2008-07-11,26.0,71.0,1016.3
67211,2008-07-12,22.0,68.0,1023.2
67212,2008-07-13,33.0,49.0,1017.1
67213,2008-07-14,7.0,78.0,1017.4
67214,2008-07-15,17.0,70.0,1019.9
67215,2008-07-16,19.0,86.0,1022.2
67216,2008-07-17,35.0,70.0,1013.5
67217,2008-07-18,20.0,87.0,1008.2
67218,2008-07-19,33.0,74.0,1012.5
67219,2008-07-20,43.0,63.0,1004.4
67220,2008-07-21,31.0,78.0,1011.7
67221,2008-07-22,15.0,78.0,1029.0
67222,2008-07-23,0.0,85.0,1034.1
67223,2008-07-24,11.0,95.0,1031.2
67224,2008-07-25,20.0,78.0,1024.8
67225,2008-07-26,24.0,79.0,1017.3
67226,2008-07-27,11.0,91.0,1013.5
67227,2008-07-28,9.0,71.0,1021.6
67228,2008-07-29,11.0,84.0,1023.0
67229,2008-07-30,28.0,76.0,1015.5
67230,2008-07-31,41.0,64.0,1011.6
67231,2008-08-01,28.0,70.0,999.7
67232,2008-08-02,19.0,78.0,1015.9
67233,2008-08-03,22.0,69.0,1019.2
67234,2008-08-04,17.0,61.0,1017.7
67235,2008-08-05,6.0,81.0,1024.4
67236,2008-08-06,13.0,89.0,1021.7
67237,2008-08-07,2.0,70.0,1017.6
67238,2008-08-08,19.0,61.0,1021.8
67239,2008-08-09,17.0,73.0,1021.0
67240,2008-08-10,19.0,83.0,1013.9
67241,2008-08-11,19.0,75.0,1020.1
67242,2008-08-12,13.0,60.0,1020.2
67243,2008-08-13,24.0,68.0,1027.1
67244,2008-08-14,31.0,75.0,1025.1
67245,2008-08-15,26.0,77.0,1018.5
67246,2008-08-16,28.0,87.0,1017.6
67247,2008-08-17,24.0,83.0,1025.6
67248,2008-08-18,24.0,76.0,1026.8
67249,2008-08-19,30.0,68.0,1026.8
67250,2008-08-20,30.0,61.0,1022.4
67251,2008-08-21,9.0,74.0,1018.3
67252,2008-08-22,17.0,65.0,1025.3
67253,2008-08-23,19.0,83.0,1030.2
67254,2008-08-24,17.0,75.0,1031.9
67255,2008-08-25,19.0,75.0,1028.1
67256,2008-08-26,28.0,45.0,1020.9
67257,2008-08-27,9.0,67.0,1030.3
67258,2008-08-28,6.0,77.0,1030.5
67259,2008-08-29,19.0,81.0,1025.8
67260,2008-08-30,37.0,51.0,1015.7
67261,2008-08-31,19.0,68.0,1007.0
67262,2008-09-01,13.0,66.0,1020.0
67263,2008-09-02,11.0,77.0,1025.8
67264,2008-09-03,22.0,46.0,1035.6
67265,2008-09-04,4.0,78.0,1034.4
67266,2008-09-05,17.0,70.0,1026.1
67267,2008-09-06,7.0,65.0,1021.9
67268,2008-09-07,15.0,74.0,1020.0
67269,2008-09-08,19.0,51.0,1025.0
67270,2008-09-09,13.0,47.0,1028.2
67271,2008-09-10,7.0,62.0,1022.8
67272,2008-09-11,46.0,32.0,1014.8
67273,2008-09-12,65.0,36.0,1004.2
67274,2008-09-13,43.0,45.0,1008.6
67275,2008-09-14,35.0,42.0,1001.8
67276,2008-09-15,39.0,57.0,998.5
67277,2008-09-16,30.0,57.0,1018.7
67278,2008-09-17,11.0,61.0,1026.0
67279,2008-09-18,37.0,45.0,1016.5
67280,2008-09-19,44.0,36.0,1008.4
67281,2008-09-20,31.0,54.0,1008.4
67282,2008-09-21,26.0,48.0,1015.8
67283,2008-09-22,56.0,31.0,1000.3
67284,2008-09-23,39.0,58.0,1018.2
67285,2008-09-24,19.0,64.0,1031.5
67286,2008-09-25,37.0,41.0,1028.1
67287,2008-09-26,35.0,41.0,1019.7
67288,2008-09-27,9.0,64.0,1016.9
67289,2008-09-28,20.0,55.0,1014.7
67290,2008-09-29,24.0,58.0,1019.6
67291,2008-09-30,24.0,47.0,1021.6
67292,2008-10-01,44.0,33.0,1016.8
67293,2008-10-02,22.0,59.0,1014.5
67294,2008-10-03,35.0,40.0,1011.4
67295,2008-10-04,15.0,72.0,1017.9
67296,2008-10-05,11.0,63.0,1017.8
67297,2008-10-06,20.0,84.0,1010.4
67298,2008-10-07,22.0,64.0,1020.0
67299,2008-10-08,19.0,56.0,1022.5
67300,2008-10-09,13.0,55.0,1027.5
67301,2008-10-10,24.0,60.0,1028.0
67302,2008-10-11,31.0,62.0,1025.1
67303,2008-10-12,37.0,27.0,1019.4
67304,2008-10-13,30.0,61.0,1015.9
67305,2008-10-14,24.0,68.0,1023.5
67306,2008-10-15,22.0,68.0,1026.1
67307,2008-10-16,6.0,64.0,1025.8
67308,2008-10-17,7.0,69.0,1023.4
67309,2008-10-18,41.0,38.0,1019.6
67310,2008-10-19,20.0,74.0,1021.7
67311,2008-10-20,24.0,46.0,1026.8
67312,2008-10-21,26.0,44.0,1028.0
67313,2008-10-22,37.0,51.0,1030.9
67314,2008-10-23,11.0,53.0,1029.4
67315,2008-10-24,22.0,55.0,1021.4
67316,2008-10-25,54.0,16.0,1012.5
67317,2008-10-26,30.0,30.0,1010.8
67318,2008-10-27,22.0,45.0,1010.2
67319,2008-10-28,15.0,65.0,1023.1
67320,2008-10-29,17.0,56.0,1024.3
67321,2008-10-30,39.0,57.0,1013.9
67322,2008-10-31,17.0,59.0,1009.8
67323,2008-11-01,17.0,62.0,1024.8
67324,2008-11-02,37.0,68.0,1018.2
67325,2008-11-03,31.0,72.0,1014.2
67326,2008-11-04,28.0,45.0,1021.8
67327,2008-11-05,9.0,63.0,1012.8
67328,2008-11-06,15.0,63.0,1010.4
67329,2008-11-07,24.0,70.0,1008.1
67330,2008-11-08,31.0,60.0,1005.3
67331,2008-11-09,22.0,61.0,1019.0
67332,2008-11-10,7.0,64.0,1023.2
67333,2008-11-11,7.0,64.0,1020.4
67334,2008-11-12,30.0,41.0,1015.3
67335,2008-11-13,48.0,23.0,1008.8
67336,2008-11-14,13.0,85.0,1012.0
67337,2008-11-15,20.0,57.0,1016.6
67338,2008-11-16,28.0,44.0,1021.7
67339,2008-11-17,20.0,47.0,1020.8
67340,2008-11-18,7.0,62.0,1014.2
67341,2008-11-19,15.0,80.0,1011.4
67342,2008-11-20,31.0,76.0,1001.9
67343,2008-11-21,19.0,56.0,1002.3
67344,2008-11-22,41.0,78.0,996.9
67345,2008-11-23,37.0,74.0,1003.9
67346,2008-11-24,26.0,65.0,1009.9
67347,2008-11-25,7.0,63.0,1013.8
67348,2008-11-26,7.0,59.0,1010.9
67349,2008-11-27,48.0,47.0,1004.5
67350,2008-11-28,4.0,75.0,1004.8
67351,2008-11-29,26.0,69.0,1008.1
67352,2008-11-30,13.0,59.0,1010.7
67353,2008-12-01,24.0,52.0,1009.0
67354,2008-12-02,30.0,44.0,1009.9
67355,2008-12-03,22.0,62.0,1009.9
67356,2008-12-04,9.0,52.0,1018.9
67357,2008-12-05,30.0,41.0,1006.5
67358,2008-12-06,11.0,54.0,1010.0
67359,2008-12-07,26.0,53.0,1013.1
67360,2008-12-08,13.0,61.0,1015.4
67361,2008-12-09,13.0,72.0,1007.6
67362,2008-12-10,28.0,57.0,1013.7
67363,2008-12-11,19.0,58.0,1015.6
67364,2008-12-12,24.0,68.0,1007.4
67365,2008-12-13,17.0,96.0,988.9
67366,2008-12-14,31.0,90.0,1004.9
67367,2008-12-15,24.0,54.0,1013.0
67368,2008-12-16,6.0,66.0,1013.1
67369,2008-12-17,,82.0,1013.1
67370,2008-12-18,9.0,85.0,1006.3
67371,2008-12-19,20.0,60.0,1014.3
67372,2008-12-20,15.0,60.0,1021.8
67373,2008-12-21,22.0,67.0,1018.8
67374,2008-12-22,48.0,36.0,1008.1
67375,2008-12-23,28.0,73.0,1013.9
67376,2008-12-24,19.0,56.0,1013.8
67377,2008-12-25,9.0,63.0,1015.2
67378,2008-12-26,22.0,58.0,1010.1
67379,2008-12-27,20.0,58.0,1006.1
67380,2008-12-28,9.0,52.0,1004.1
67381,2008-12-29,20.0,50.0,1008.2
67382,2008-12-30,24.0,88.0,1003.4
67383,2008-12-31,22.0,55.0,1006.3
67384,2009-01-01,33.0,68.0,1005.4
67385,2009-01-02,31.0,56.0,1018.2
67386,2009-01-03,13.0,54.0,1021.1
67387,2009-01-04,2.0,67.0,1016.5
67388,2009-01-05,9.0,56.0,1011.9
67389,2009-01-06,11.0,45.0,1010.5
67390,2009-01-07,17.0,89.0,1010.0
67391,2009-01-08,28.0,57.0,1017.7
67392,2009-01-09,19.0,47.0,1021.7
67393,2009-01-10,7.0,67.0,1013.9
67394,2009-01-11,9.0,89.0,1012.1
67395,2009-01-12,11.0,75.0,1018.7
67396,2009-01-13,35.0,61.0,1014.0
67397,2009-01-14,35.0,14.0,1008.0
67398,2009-01-15,28.0,52.0,1015.9
67399,2009-01-16,28.0,48.0,1017.3
67400,2009-01-17,28.0,45.0,1023.0
67401,2009-01-18,7.0,60.0,1022.0
67402,2009-01-19,28.0,52.0,1014.0
67403,2009-01-20,37.0,33.0,1005.5
67404,2009-01-21,9.0,66.0,1010.5
67405,2009-01-22,41.0,57.0,998.0
67406,2009-01-23,9.0,54.0,1008.3
67407,2009-01-24,30.0,52.0,1007.9
67408,2009-01-25,7.0,58.0,1018.5
67409,2009-01-26,13.0,65.0,1022.3
67410,2009-01-27,7.0,71.0,1017.9
67411,2009-01-28,24.0,30.0,1012.2
67412,2009-01-29,39.0,17.0,1011.1
67413,2009-01-30,15.0,35.0,1011.8
67414,2009-01-31,7.0,53.0,1013.3
67415,2009-02-01,11.0,68.0,1016.5
67416,2009-02-02,7.0,77.0,1012.2
67417,2009-02-03,15.0,75.0,1013.1
67418,2009-02-04,4.0,76.0,1009.5
67419,2009-02-05,11.0,58.0,1005.7
67420,2009-02-06,11.0,75.0,1010.8
67421,2009-02-07,54.0,23.0,1003.1
67422,2009-02-08,20.0,80.0,1012.5
67423,2009-02-09,33.0,42.0,1016.9
67424,2009-02-10,26.0,39.0,1017.4
67425,2009-02-11,31.0,48.0,1019.3
67426,2009-02-12,17.0,60.0,1021.5
67427,2009-02-13,13.0,58.0,1025.8
67428,2009-02-14,7.0,58.0,1023.3
67429,2009-02-15,2.0,70.0,1018.9
67430,2009-02-16,7.0,66.0,1019.6
67431,2009-02-17,20.0,55.0,1016.9
67432,2009-02-18,9.0,73.0,1012.9
67433,2009-02-19,15.0,78.0,1009.1
67434,2009-02-20,19.0,68.0,1012.9
67435,2009-02-21,22.0,66.0,1017.6
67436,2009-02-22,13.0,71.0,1017.8
67437,2009-02-23,24.0,67.0,1010.5
67438,2009-02-24,19.0,51.0,1018.9
67439,2009-02-25,17.0,90.0,1020.6
67440,2009-02-26,9.0,86.0,1019.6
67441,2009-02-27,48.0,42.0,1014.0
67442,2009-02-28,17.0,66.0,1013.2
67443,2009-03-01,17.0,85.0,1015.0
67444,2009-03-02,17.0,60.0,1015.8
67445,2009-03-03,35.0,71.0,1009.4
67446,2009-03-04,15.0,43.0,1012.6
67447,2009-03-05,28.0,83.0,1016.0
67448,2009-03-06,19.0,89.0,1016.5
67449,2009-03-07,13.0,61.0,1016.6
67450,2009-03-08,20.0,59.0,1021.5
67451,2009-03-09,13.0,73.0,1021.5
67452,2009-03-10,17.0,87.0,1021.1
67453,2009-03-11,7.0,81.0,1021.4
67454,2009-03-12,13.0,78.0,1019.2
67455,2009-03-13,15.0,75.0,1016.8
67456,2009-03-14,52.0,64.0,1008.1
67457,2009-03-15,20.0,75.0,1011.6
67458,2009-03-16,17.0,59.0,1012.1
67459,2009-03-17,17.0,65.0,1017.9
67460,2009-03-18,13.0,63.0,1017.8
67461,2009-03-19,28.0,34.0,1013.9
67462,2009-03-20,9.0,75.0,1015.9
67463,2009-03-21,37.0,52.0,1013.5
67464,2009-03-22,11.0,25.0,1010.3
67465,2009-03-23,19.0,67.0,1017.1
67466,2009-03-24,6.0,72.0,1017.7
67467,2009-03-25,6.0,95.0,1016.5
67468,2009-03-26,11.0,83.0,1019.4
67469,2009-03-27,13.0,65.0,1027.2
67470,2009-03-28,15.0,77.0,1024.4
67471,2009-03-29,19.0,51.0,1022.5
67472,2009-03-30,11.0,80.0,1026.3
67473,2009-03-31,17.0,85.0,1023.7
67474,2009-04-01,0.0,71.0,1022.6
67475,2009-04-02,33.0,53.0,1021.4
67476,2009-04-03,35.0,55.0,1015.3
67477,2009-04-04,20.0,71.0,1022.8
67478,2009-04-05,15.0,61.0,1020.3
67479,2009-04-06,22.0,61.0,1025.8
67480,2009-04-07,19.0,94.0,1030.0
67481,2009-04-08,7.0,62.0,1028.4
67482,2009-04-09,7.0,72.0,1023.9
67483,2009-04-10,7.0,81.0,1020.1
67484,2009-04-11,7.0,80.0,1024.0
67485,2009-04-12,9.0,69.0,1022.8
67486,2009-04-13,4.0,80.0,1022.7
67487,2009-04-14,31.0,53.0,1013.9
67488,2009-04-15,46.0,54.0,1007.1
67489,2009-04-16,31.0,47.0,1013.0
67490,2009-04-17,13.0,61.0,1017.8
67491,2009-04-18,13.0,67.0,1023.5
67492,2009-04-19,17.0,65.0,1026.0
67493,2009-04-20,2.0,95.0,1024.2
67494,2009-04-21,24.0,68.0,1024.4
67495,2009-04-22,26.0,65.0,1024.7
67496,2009-04-23,31.0,57.0,1019.5
67497,2009-04-24,35.0,68.0,1002.8
67498,2009-04-25,24.0,70.0,1000.9
67499,2009-04-26,28.0,55.0,997.2
67500,2009-04-27,13.0,65.0,1011.5
67501,2009-04-28,28.0,70.0,1020.0
67502,2009-04-29,11.0,81.0,1024.2
67503,2009-04-30,11.0,75.0,1023.8
67504,2009-05-01,31.0,45.0,1023.0
67505,2009-05-02,9.0,78.0,1027.9
67506,2009-05-03,6.0,77.0,1029.3
67507,2009-05-04,6.0,75.0,1030.6
67508,2009-05-05,9.0,79.0,1032.4
67509,2009-05-06,6.0,76.0,1029.4
67510,2009-05-07,15.0,76.0,1027.7
67511,2009-05-08,13.0,72.0,1030.8
67512,2009-05-09,15.0,96.0,1028.0
67513,2009-05-10,6.0,74.0,1026.5
67514,2009-05-11,7.0,85.0,1025.4
67515,2009-05-12,7.0,83.0,1023.0
67516,2009-05-13,13.0,63.0,1016.7
67517,2009-05-14,30.0,65.0,1012.1
67518,2009-05-15,31.0,67.0,1009.1
67519,2009-05-16,35.0,69.0,1011.9
67520,2009-05-17,13.0,83.0,1021.5
67521,2009-05-18,7.0,84.0,1025.3
67522,2009-05-19,6.0,88.0,1022.7
67523,2009-05-20,6.0,76.0,1022.8
67524,2009-05-21,7.0,95.0,1025.6
67525,2009-05-22,0.0,97.0,1025.2
67526,2009-05-23,,68.0,1021.1
67527,2009-05-24,31.0,43.0,1022.0
67528,2009-05-25,52.0,50.0,1019.1
67529,2009-05-26,11.0,77.0,1021.6
67530,2009-05-27,9.0,80.0,1022.8
67531,2009-05-28,6.0,82.0,1025.1
67532,2009-05-29,9.0,80.0,1028.5
67533,2009-05-30,13.0,87.0,1032.1
67534,2009-05-31,9.0,94.0,1034.7
67535,2009-06-01,2.0,76.0,1031.1
67536,2009-06-02,2.0,86.0,1029.1
67537,2009-06-03,0.0,87.0,1022.8
67538,2009-06-04,28.0,73.0,1018.8
67539,2009-06-05,17.0,85.0,1017.9
67540,2009-06-06,28.0,84.0,1013.4
67541,2009-06-07,15.0,90.0,1005.5
67542,2009-06-08,26.0,73.0,1006.5
67543,2009-06-09,22.0,87.0,1006.9
67544,2009-06-10,26.0,88.0,1019.2
67545,2009-06-11,20.0,74.0,1025.6
67546,2009-06-12,31.0,71.0,1022.6
67547,2009-06-13,30.0,64.0,1013.6
67548,2009-06-14,28.0,68.0,1009.9
67549,2009-06-15,6.0,82.0,1014.3
67550,2009-06-16,7.0,88.0,1023.8
67551,2009-06-17,4.0,92.0,1029.3
67552,2009-06-18,2.0,92.0,1030.7
67553,2009-06-19,17.0,79.0,1029.7
67554,2009-06-20,17.0,61.0,1022.2
67555,2009-06-21,19.0,99.0,1019.3
67556,2009-06-22,28.0,82.0,1019.0
67557,2009-06-23,26.0,77.0,1017.5
67558,2009-06-24,20.0,75.0,1014.0
67559,2009-06-25,15.0,84.0,1013.7
67560,2009-06-26,31.0,81.0,1009.3
67561,2009-06-27,0.0,82.0,1008.3
67562,2009-06-28,15.0,89.0,1006.6
67563,2009-06-29,31.0,76.0,1006.4
67564,2009-06-30,50.0,61.0,999.0
67565,2009-07-01,35.0,67.0,998.7
67566,2009-07-02,20.0,68.0,1005.2
67567,2009-07-03,30.0,84.0,1009.2
67568,2009-07-04,20.0,83.0,1016.2
67569,2009-07-05,17.0,80.0,1021.8
67570,2009-07-06,24.0,76.0,1022.2
67571,2009-07-07,6.0,75.0,1026.5
67572,2009-07-08,11.0,79.0,1029.0
67573,2009-07-09,13.0,74.0,1030.3
67574,2009-07-10,20.0,72.0,1025.5
67575,2009-07-11,50.0,56.0,1012.9
67576,2009-07-12,28.0,77.0,1005.1
67577,2009-07-13,22.0,76.0,1003.8
67578,2009-07-14,24.0,76.0,1004.3
67579,2009-07-15,15.0,78.0,1010.3
67580,2009-07-16,9.0,72.0,1017.2
67581,2009-07-17,9.0,85.0,1022.7
67582,2009-07-18,28.0,72.0,1019.2
67583,2009-07-19,31.0,68.0,1016.6
67584,2009-07-20,48.0,48.0,1015.8
67585,2009-07-21,50.0,36.0,1012.9
67586,2009-07-22,33.0,56.0,1003.8
67587,2009-07-23,20.0,82.0,1017.8
67588,2009-07-24,22.0,77.0,1024.9
67589,2009-07-25,43.0,57.0,1022.9
67590,2009-07-26,33.0,66.0,1015.4
67591,2009-07-27,30.0,64.0,1015.8
67592,2009-07-28,20.0,72.0,1021.6
67593,2009-07-29,13.0,71.0,1024.0
67594,2009-07-30,20.0,73.0,1023.0
67595,2009-07-31,17.0,74.0,1020.8
67596,2009-08-01,17.0,64.0,1023.9
67597,2009-08-02,28.0,69.0,1024.4
67598,2009-08-03,20.0,65.0,1022.4
67599,2009-08-04,35.0,58.0,1017.7
67600,2009-08-05,28.0,75.0,1019.5
67601,2009-08-06,50.0,50.0,1014.1
67602,2009-08-07,35.0,65.0,1012.3
67603,2009-08-08,24.0,67.0,1024.8
67604,2009-08-09,37.0,54.0,1018.9
67605,2009-08-10,13.0,68.0,1017.7
67606,2009-08-11,7.0,80.0,1009.3
67607,2009-08-12,11.0,89.0,1011.6
67608,2009-08-13,17.0,81.0,1014.6
67609,2009-08-14,13.0,71.0,1019.9
67610,2009-08-15,61.0,58.0,1015.0
67611,2009-08-16,50.0,49.0,1001.0
67612,2009-08-17,28.0,58.0,1015.2
67613,2009-08-18,19.0,68.0,1027.3
67614,2009-08-19,31.0,59.0,1024.3
67615,2009-08-20,22.0,84.0,1018.0
67616,2009-08-21,39.0,61.0,994.5
67617,2009-08-22,24.0,62.0,1008.7
67618,2009-08-23,35.0,69.0,1007.1
67619,2009-08-24,43.0,77.0,999.5
67620,2009-08-25,24.0,55.0,1004.5
67621,2009-08-26,39.0,65.0,1009.5
67622,2009-08-27,31.0,62.0,1012.1
67623,2009-08-28,31.0,66.0,1012.7
67624,2009-08-29,43.0,70.0,997.7
67625,2009-08-30,28.0,57.0,1011.8
67626,2009-08-31,30.0,62.0,1014.2
67627,2009-09-01,15.0,49.0,1021.8
67628,2009-09-02,41.0,53.0,1021.4
67629,2009-09-03,43.0,31.0,1010.6
67630,2009-09-04,26.0,59.0,1010.9
67631,2009-09-05,28.0,65.0,1016.1
67632,2009-09-06,31.0,53.0,1013.7
67633,2009-09-07,19.0,70.0,1003.8
67634,2009-09-08,28.0,82.0,1011.9
67635,2009-09-09,28.0,71.0,1014.5
67636,2009-09-10,19.0,57.0,1018.0
67637,2009-09-11,57.0,53.0,1016.5
67638,2009-09-12,43.0,,1012.9
67639,2009-09-13,2.0,70.0,1012.8
67640,2009-09-14,17.0,55.0,1023.0
67641,2009-09-15,19.0,50.0,1020.9
67642,2009-09-16,33.0,38.0,1020.5
67643,2009-09-17,31.0,36.0,1008.8
67644,2009-09-18,9.0,57.0,1023.1
67645,2009-09-19,48.0,33.0,1013.9
67646,2009-09-20,13.0,65.0,1015.2
67647,2009-09-21,4.0,60.0,1014.2
67648,2009-09-22,13.0,68.0,997.0
67649,2009-09-23,33.0,62.0,1001.3
67650,2009-09-24,30.0,68.0,1010.7
67651,2009-09-25,41.0,60.0,1002.6
67652,2009-09-26,30.0,61.0,1002.0
67653,2009-09-27,44.0,64.0,1009.1
67654,2009-09-28,24.0,87.0,1014.6
67655,2009-09-29,4.0,53.0,1015.4
67656,2009-09-30,63.0,39.0,1011.6
67657,2009-10-01,13.0,72.0,1010.2
67658,2009-10-02,28.0,55.0,1013.7
67659,2009-10-03,26.0,82.0,1017.2
67660,2009-10-04,6.0,73.0,1020.5
67661,2009-10-05,20.0,59.0,1022.2
67662,2009-10-06,22.0,76.0,1023.5
67663,2009-10-07,17.0,52.0,1024.0
67664,2009-10-08,11.0,57.0,1027.4
67665,2009-10-09,7.0,63.0,1030.3
67666,2009-10-10,9.0,72.0,1030.1
67667,2009-10-11,28.0,64.0,1021.4
67668,2009-10-12,31.0,48.0,1001.1
67669,2009-10-13,43.0,62.0,995.4
67670,2009-10-14,24.0,70.0,999.9
67671,2009-10-15,17.0,72.0,1005.2
67672,2009-10-16,20.0,78.0,1015.9
67673,2009-10-17,20.0,74.0,1024.8
67674,2009-10-18,15.0,65.0,1028.2
67675,2009-10-19,6.0,61.0,1027.3
67676,2009-10-20,46.0,34.0,1017.6
67677,2009-10-21,19.0,80.0,1021.6
67678,2009-10-22,24.0,60.0,1023.6
67679,2009-10-23,17.0,64.0,1022.5
67680,2009-10-24,6.0,64.0,1020.6
67681,2009-10-25,31.0,51.0,1021.0
67682,2009-10-26,31.0,55.0,1027.4
67683,2009-10-27,9.0,66.0,1027.6
67684,2009-10-28,7.0,71.0,1026.8
67685,2009-10-29,7.0,68.0,1022.4
67686,2009-10-30,24.0,64.0,1019.2
67687,2009-10-31,28.0,51.0,1019.7
67688,2009-11-01,11.0,94.0,1021.3
67689,2009-11-02,9.0,65.0,1021.4
67690,2009-11-03,9.0,54.0,1009.7
67691,2009-11-04,20.0,62.0,1019.5
67692,2009-11-05,22.0,49.0,1024.5
67693,2009-11-06,9.0,64.0,1026.7
67694,2009-11-07,43.0,57.0,1026.6
67695,2009-11-08,39.0,37.0,1027.6
67696,2009-11-09,28.0,46.0,1023.7
67697,2009-11-10,13.0,48.0,1019.8
67698,2009-11-11,11.0,50.0,1020.2
67699,2009-11-12,0.0,50.0,1018.5
67700,2009-11-13,9.0,68.0,1020.9
67701,2009-11-14,35.0,48.0,1012.9
67702,2009-11-15,11.0,64.0,1013.5
67703,2009-11-16,31.0,62.0,1008.7
67704,2009-11-17,20.0,52.0,1011.4
67705,2009-11-18,13.0,64.0,1009.1
67706,2009-11-19,33.0,23.0,1004.6
67707,2009-11-20,20.0,30.0,1004.4
67708,2009-11-21,9.0,78.0,1009.2
67709,2009-11-22,15.0,93.0,998.1
67710,2009-11-23,13.0,51.0,1024.1
67711,2009-11-24,2.0,63.0,1026.6
67712,2009-11-25,7.0,48.0,1021.7
67713,2009-11-26,11.0,90.0,1012.7
67714,2009-11-27,26.0,69.0,1007.4
67715,2009-11-28,28.0,50.0,1003.4
67716,2009-11-29,13.0,72.0,1001.7
67717,2009-11-30,28.0,63.0,1014.9
67718,2009-12-01,31.0,54.0,1022.0
67719,2009-12-02,11.0,62.0,1021.3
67720,2009-12-03,41.0,25.0,1014.8
67721,2009-12-04,13.0,52.0,1020.4
67722,2009-12-05,20.0,64.0,1016.7
67723,2009-12-06,11.0,64.0,1017.7
67724,2009-12-07,11.0,64.0,1012.9
67725,2009-12-08,35.0,93.0,1008.6
67726,2009-12-09,13.0,51.0,1011.7
67727,2009-12-10,20.0,39.0,1007.3
67728,2009-12-11,31.0,54.0,1017.1
67729,2009-12-12,30.0,63.0,1019.1
67730,2009-12-13,28.0,64.0,1020.2
67731,2009-12-14,15.0,51.0,1022.5
67732,2009-12-15,6.0,66.0,1020.7
67733,2009-12-16,37.0,27.0,1013.1
67734,2009-12-17,15.0,62.0,1008.9
67735,2009-12-18,17.0,58.0,1018.8
67736,2009-12-19,19.0,54.0,1019.1
67737,2009-12-20,11.0,50.0,1020.3
67738,2009-12-21,4.0,62.0,1014.2
67739,2009-12-22,7.0,67.0,1013.2
67740,2009-12-23,7.0,62.0,1010.2
67741,2009-12-24,6.0,49.0,1003.1
67742,2009-12-25,17.0,56.0,1015.9
67743,2009-12-26,22.0,51.0,1019.1
67744,2009-12-27,6.0,70.0,1018.6
67745,2009-12-28,13.0,76.0,1018.6
67746,2009-12-29,13.0,66.0,1023.5
67747,2009-12-30,9.0,68.0,1021.6
67748,2009-12-31,41.0,43.0,1012.6
67749,2010-01-01,11.0,91.0,1010.8
67750,2010-01-02,22.0,76.0,1011.2
67751,2010-01-03,24.0,57.0,1019.3
67752,2010-01-04,9.0,57.0,1018.7
67753,2010-01-05,6.0,71.0,1013.9
67754,2010-01-06,15.0,68.0,1018.2
67755,2010-01-07,17.0,51.0,1018.9
67756,2010-01-08,9.0,58.0,1017.0
67757,2010-01-09,35.0,28.0,1013.4
67758,2010-01-10,6.0,63.0,1017.5
67759,2010-01-11,35.0,63.0,1011.7
67760,2010-01-12,20.0,39.0,1004.4
67761,2010-01-13,15.0,52.0,1015.6
67762,2010-01-14,19.0,44.0,1019.6
67763,2010-01-15,11.0,61.0,1017.5
67764,2010-01-16,9.0,81.0,1008.3
67765,2010-01-17,24.0,51.0,1009.6
67766,2010-01-18,43.0,85.0,1009.8
67767,2010-01-19,20.0,55.0,1014.1
67768,2010-01-20,13.0,62.0,1011.4
67769,2010-01-21,6.0,61.0,1011.8
67770,2010-01-22,41.0,50.0,1005.2
67771,2010-01-23,17.0,60.0,1013.0
67772,2010-01-24,9.0,59.0,1016.2
67773,2010-01-25,13.0,62.0,1014.8
67774,2010-01-26,11.0,69.0,1011.5
67775,2010-01-27,22.0,58.0,1016.4
67776,2010-01-28,15.0,70.0,1010.5
67777,2010-01-29,24.0,70.0,1014.8
67778,2010-01-30,9.0,65.0,1016.0
67779,2010-01-31,61.0,38.0,1009.6
67780,2010-02-01,15.0,58.0,1019.0
67781,2010-02-02,11.0,61.0,1015.6
67782,2010-02-03,19.0,36.0,1013.9
67783,2010-02-04,22.0,35.0,1008.9
67784,2010-02-05,19.0,95.0,1014.6
67785,2010-02-06,22.0,57.0,1021.4
67786,2010-02-07,0.0,67.0,1022.1
67787,2010-02-08,9.0,66.0,1020.9
67788,2010-02-09,39.0,58.0,1019.5
67789,2010-02-10,7.0,71.0,1018.5
67790,2010-02-11,9.0,67.0,1014.4
67791,2010-02-12,20.0,79.0,1011.1
67792,2010-02-13,11.0,83.0,1011.9
67793,2010-02-14,15.0,85.0,1008.9
67794,2010-02-15,28.0,72.0,1013.2
67795,2010-02-16,26.0,67.0,1017.5
67796,2010-02-17,13.0,72.0,1017.4
67797,2010-02-18,20.0,62.0,1023.6
67798,2010-02-19,50.0,40.0,1022.0
67799,2010-02-20,43.0,38.0,1015.2
67800,2010-02-21,13.0,67.0,1011.1
67801,2010-02-22,13.0,73.0,1012.2
67802,2010-02-23,24.0,58.0,1021.0
67803,2010-02-24,9.0,63.0,1023.2
67804,2010-02-25,6.0,62.0,1026.4
67805,2010-02-26,41.0,46.0,1022.4
67806,2010-02-27,24.0,78.0,1017.4
67807,2010-02-28,19.0,60.0,1021.8
67808,2010-03-01,33.0,45.0,1024.3
67809,2010-03-02,11.0,57.0,1022.6
67810,2010-03-03,9.0,69.0,1019.9
67811,2010-03-04,22.0,55.0,1012.7
67812,2010-03-05,11.0,61.0,1006.6
67813,2010-03-06,6.0,73.0,1009.6
67814,2010-03-07,19.0,92.0,1013.8
67815,2010-03-08,20.0,89.0,1006.3
67816,2010-03-09,30.0,62.0,1013.4
67817,2010-03-10,17.0,57.0,1026.5
67818,2010-03-11,11.0,64.0,1034.1
67819,2010-03-12,9.0,72.0,1037.2
67820,2010-03-13,9.0,70.0,1035.2
67821,2010-03-14,22.0,66.0,1029.5
67822,2010-03-15,24.0,58.0,1024.2
67823,2010-03-16,31.0,47.0,1021.6
67824,2010-03-17,41.0,36.0,1022.2
67825,2010-03-18,17.0,60.0,1023.1
67826,2010-03-19,9.0,53.0,1016.5
67827,2010-03-20,9.0,63.0,1020.7
67828,2010-03-21,11.0,54.0,1019.6
67829,2010-03-22,17.0,64.0,1023.4
67830,2010-03-23,17.0,61.0,1023.7
67831,2010-03-24,13.0,75.0,1024.8
67832,2010-03-25,13.0,90.0,1020.3
67833,2010-03-26,31.0,42.0,1016.6
67834,2010-03-27,15.0,,1021.4
67835,2010-03-28,31.0,56.0,1012.2
67836,2010-03-29,11.0,89.0,1013.5
67837,2010-03-30,11.0,78.0,1022.8
67838,2010-03-31,7.0,78.0,1023.0
67839,2010-04-01,11.0,79.0,1020.8
67840,2010-04-02,22.0,75.0,1022.0
67841,2010-04-03,9.0,72.0,1022.8
67842,2010-04-04,4.0,67.0,1022.0
67843,2010-04-05,24.0,62.0,1018.1
67844,2010-04-06,26.0,42.0,1014.8
67845,2010-04-07,20.0,84.0,1010.2
67846,2010-04-08,20.0,69.0,1016.4
67847,2010-04-09,9.0,82.0,1015.2
67848,2010-04-10,24.0,77.0,1009.1
67849,2010-04-11,37.0,54.0,1007.0
67850,2010-04-12,35.0,67.0,1017.7
67851,2010-04-13,20.0,57.0,1025.8
67852,2010-04-14,15.0,68.0,1024.6
67853,2010-04-15,15.0,68.0,1024.8
67854,2010-04-16,7.0,74.0,1026.1
67855,2010-04-17,20.0,64.0,1025.7
67856,2010-04-18,24.0,58.0,1025.0
67857,2010-04-19,17.0,66.0,1023.8
67858,2010-04-20,37.0,59.0,1020.9
67859,2010-04-21,7.0,81.0,1021.7
67860,2010-04-22,28.0,58.0,1020.1
67861,2010-04-23,24.0,44.0,1014.5
67862,2010-04-24,20.0,73.0,1007.9
67863,2010-04-25,22.0,70.0,1017.4
67864,2010-04-26,19.0,72.0,1025.3
67865,2010-04-27,30.0,62.0,1018.0
67866,2010-04-28,26.0,60.0,1018.8
67867,2010-04-29,13.0,71.0,1020.8
67868,2010-04-30,13.0,85.0,1028.0
67869,2010-05-01,30.0,75.0,1024.5
67870,2010-05-02,24.0,58.0,1023.7
67871,2010-05-03,11.0,78.0,1025.4
67872,2010-05-04,56.0,43.0,1011.4
67873,2010-05-05,28.0,64.0,1015.3
67874,2010-05-06,13.0,89.0,1020.1
67875,2010-05-07,24.0,73.0,1020.8
67876,2010-05-08,0.0,75.0,1023.1
67877,2010-05-09,26.0,69.0,1020.6
67878,2010-05-10,31.0,60.0,1016.9
67879,2010-05-11,17.0,74.0,1013.2
67880,2010-05-12,22.0,74.0,1023.5
67881,2010-05-13,20.0,86.0,1025.1
67882,2010-05-14,9.0,82.0,1022.4
67883,2010-05-15,4.0,70.0,1020.4
67884,2010-05-16,13.0,88.0,1021.4
67885,2010-05-17,7.0,87.0,1021.3
67886,2010-05-18,11.0,84.0,1021.6
67887,2010-05-19,13.0,80.0,1023.9
67888,2010-05-20,2.0,71.0,1023.3
67889,2010-05-21,7.0,77.0,1023.6
67890,2010-05-22,6.0,77.0,1024.2
67891,2010-05-23,13.0,79.0,1022.8
67892,2010-05-24,13.0,54.0,1015.3
67893,2010-05-25,11.0,85.0,1008.2
67894,2010-05-26,0.0,83.0,1011.0
67895,2010-05-27,17.0,84.0,1017.7
67896,2010-05-28,24.0,76.0,1016.2
67897,2010-05-29,0.0,92.0,1005.7
67898,2010-05-30,26.0,85.0,1010.9
67899,2010-05-31,22.0,74.0,1018.5
67900,2010-06-01,17.0,83.0,1019.5
67901,2010-06-02,4.0,79.0,1022.3
67902,2010-06-03,9.0,95.0,1027.3
67903,2010-06-04,7.0,89.0,1024.4
67904,2010-06-05,9.0,88.0,1019.5
67905,2010-06-06,11.0,93.0,1023.1
67906,2010-06-07,17.0,92.0,1027.1
67907,2010-06-08,22.0,68.0,1021.8
67908,2010-06-09,22.0,89.0,1009.9
67909,2010-06-10,22.0,74.0,1021.7
67910,2010-06-11,13.0,83.0,1021.6
67911,2010-06-12,15.0,84.0,1026.7
67912,2010-06-13,7.0,75.0,1032.1
67913,2010-06-14,13.0,69.0,1034.4
67914,2010-06-15,20.0,76.0,1030.7
67915,2010-06-16,37.0,83.0,1022.5
67916,2010-06-17,26.0,60.0,1004.2
67917,2010-06-18,26.0,76.0,1015.9
67918,2010-06-19,20.0,75.0,1018.0
67919,2010-06-20,20.0,89.0,1025.3
67920,2010-06-21,17.0,99.0,1034.9
67921,2010-06-22,11.0,86.0,1037.9
67922,2010-06-23,9.0,76.0,1035.4
67923,2010-06-24,28.0,66.0,1026.1
67924,2010-06-25,39.0,80.0,1016.6
67925,2010-06-26,20.0,79.0,1022.9
67926,2010-06-27,15.0,86.0,1025.3
67927,2010-06-28,26.0,72.0,1019.2
67928,2010-06-29,35.0,65.0,1015.9
67929,2010-06-30,28.0,80.0,1016.9
67930,2010-07-01,20.0,80.0,1023.0
67931,2010-07-02,24.0,74.0,1025.0
67932,2010-07-03,19.0,76.0,1030.3
67933,2010-07-04,11.0,78.0,1031.8
67934,2010-07-05,11.0,88.0,1027.0
67935,2010-07-06,13.0,76.0,1022.8
67936,2010-07-07,9.0,77.0,1026.9
67937,2010-07-08,0.0,86.0,1029.3
67938,2010-07-09,20.0,85.0,1029.7
67939,2010-07-10,37.0,51.0,1018.7
67940,2010-07-11,17.0,75.0,1016.7
67941,2010-07-12,20.0,79.0,1022.2
67942,2010-07-13,22.0,63.0,1011.5
67943,2010-07-14,26.0,62.0,1003.4
67944,2010-07-15,20.0,75.0,1020.2
67945,2010-07-16,9.0,61.0,1027.8
67946,2010-07-17,13.0,74.0,1027.1
67947,2010-07-18,41.0,71.0,1018.3
67948,2010-07-19,11.0,82.0,1019.6
67949,2010-07-20,24.0,73.0,1023.8
67950,2010-07-21,4.0,88.0,1029.7
67951,2010-07-22,13.0,83.0,1032.6
67952,2010-07-23,7.0,74.0,1035.6
67953,2010-07-24,9.0,75.0,1032.4
67954,2010-07-25,2.0,85.0,1032.0
67955,2010-07-26,9.0,82.0,1036.2
67956,2010-07-27,11.0,78.0,1036.1
67957,2010-07-28,4.0,87.0,1027.2
67958,2010-07-29,13.0,83.0,1016.5
67959,2010-07-30,33.0,81.0,1011.9
67960,2010-07-31,20.0,73.0,1011.6
67961,2010-08-01,20.0,87.0,1012.6
67962,2010-08-02,24.0,72.0,1023.5
67963,2010-08-03,17.0,76.0,1025.8
67964,2010-08-04,15.0,68.0,1016.1
67965,2010-08-05,22.0,73.0,1019.0
67966,2010-08-06,9.0,86.0,1025.0
67967,2010-08-07,19.0,86.0,1026.0
67968,2010-08-08,39.0,64.0,1019.6
67969,2010-08-09,13.0,65.0,1021.5
67970,2010-08-10,6.0,90.0,1016.1
67971,2010-08-11,22.0,79.0,1003.3
67972,2010-08-12,30.0,74.0,1010.2
67973,2010-08-13,9.0,86.0,1016.9
67974,2010-08-14,57.0,55.0,1007.4
67975,2010-08-15,35.0,78.0,999.9
67976,2010-08-16,33.0,71.0,1011.5
67977,2010-08-17,15.0,68.0,1023.0
67978,2010-08-18,30.0,53.0,1010.8
67979,2010-08-19,22.0,58.0,1003.3
67980,2010-08-20,28.0,55.0,1011.2
67981,2010-08-21,24.0,64.0,1015.6
67982,2010-08-22,28.0,71.0,1020.9
67983,2010-08-23,28.0,59.0,1014.4
67984,2010-08-24,20.0,57.0,1009.6
67985,2010-08-25,31.0,62.0,1005.4
67986,2010-08-26,22.0,61.0,999.3
67987,2010-08-27,24.0,64.0,1009.6
67988,2010-08-28,15.0,82.0,1024.3
67989,2010-08-29,7.0,79.0,1029.8
67990,2010-08-30,20.0,69.0,1027.7
67991,2010-08-31,33.0,56.0,1021.7
67992,2010-09-01,13.0,90.0,1014.1
67993,2010-09-02,17.0,62.0,1020.2
67994,2010-09-03,7.0,73.0,1021.9
67995,2010-09-04,37.0,87.0,997.3
67996,2010-09-05,35.0,65.0,1008.9
67997,2010-09-06,20.0,56.0,1018.8
67998,2010-09-07,11.0,87.0,1027.3
67999,2010-09-08,19.0,68.0,1025.3
68000,2010-09-09,52.0,63.0,1011.5
68001,2010-09-10,26.0,74.0,1002.1
68002,2010-09-11,19.0,55.0,1017.9
68003,2010-09-12,26.0,55.0,1019.8
68004,2010-09-13,13.0,55.0,1015.1
68005,2010-09-14,13.0,54.0,1017.1
68006,2010-09-15,31.0,56.0,1014.3
68007,2010-09-16,31.0,59.0,1018.1
68008,2010-09-17,24.0,55.0,1024.7
68009,2010-09-18,17.0,77.0,1021.3
68010,2010-09-19,20.0,73.0,1024.6
68011,2010-09-20,19.0,78.0,1027.7
68012,2010-09-21,24.0,84.0,1028.9
68013,2010-09-22,13.0,64.0,1028.2
68014,2010-09-23,22.0,61.0,1027.1
68015,2010-09-24,9.0,62.0,1024.1
68016,2010-09-25,22.0,60.0,1014.8
68017,2010-09-26,9.0,68.0,1020.4
68018,2010-09-27,20.0,56.0,1010.7
68019,2010-09-28,28.0,47.0,1014.8
68020,2010-09-29,20.0,63.0,1023.4
68021,2010-09-30,15.0,56.0,1026.4
68022,2010-10-01,11.0,52.0,1027.7
68023,2010-10-02,2.0,62.0,1028.7
68024,2010-10-03,9.0,63.0,1027.8
68025,2010-10-04,41.0,54.0,1021.8
68026,2010-10-05,13.0,67.0,1023.2
68027,2010-10-06,43.0,73.0,1016.4
68028,2010-10-07,26.0,59.0,1022.8
68029,2010-10-08,20.0,73.0,1026.1
68030,2010-10-09,9.0,69.0,1027.0
68031,2010-10-10,9.0,80.0,1029.7
68032,2010-10-11,35.0,38.0,1028.8
68033,2010-10-12,52.0,55.0,1023.0
68034,2010-10-13,13.0,91.0,1017.4
68035,2010-10-14,9.0,76.0,1012.0
68036,2010-10-15,28.0,92.0,993.4
68037,2010-10-16,31.0,77.0,1006.0
68038,2010-10-17,20.0,71.0,1015.2
68039,2010-10-18,20.0,60.0,1020.1
68040,2010-10-19,9.0,63.0,1028.2
68041,2010-10-20,2.0,63.0,1029.3
68042,2010-10-21,20.0,68.0,1023.6
68043,2010-10-22,30.0,49.0,1017.1
68044,2010-10-23,26.0,92.0,1017.9
68045,2010-10-24,13.0,46.0,1023.9
68046,2010-10-25,7.0,57.0,1022.7
68047,2010-10-26,31.0,40.0,1015.1
68048,2010-10-27,17.0,45.0,1020.1
68049,2010-10-28,11.0,57.0,1020.0
68050,2010-10-29,33.0,52.0,1013.3
68051,2010-10-30,17.0,82.0,1006.2
68052,2010-10-31,24.0,94.0,1007.7
68053,2010-11-01,19.0,63.0,1019.4
68054,2010-11-02,15.0,78.0,1018.4
68055,2010-11-03,17.0,68.0,1021.8
68056,2010-11-04,15.0,52.0,1024.6
68057,2010-11-05,9.0,55.0,1025.1
68058,2010-11-06,19.0,57.0,1022.4
68059,2010-11-07,54.0,50.0,1013.6
68060,2010-11-08,9.0,55.0,1013.1
68061,2010-11-09,7.0,54.0,1023.7
68062,2010-11-10,26.0,49.0,1015.8
68063,2010-11-11,7.0,74.0,1013.3
68064,2010-11-12,43.0,44.0,1006.2
68065,2010-11-13,19.0,96.0,1015.0
68066,2010-11-14,13.0,78.0,1014.1
68067,2010-11-15,15.0,73.0,1016.2
68068,2010-11-16,13.0,63.0,1017.2
68069,2010-11-17,15.0,54.0,1017.8
68070,2010-11-18,15.0,58.0,1015.3
68071,2010-11-19,28.0,45.0,1025.6
68072,2010-11-20,6.0,66.0,1026.2
68073,2010-11-21,13.0,75.0,1024.2
68074,2010-11-22,19.0,68.0,1020.5
68075,2010-11-23,46.0,33.0,1019.3
68076,2010-11-24,28.0,49.0,1017.8
68077,2010-11-25,20.0,89.0,1016.0
68078,2010-11-26,7.0,80.0,1017.1
68079,2010-11-27,22.0,85.0,1009.5
68080,2010-11-28,28.0,88.0,1013.0
68081,2010-11-29,24.0,68.0,1018.2
68082,2010-11-30,9.0,65.0,1017.8
68083,2010-12-01,11.0,76.0,1015.7
68084,2010-12-02,20.0,84.0,1015.0
68085,2010-12-03,35.0,59.0,1012.5
68086,2010-12-04,44.0,62.0,1010.0
68087,2010-12-05,7.0,84.0,1013.1
68088,2010-12-06,6.0,67.0,1012.0
68089,2010-12-07,35.0,52.0,1007.3
68090,2010-12-08,37.0,67.0,1003.4
68091,2010-12-09,11.0,60.0,1010.2
68092,2010-12-10,19.0,44.0,1011.2
68093,2010-12-11,28.0,55.0,1005.9
68094,2010-12-12,31.0,49.0,1005.0
68095,2010-12-13,13.0,51.0,1015.4
68096,2010-12-14,7.0,55.0,1015.5
68097,2010-12-15,50.0,44.0,1002.5
68098,2010-12-16,20.0,53.0,1008.8
68099,2010-12-17,20.0,49.0,1003.1
68100,2010-12-18,28.0,86.0,1001.7
68101,2010-12-19,24.0,49.0,996.5
68102,2010-12-20,37.0,61.0,1003.9
68103,2010-12-21,24.0,65.0,1010.3
68104,2010-12-22,6.0,58.0,1019.4
68105,2010-12-23,17.0,56.0,1022.1
68106,2010-12-24,17.0,58.0,1025.5
68107,2010-12-25,2.0,76.0,1012.9
68108,2010-12-26,17.0,59.0,1009.1
68109,2010-12-27,22.0,61.0,1011.9
68110,2010-12-28,11.0,53.0,1018.8
68111,2010-12-29,26.0,31.0,1013.1
68112,2010-12-30,11.0,63.0,1017.8
68113,2010-12-31,28.0,58.0,1010.1
68114,2011-01-01,17.0,68.0,1012.3
68115,2011-01-02,19.0,60.0,1016.3
68116,2011-01-03,26.0,47.0,1017.9
68117,2011-01-04,17.0,60.0,1013.9
68118,2011-01-05,20.0,66.0,1009.7
68119,2011-01-06,9.0,71.0,1010.5
68120,2011-01-07,46.0,47.0,1009.0
68121,2011-01-08,44.0,52.0,1009.0
68122,2011-01-09,20.0,71.0,1018.8
68123,2011-01-10,9.0,88.0,1015.7
68124,2011-01-11,9.0,87.0,1011.2
68125,2011-01-12,20.0,88.0,1004.0
68126,2011-01-13,24.0,75.0,1007.8
68127,2011-01-14,24.0,87.0,1001.4
68128,2011-01-15,9.0,73.0,1009.3
68129,2011-01-16,6.0,79.0,1009.6
68130,2011-01-17,20.0,58.0,1008.3
68131,2011-01-18,20.0,99.0,1011.0
68132,2011-01-19,17.0,60.0,1012.5
68133,2011-01-20,7.0,70.0,1012.5
68134,2011-01-21,33.0,44.0,1008.9
68135,2011-01-22,11.0,77.0,1015.2
68136,2011-01-23,9.0,80.0,1009.9
68137,2011-01-24,11.0,86.0,1004.9
68138,2011-01-25,2.0,55.0,1008.8
68139,2011-01-26,15.0,89.0,1014.1
68140,2011-01-27,6.0,69.0,1017.1
68141,2011-01-28,13.0,52.0,1022.4
68142,2011-01-29,9.0,65.0,1019.8
68143,2011-01-30,39.0,40.0,1015.4
68144,2011-01-31,9.0,67.0,1012.8
68145,2011-02-01,26.0,32.0,1003.2
68146,2011-02-02,6.0,66.0,1011.7
68147,2011-02-03,15.0,89.0,1014.8
68148,2011-02-04,31.0,85.0,1010.1
68149,2011-02-05,11.0,96.0,1006.1
68150,2011-02-06,28.0,53.0,1020.3
68151,2011-02-07,9.0,57.0,1026.0
68152,2011-02-08,24.0,61.0,1023.0
68153,2011-02-09,9.0,69.0,1023.4
68154,2011-02-10,28.0,72.0,1016.8
68155,2011-02-11,15.0,83.0,1010.2
68156,2011-02-12,28.0,58.0,1020.5
68157,2011-02-13,4.0,70.0,1023.0
68158,2011-02-14,13.0,68.0,1024.5
68159,2011-02-15,19.0,72.0,1021.7
68160,2011-02-16,24.0,64.0,1017.0
68161,2011-02-17,6.0,85.0,1013.2
68162,2011-02-18,7.0,73.0,1014.6
68163,2011-02-19,24.0,70.0,999.0
68164,2011-02-20,17.0,54.0,1009.2
68165,2011-02-21,28.0,59.0,1018.0
68166,2011-02-22,13.0,58.0,1025.7
68167,2011-02-23,11.0,65.0,1026.5
68168,2011-02-24,9.0,74.0,1019.9
68169,2011-02-25,7.0,73.0,1016.1
68170,2011-02-26,7.0,72.0,1009.8
68171,2011-02-27,15.0,95.0,1009.6
68172,2011-02-28,9.0,76.0,1009.5
68173,2011-03-01,17.0,67.0,1009.2
68174,2011-03-02,9.0,60.0,1018.2
68175,2011-03-03,22.0,62.0,1013.4
68176,2011-03-04,28.0,62.0,1015.6
68177,2011-03-05,22.0,48.0,1023.7
68178,2011-03-06,28.0,68.0,1025.3
68179,2011-03-07,48.0,51.0,1020.7
68180,2011-03-08,44.0,47.0,1012.7
68181,2011-03-09,7.0,80.0,1012.6
68182,2011-03-10,19.0,91.0,1015.4
68183,2011-03-11,2.0,78.0,1017.1
68184,2011-03-12,11.0,77.0,1017.1
68185,2011-03-13,33.0,69.0,1016.5
68186,2011-03-14,22.0,58.0,1025.8
68187,2011-03-15,6.0,73.0,1020.5
68188,2011-03-16,11.0,55.0,1022.0
68189,2011-03-17,17.0,52.0,1023.2
68190,2011-03-18,15.0,58.0,1019.4
68191,2011-03-19,9.0,71.0,1016.2
68192,2011-03-20,7.0,82.0,1011.7
68193,2011-03-21,4.0,70.0,1005.8
68194,2011-03-22,7.0,86.0,1002.4
68195,2011-03-23,13.0,75.0,1003.9
68196,2011-03-24,19.0,81.0,1003.3
68197,2011-03-25,26.0,74.0,1014.9
68198,2011-03-26,17.0,60.0,1024.4
68199,2011-03-27,6.0,78.0,1027.0
68200,2011-03-28,11.0,74.0,1028.0
68201,2011-03-29,19.0,82.0,1022.6
68202,2011-03-30,13.0,80.0,1017.7
68203,2011-03-31,13.0,51.0,1027.3
68204,2011-05-01,9.0,76.0,1018.7
68205,2011-05-02,9.0,88.0,1018.5
68206,2011-05-03,11.0,75.0,1019.2
68207,2011-05-04,13.0,75.0,1021.2
68208,2011-05-05,13.0,53.0,1026.8
68209,2011-05-06,13.0,64.0,1025.4
68210,2011-05-07,15.0,79.0,1019.5
68211,2011-05-08,9.0,76.0,1015.8
68212,2011-05-09,9.0,64.0,1022.0
68213,2011-05-10,11.0,77.0,1020.3
68214,2011-05-11,28.0,71.0,1010.5
68215,2011-05-12,24.0,95.0,1012.3
68216,2011-05-13,20.0,77.0,1012.5
68217,2011-05-14,24.0,87.0,1022.9
68218,2011-05-15,19.0,75.0,1031.2
68219,2011-05-16,17.0,59.0,1032.2
68220,2011-05-17,9.0,75.0,1031.6
68221,2011-05-18,20.0,72.0,1030.2
68222,2011-05-19,37.0,58.0,1028.2
68223,2011-05-20,28.0,58.0,1026.8
68224,2011-05-21,43.0,55.0,1021.0
68225,2011-05-22,30.0,60.0,1010.6
68226,2011-05-23,13.0,88.0,1001.2
68227,2011-05-24,35.0,73.0,1010.2
68228,2011-05-25,13.0,71.0,1020.4
68229,2011-05-26,19.0,70.0,1020.8
68230,2011-05-27,17.0,77.0,1021.3
68231,2011-05-28,0.0,90.0,1025.0
68232,2011-05-29,0.0,89.0,1026.7
68233,2011-05-30,9.0,83.0,1028.2
68234,2011-05-31,9.0,86.0,1025.7
68235,2011-06-01,6.0,80.0,1028.1
68236,2011-06-02,22.0,71.0,1026.1
68237,2011-06-03,39.0,63.0,1016.4
68238,2011-06-04,17.0,70.0,1014.7
68239,2011-06-05,20.0,59.0,1014.8
68240,2011-06-06,19.0,69.0,1019.0
68241,2011-06-07,35.0,61.0,1014.0
68242,2011-06-08,31.0,77.0,1019.2
68243,2011-06-09,17.0,72.0,1020.8
68244,2011-06-10,17.0,77.0,1023.6
68245,2011-06-11,9.0,75.0,1030.0
68246,2011-06-12,7.0,97.0,1031.3
68247,2011-06-13,9.0,93.0,1029.8
68248,2011-06-14,9.0,80.0,1029.0
68249,2011-06-15,11.0,83.0,1028.9
68250,2011-06-16,24.0,78.0,1021.3
68251,2011-06-17,30.0,80.0,1008.5
68252,2011-06-18,17.0,83.0,1013.5
68253,2011-06-19,20.0,78.0,1013.4
68254,2011-06-20,24.0,75.0,1008.8
68255,2011-06-21,31.0,63.0,999.7
68256,2011-06-22,24.0,70.0,1010.7
68257,2011-06-23,20.0,83.0,1019.0
68258,2011-06-24,24.0,73.0,1025.7
68259,2011-06-25,24.0,82.0,1028.8
68260,2011-06-26,44.0,79.0,1023.4
68261,2011-06-27,11.0,78.0,1029.7
68262,2011-06-28,2.0,86.0,1035.7
68263,2011-06-29,11.0,82.0,1036.5
68264,2011-06-30,28.0,63.0,1036.6
68265,2011-07-01,33.0,69.0,1030.5
68266,2011-07-02,35.0,64.0,1021.9
68267,2011-07-03,37.0,53.0,1013.2
68268,2011-07-04,28.0,66.0,1007.1
68269,2011-07-05,41.0,61.0,1004.7
68270,2011-07-06,24.0,65.0,1005.5
68271,2011-07-07,26.0,75.0,1015.3
68272,2011-07-08,15.0,62.0,1023.7
68273,2011-07-09,15.0,67.0,1020.2
68274,2011-07-10,26.0,55.0,1011.0
68275,2011-07-11,28.0,76.0,1022.3
68276,2011-07-12,20.0,64.0,1022.8
68277,2011-07-13,15.0,82.0,1019.3
68278,2011-07-14,17.0,90.0,1029.9
68279,2011-07-15,13.0,95.0,1036.7
68280,2011-07-16,6.0,80.0,1030.0
68281,2011-07-17,30.0,75.0,1020.3
68282,2011-07-18,11.0,78.0,1017.4
68283,2011-07-19,19.0,85.0,1022.6
68284,2011-07-20,30.0,75.0,1027.6
68285,2011-07-21,17.0,79.0,1026.3
68286,2011-07-22,13.0,80.0,1025.2
68287,2011-07-23,17.0,90.0,1024.4
68288,2011-07-24,28.0,90.0,1018.1
68289,2011-07-25,11.0,91.0,1015.7
68290,2011-07-26,19.0,84.0,1023.0
68291,2011-07-27,17.0,87.0,1029.0
68292,2011-07-28,44.0,70.0,1026.8
68293,2011-07-29,44.0,63.0,1024.8
68294,2011-07-30,43.0,44.0,1019.1
68295,2011-07-31,30.0,65.0,1017.9
68296,2011-08-01,50.0,64.0,1017.0
68297,2011-08-02,41.0,49.0,1017.0
68298,2011-08-03,30.0,54.0,1017.6
68299,2011-08-04,24.0,31.0,1016.5
68300,2011-08-05,13.0,43.0,1018.2
68301,2011-08-06,13.0,79.0,1017.2
68302,2011-08-07,17.0,84.0,1014.5
68303,2011-08-08,6.0,79.0,1011.8
68304,2011-08-09,13.0,84.0,1009.4
68305,2011-08-10,9.0,82.0,1008.6
68306,2011-08-11,26.0,73.0,1017.0
68307,2011-08-12,6.0,95.0,1021.5
68308,2011-08-13,11.0,81.0,1024.2
68309,2011-08-14,13.0,80.0,1026.7
68310,2011-08-15,15.0,79.0,1022.5
68311,2011-08-16,31.0,67.0,1017.6
68312,2011-08-17,17.0,62.0,1005.5
68313,2011-08-18,17.0,78.0,1007.8
68314,2011-08-19,7.0,94.0,1022.4
68315,2011-08-20,9.0,83.0,1031.8
68316,2011-08-21,22.0,73.0,1036.4
68317,2011-08-22,15.0,73.0,1039.0
68318,2011-08-23,20.0,59.0,1035.0
68319,2011-08-24,31.0,71.0,1029.0
68320,2011-08-25,52.0,58.0,1019.1
68321,2011-08-26,7.0,55.0,1025.8
68322,2011-08-27,19.0,57.0,1022.4
68323,2011-08-28,19.0,62.0,1020.3
68324,2011-08-29,22.0,70.0,1018.2
68325,2011-08-30,9.0,62.0,1025.6
68326,2011-08-31,17.0,69.0,1025.4
68327,2011-09-01,7.0,82.0,1027.2
68328,2011-09-02,15.0,78.0,1027.3
68329,2011-09-03,56.0,44.0,1022.9
68330,2011-09-04,43.0,47.0,1018.3
68331,2011-09-05,9.0,66.0,1023.3
68332,2011-09-06,30.0,51.0,1010.4
68333,2011-09-07,19.0,58.0,1020.3
68334,2011-09-08,7.0,64.0,1022.9
68335,2011-09-09,15.0,90.0,1015.1
68336,2011-09-10,31.0,71.0,1018.6
68337,2011-09-11,30.0,81.0,1016.4
68338,2011-09-12,13.0,51.0,1025.6
68339,2011-09-13,24.0,52.0,1024.0
68340,2011-09-14,13.0,63.0,1019.4
68341,2011-09-15,11.0,66.0,1022.6
68342,2011-09-16,46.0,47.0,1013.7
68343,2011-09-17,35.0,59.0,1013.4
68344,2011-09-18,9.0,79.0,1017.5
68345,2011-09-19,46.0,38.0,1008.5
68346,2011-09-20,28.0,71.0,1006.9
68347,2011-09-21,20.0,63.0,1019.4
68348,2011-09-22,48.0,48.0,1018.3
68349,2011-09-23,24.0,47.0,1020.6
68350,2011-09-24,28.0,51.0,1023.6
68351,2011-09-25,13.0,61.0,1024.7
68352,2011-09-26,46.0,43.0,1023.3
68353,2011-09-27,52.0,47.0,1016.2
68354,2011-09-28,46.0,35.0,1001.3
68355,2011-09-29,11.0,86.0,992.9
68356,2011-09-30,30.0,62.0,1004.0
68357,2011-10-01,20.0,83.0,1008.4
68358,2011-10-02,17.0,65.0,1022.4
68359,2011-10-03,4.0,71.0,1025.6
68360,2011-10-04,7.0,68.0,1024.0
68361,2011-10-05,22.0,69.0,1018.4
68362,2011-10-06,9.0,77.0,1014.8
68363,2011-10-07,7.0,75.0,1013.5
68364,2011-10-08,7.0,83.0,1013.0
68365,2011-10-09,17.0,73.0,1009.4
68366,2011-10-10,19.0,62.0,1011.1
68367,2011-10-11,15.0,60.0,1013.3
68368,2011-10-12,17.0,66.0,1020.3
68369,2011-10-13,2.0,68.0,1021.5
68370,2011-10-14,26.0,68.0,1015.0
68371,2011-10-15,13.0,60.0,1007.8
68372,2011-10-16,30.0,57.0,1017.9
68373,2011-10-17,13.0,55.0,1033.7
68374,2011-10-18,15.0,66.0,1031.2
68375,2011-10-19,41.0,38.0,1026.5
68376,2011-10-20,52.0,32.0,1021.4
68377,2011-10-21,9.0,91.0,1024.6
68378,2011-10-22,9.0,86.0,1024.0
68379,2011-10-23,11.0,88.0,1018.7
68380,2011-10-24,20.0,83.0,1007.6
68381,2011-10-25,30.0,70.0,1016.1
68382,2011-10-26,20.0,56.0,1022.0
68383,2011-10-27,41.0,49.0,1020.4
68384,2011-10-28,63.0,53.0,1010.5
68385,2011-10-29,11.0,84.0,1010.0
68386,2011-10-30,37.0,84.0,1016.1
68387,2011-10-31,17.0,76.0,1025.8
68388,2011-11-01,15.0,69.0,1023.0
68389,2011-11-02,22.0,74.0,1015.6
68390,2011-11-03,20.0,54.0,1016.5
68391,2011-11-04,13.0,68.0,1020.7
68392,2011-11-05,28.0,60.0,1015.2
68393,2011-11-06,46.0,37.0,1005.6
68394,2011-11-07,9.0,74.0,1013.5
68395,2011-11-08,13.0,91.0,1011.0
68396,2011-11-09,43.0,63.0,1007.7
68397,2011-11-10,31.0,61.0,1012.7
68398,2011-11-11,6.0,57.0,1024.2
68399,2011-11-12,6.0,56.0,1019.6
68400,2011-11-13,24.0,70.0,1012.8
68401,2011-11-14,20.0,48.0,1007.2
68402,2011-11-15,17.0,56.0,1015.3
68403,2011-11-16,19.0,51.0,1019.4
68404,2011-11-17,7.0,60.0,1019.2
68405,2011-11-18,39.0,47.0,1011.3
68406,2011-11-19,13.0,92.0,1011.1
68407,2011-11-20,20.0,63.0,1013.5
68408,2011-11-21,15.0,49.0,1018.2
68409,2011-11-22,15.0,57.0,1012.2
68410,2011-11-23,30.0,49.0,1021.7
68411,2011-11-24,13.0,60.0,1026.4
68412,2011-11-25,9.0,63.0,1019.5
68413,2011-11-26,20.0,94.0,1005.1
68414,2011-11-27,24.0,78.0,1011.4
68415,2011-11-28,9.0,78.0,1014.7
68416,2011-11-29,52.0,34.0,1005.8
68417,2011-11-30,20.0,80.0,1008.2
68418,2011-12-01,26.0,54.0,1024.0
68419,2011-12-02,24.0,50.0,1025.6
68420,2011-12-03,9.0,70.0,1020.5
68421,2011-12-04,28.0,42.0,1022.2
68422,2011-12-05,9.0,48.0,1023.9
68423,2011-12-06,9.0,55.0,1019.1
68424,2011-12-07,30.0,46.0,1014.0
68425,2011-12-08,39.0,41.0,1010.2
68426,2011-12-09,41.0,45.0,1010.6
68427,2011-12-10,39.0,50.0,1006.5
68428,2011-12-11,17.0,75.0,1008.0
68429,2011-12-12,20.0,52.0,1010.2
68430,2011-12-13,33.0,45.0,1014.4
68431,2011-12-14,26.0,43.0,1018.6
68432,2011-12-15,11.0,62.0,1018.5
68433,2011-12-16,13.0,66.0,1019.4
68434,2011-12-17,9.0,56.0,1017.8
68435,2011-12-18,17.0,40.0,1009.7
68436,2011-12-19,26.0,66.0,1006.9
68437,2011-12-20,20.0,68.0,1016.7
68438,2011-12-21,15.0,71.0,1018.3
68439,2011-12-22,9.0,67.0,1017.2
68440,2011-12-23,22.0,62.0,1012.7
68441,2011-12-24,9.0,78.0,1011.6
68442,2011-12-25,19.0,74.0,1006.7
68443,2011-12-26,24.0,76.0,1007.5
68444,2011-12-27,24.0,55.0,1014.3
68445,2011-12-28,22.0,56.0,1017.2
68446,2011-12-29,13.0,55.0,1018.3
68447,2011-12-30,11.0,78.0,1019.6
68448,2011-12-31,48.0,42.0,1017.3
68449,2012-01-01,7.0,69.0,1014.9
68450,2012-01-02,41.0,31.0,1012.2
68451,2012-01-03,9.0,59.0,1012.0
68452,2012-01-04,24.0,67.0,1017.1
68453,2012-01-05,11.0,51.0,1019.3
68454,2012-01-06,22.0,50.0,1018.9
68455,2012-01-07,54.0,41.0,1008.8
68456,2012-01-08,22.0,83.0,1000.6
68457,2012-01-09,31.0,46.0,1009.2
68458,2012-01-10,26.0,49.0,1011.9
68459,2012-01-11,46.0,62.0,1006.8
68460,2012-01-12,22.0,66.0,1020.3
68461,2012-01-13,20.0,69.0,1019.5
68462,2012-01-14,17.0,62.0,1020.4
68463,2012-01-15,13.0,60.0,1020.9
68464,2012-01-16,52.0,47.0,1018.0
68465,2012-01-17,56.0,41.0,1016.7
68466,2012-01-18,11.0,71.0,1014.0
68467,2012-01-19,15.0,59.0,1019.6
68468,2012-01-20,15.0,76.0,1017.7
68469,2012-01-21,24.0,77.0,1017.1
68470,2012-01-22,6.0,70.0,1020.6
68471,2012-01-23,35.0,40.0,1020.2
68472,2012-01-24,44.0,38.0,1016.0
68473,2012-01-25,17.0,77.0,1015.2
68474,2012-01-26,13.0,67.0,1018.5
68475,2012-01-27,9.0,69.0,1016.9
68476,2012-01-28,13.0,64.0,1012.7
68477,2012-01-29,9.0,68.0,1007.1
68478,2012-01-30,22.0,83.0,992.4
68479,2012-01-31,20.0,55.0,1012.6
68480,2012-02-01,30.0,59.0,1017.8
68481,2012-02-02,7.0,66.0,1013.2
68482,2012-02-03,13.0,71.0,1008.4
68483,2012-02-04,20.0,65.0,1003.8
68484,2012-02-05,44.0,32.0,994.2
68485,2012-02-06,24.0,55.0,1007.4
68486,2012-02-07,19.0,63.0,1010.9
68487,2012-02-08,9.0,51.0,1014.8
68488,2012-02-09,15.0,66.0,1013.1
68489,2012-02-10,11.0,71.0,1011.4
68490,2012-02-11,15.0,75.0,1013.7
68491,2012-02-12,17.0,70.0,1017.0
68492,2012-02-13,19.0,68.0,1019.7
68493,2012-02-14,11.0,80.0,1020.3
68494,2012-02-15,44.0,57.0,1016.3
68495,2012-02-16,30.0,63.0,1013.8
68496,2012-02-17,17.0,83.0,1017.3
68497,2012-02-18,7.0,85.0,1018.0
68498,2012-02-19,4.0,80.0,1014.5
68499,2012-02-20,19.0,72.0,1014.8
68500,2012-02-21,15.0,67.0,1015.5
68501,2012-02-22,13.0,71.0,1015.9
68502,2012-02-23,11.0,69.0,1018.7
68503,2012-02-24,7.0,69.0,1020.6
68504,2012-02-25,44.0,33.0,1017.6
68505,2012-02-26,44.0,50.0,1013.1
68506,2012-02-27,31.0,91.0,1011.6
68507,2012-02-28,11.0,91.0,1015.0
68508,2012-02-29,17.0,59.0,1015.7
68509,2012-03-01,37.0,90.0,1007.8
68510,2012-03-02,30.0,64.0,1014.5
68511,2012-03-03,15.0,74.0,1014.4
68512,2012-03-04,15.0,87.0,1007.6
68513,2012-03-05,20.0,67.0,1017.8
68514,2012-03-06,20.0,67.0,1022.3
68515,2012-03-07,24.0,62.0,1028.2
68516,2012-03-08,20.0,64.0,1021.7
68517,2012-03-09,15.0,82.0,1012.9
68518,2012-03-10,13.0,53.0,1016.9
68519,2012-03-11,6.0,60.0,1019.0
68520,2012-03-12,15.0,58.0,1020.7
68521,2012-03-13,20.0,74.0,1017.9
68522,2012-03-14,28.0,60.0,1014.3
68523,2012-03-15,26.0,74.0,1010.1
68524,2012-03-16,2.0,75.0,1008.3
68525,2012-03-17,11.0,73.0,1019.1
68526,2012-03-18,7.0,78.0,1025.7
68527,2012-03-19,17.0,75.0,1024.1
68528,2012-03-20,31.0,58.0,1015.5
68529,2012-03-21,28.0,68.0,1004.8
68530,2012-03-22,13.0,67.0,1011.4
68531,2012-03-23,20.0,61.0,1005.6
68532,2012-03-24,19.0,76.0,1014.1
68533,2012-03-25,4.0,77.0,1023.3
68534,2012-03-26,9.0,79.0,1023.8
68535,2012-03-27,0.0,69.0,1024.7
68536,2012-03-28,11.0,78.0,1021.0
68537,2012-03-29,19.0,73.0,1019.2
68538,2012-03-30,13.0,82.0,1017.1
68539,2012-03-31,48.0,48.0,1013.0
68540,2012-04-01,13.0,68.0,1019.3
68541,2012-04-02,17.0,70.0,1016.3
68542,2012-04-03,28.0,46.0,1012.9
68543,2012-04-04,4.0,66.0,1017.3
68544,2012-04-05,7.0,75.0,1019.9
68545,2012-04-06,33.0,60.0,1014.2
68546,2012-04-07,26.0,59.0,1022.1
68547,2012-04-08,11.0,65.0,1018.9
68548,2012-04-09,24.0,74.0,1018.7
68549,2012-04-10,11.0,86.0,1032.0
68550,2012-04-11,11.0,51.0,1035.0
68551,2012-04-12,15.0,76.0,1033.7
68552,2012-04-13,26.0,67.0,1030.9
68553,2012-04-14,28.0,47.0,1025.4
68554,2012-04-15,39.0,48.0,1022.4
68555,2012-04-16,9.0,80.0,1026.0
68556,2012-04-17,11.0,79.0,1027.0
68557,2012-04-18,7.0,74.0,1023.4
68558,2012-04-19,7.0,72.0,1017.9
68559,2012-04-20,7.0,94.0,1017.5
68560,2012-04-21,6.0,94.0,1016.3
68561,2012-04-22,28.0,80.0,1007.8
68562,2012-04-23,26.0,62.0,1008.0
68563,2012-04-24,13.0,92.0,1012.8
68564,2012-04-25,35.0,92.0,1016.7
68565,2012-04-26,24.0,78.0,1022.6
68566,2012-04-27,15.0,80.0,1023.6
68567,2012-04-28,17.0,71.0,1021.5
68568,2012-04-29,9.0,53.0,1025.5
68569,2012-04-30,13.0,77.0,1024.8
68570,2012-05-01,39.0,55.0,1021.0
68571,2012-05-02,20.0,91.0,1024.2
68572,2012-05-03,28.0,75.0,1020.6
68573,2012-05-04,22.0,68.0,1021.0
68574,2012-05-05,15.0,74.0,1021.3
68575,2012-05-06,22.0,79.0,1018.4
68576,2012-05-07,31.0,63.0,1017.5
68577,2012-05-08,46.0,55.0,1014.6
68578,2012-05-09,39.0,43.0,1014.8
68579,2012-05-10,11.0,75.0,1022.6
68580,2012-05-11,17.0,67.0,1018.3
68581,2012-05-12,24.0,66.0,1020.1
68582,2012-05-13,28.0,82.0,1017.5
68583,2012-05-14,11.0,88.0,1026.5
68584,2012-05-15,19.0,85.0,1027.9
68585,2012-05-16,11.0,85.0,1026.8
68586,2012-05-17,19.0,73.0,1024.6
68587,2012-05-18,37.0,60.0,1022.5
68588,2012-05-19,11.0,91.0,1024.1
68589,2012-05-20,11.0,74.0,1027.6
68590,2012-05-21,30.0,68.0,1023.7
68591,2012-05-22,35.0,58.0,1020.1
68592,2012-05-23,31.0,54.0,1015.7
68593,2012-05-24,9.0,53.0,1016.1
68594,2012-05-25,20.0,86.0,1007.4
68595,2012-05-26,19.0,83.0,1013.7
68596,2012-05-27,19.0,73.0,1024.6
68597,2012-05-28,19.0,76.0,1029.9
68598,2012-05-29,9.0,68.0,1033.6
68599,2012-05-30,9.0,85.0,1036.2
68600,2012-05-31,13.0,87.0,1032.6
68601,2012-06-01,11.0,87.0,1030.1
68602,2012-06-02,13.0,86.0,1024.5
68603,2012-06-03,11.0,86.0,1018.2
68604,2012-06-04,15.0,92.0,1007.4
68605,2012-06-05,44.0,57.0,1014.1
68606,2012-06-06,9.0,71.0,1024.6
68607,2012-06-07,11.0,84.0,1026.4
68608,2012-06-08,20.0,66.0,1028.1
68609,2012-06-09,17.0,96.0,1028.1
68610,2012-06-10,7.0,88.0,1028.0
68611,2012-06-11,13.0,99.0,1026.8
68612,2012-06-12,24.0,86.0,1023.2
68613,2012-06-13,24.0,72.0,1020.4
68614,2012-06-14,37.0,61.0,1013.2
68615,2012-06-15,19.0,68.0,1012.0
68616,2012-06-16,35.0,67.0,1014.5
68617,2012-06-17,17.0,75.0,1018.1
68618,2012-06-18,13.0,83.0,1023.0
68619,2012-06-19,19.0,69.0,1024.7
68620,2012-06-20,30.0,56.0,1018.3
68621,2012-06-21,24.0,89.0,1008.0
68622,2012-06-22,15.0,84.0,1004.8
68623,2012-06-23,22.0,74.0,1022.0
68624,2012-06-24,20.0,67.0,1027.5
68625,2012-06-25,15.0,75.0,1028.3
68626,2012-06-26,19.0,47.0,1032.9
68627,2012-06-27,7.0,74.0,1031.1
68628,2012-06-28,28.0,67.0,1021.5
68629,2012-06-29,43.0,66.0,1007.4
68630,2012-06-30,26.0,75.0,1008.4
68631,2012-07-01,26.0,76.0,1012.7
68632,2012-07-02,28.0,87.0,1020.8
68633,2012-07-03,11.0,90.0,1024.5
68634,2012-07-04,11.0,81.0,1030.2
68635,2012-07-05,0.0,93.0,1036.1
68636,2012-07-06,7.0,88.0,1036.3
68637,2012-07-07,24.0,82.0,1033.0
68638,2012-07-08,17.0,72.0,1029.8
68639,2012-07-09,35.0,72.0,1025.3
68640,2012-07-10,7.0,74.0,1017.5
68641,2012-07-11,30.0,73.0,1013.3
68642,2012-07-12,35.0,78.0,1011.8
68643,2012-07-13,9.0,86.0,1009.0
68644,2012-07-14,15.0,66.0,1008.1
68645,2012-07-15,26.0,61.0,1017.3
68646,2012-07-16,24.0,81.0,1024.8
68647,2012-07-17,28.0,65.0,1021.5
68648,2012-07-18,19.0,73.0,1018.2
68649,2012-07-19,22.0,72.0,1022.8
68650,2012-07-20,19.0,76.0,1027.3
68651,2012-07-21,11.0,83.0,1033.1
68652,2012-07-22,7.0,86.0,1033.3
68653,2012-07-23,9.0,91.0,1031.4
68654,2012-07-24,17.0,76.0,1027.2
68655,2012-07-25,31.0,68.0,1017.6
68656,2012-07-26,39.0,77.0,1007.8
68657,2012-07-27,19.0,91.0,1011.4
68658,2012-07-28,13.0,82.0,1020.1
68659,2012-07-29,19.0,86.0,1027.4
68660,2012-07-30,11.0,74.0,1031.1
68661,2012-07-31,9.0,77.0,1030.5
68662,2012-08-01,0.0,90.0,1026.9
68663,2012-08-02,19.0,81.0,1021.7
68664,2012-08-03,31.0,60.0,1015.6
68665,2012-08-04,13.0,76.0,1015.6
68666,2012-08-05,20.0,72.0,1008.6
68667,2012-08-06,26.0,66.0,1018.4
68668,2012-08-07,22.0,67.0,1022.9
68669,2012-08-08,56.0,52.0,1014.5
68670,2012-08-09,30.0,68.0,1018.1
68671,2012-08-10,26.0,89.0,1027.1
68672,2012-08-11,13.0,87.0,1030.4
68673,2012-08-12,9.0,85.0,1030.5
68674,2012-08-13,7.0,91.0,1026.3
68675,2012-08-14,31.0,51.0,1016.6
68676,2012-08-15,15.0,77.0,1015.3
68677,2012-08-16,19.0,70.0,1011.6
68678,2012-08-17,30.0,67.0,998.2
68679,2012-08-18,26.0,84.0,1013.3
68680,2012-08-19,15.0,60.0,1023.3
68681,2012-08-20,33.0,71.0,1022.1
68682,2012-08-21,35.0,52.0,1015.4
68683,2012-08-22,30.0,58.0,1006.3
68684,2012-08-23,31.0,55.0,1000.5
68685,2012-08-24,35.0,58.0,1007.1
68686,2012-08-25,19.0,58.0,1017.4
68687,2012-08-26,20.0,59.0,1020.0
68688,2012-08-27,15.0,59.0,1023.5
68689,2012-08-28,52.0,54.0,1021.0
68690,2012-08-29,44.0,49.0,1006.2
68691,2012-08-30,31.0,56.0,1010.5
68692,2012-08-31,17.0,83.0,1019.0
68693,2012-09-01,9.0,62.0,1026.6
68694,2012-09-02,26.0,61.0,1023.6
68695,2012-09-03,30.0,52.0,1021.6
68696,2012-09-04,35.0,35.0,1018.0
68697,2012-09-05,43.0,26.0,1000.5
68698,2012-09-06,17.0,60.0,1003.1
68699,2012-09-07,39.0,59.0,1003.3
68700,2012-09-08,31.0,70.0,1016.4
68701,2012-09-09,15.0,70.0,1025.6
68702,2012-09-10,15.0,64.0,1024.5
68703,2012-09-11,11.0,72.0,1025.5
68704,2012-09-12,52.0,49.0,1016.1
68705,2012-09-13,28.0,64.0,1014.3
68706,2012-09-14,24.0,67.0,1020.0
68707,2012-09-15,9.0,71.0,1026.5
68708,2012-09-16,17.0,66.0,1020.7
68709,2012-09-17,9.0,79.0,1020.4
68710,2012-09-18,15.0,78.0,1016.2
68711,2012-09-19,9.0,77.0,1017.7
68712,2012-09-20,24.0,81.0,1014.7
68713,2012-09-21,26.0,67.0,1013.8
68714,2012-09-22,13.0,69.0,1019.0
68715,2012-09-23,20.0,73.0,1007.6
68716,2012-09-24,31.0,53.0,1016.8
68717,2012-09-25,7.0,58.0,1023.0
68718,2012-09-26,31.0,46.0,1017.4
68719,2012-09-27,48.0,24.0,1006.9
68720,2012-09-28,4.0,68.0,997.6
68721,2012-09-29,39.0,49.0,1008.0
68722,2012-09-30,30.0,61.0,1021.0
68723,2012-10-01,24.0,66.0,1030.7
68724,2012-10-02,7.0,68.0,1032.9
68725,2012-10-03,20.0,49.0,1025.0
68726,2012-10-04,37.0,31.0,1013.4
68727,2012-10-05,22.0,65.0,1017.8
68728,2012-10-06,19.0,63.0,1016.7
68729,2012-10-07,20.0,76.0,1020.4
68730,2012-10-08,11.0,71.0,1017.2
68731,2012-10-09,19.0,64.0,1015.1
68732,2012-10-10,15.0,71.0,1012.6
68733,2012-10-11,13.0,80.0,1010.2
68734,2012-10-12,20.0,72.0,1020.2
68735,2012-10-13,19.0,75.0,1022.7
68736,2012-10-14,13.0,68.0,1025.2
68737,2012-10-15,52.0,35.0,1018.2
68738,2012-10-16,24.0,54.0,1011.5
68739,2012-10-17,22.0,64.0,1020.8
68740,2012-10-18,7.0,73.0,1021.2
68741,2012-10-19,20.0,78.0,1012.5
68742,2012-10-20,15.0,66.0,1015.3
68743,2012-10-21,20.0,59.0,1017.5
68744,2012-10-22,13.0,68.0,1023.8
68745,2012-10-23,37.0,39.0,1024.6
68746,2012-10-24,50.0,40.0,1017.6
68747,2012-10-25,24.0,50.0,1005.9
68748,2012-10-26,24.0,64.0,1013.8
68749,2012-10-27,26.0,70.0,1021.0
68750,2012-10-28,6.0,64.0,1025.5
68751,2012-10-29,6.0,68.0,1021.3
68752,2012-10-30,37.0,40.0,1013.6
68753,2012-10-31,48.0,27.0,1010.4
68754,2012-11-01,26.0,74.0,1007.9
68755,2012-11-02,24.0,80.0,1018.9
68756,2012-11-03,15.0,55.0,1018.9
68757,2012-11-04,41.0,47.0,1015.4
68758,2012-11-05,44.0,26.0,1010.2
68759,2012-11-06,19.0,64.0,1009.6
68760,2012-11-07,9.0,76.0,1011.5
68761,2012-11-08,9.0,78.0,1011.8
68762,2012-11-09,35.0,51.0,1018.0
68763,2012-11-10,11.0,79.0,1026.6
68764,2012-11-11,48.0,49.0,1024.8
68765,2012-11-12,54.0,31.0,1015.2
68766,2012-11-13,31.0,46.0,1024.0
68767,2012-11-14,11.0,59.0,1019.7
68768,2012-11-15,11.0,65.0,1016.1
68769,2012-11-16,24.0,57.0,1016.0
68770,2012-11-17,15.0,72.0,1016.8
68771,2012-11-18,15.0,87.0,1014.6
68772,2012-11-19,22.0,58.0,1021.0
68773,2012-11-20,33.0,41.0,1020.4
68774,2012-11-21,28.0,56.0,1013.1
68775,2012-11-22,19.0,57.0,1020.2
68776,2012-11-23,11.0,67.0,1020.2
68777,2012-11-24,28.0,61.0,1012.7
68778,2012-11-25,15.0,73.0,1016.0
68779,2012-11-26,9.0,72.0,1016.7
68780,2012-11-27,19.0,96.0,1015.7
68781,2012-11-28,6.0,79.0,1015.3
68782,2012-11-29,43.0,59.0,1009.0
68783,2012-11-30,17.0,58.0,1008.9
68784,2013-01-01,7.0,63.0,1013.7
68785,2013-01-02,24.0,50.0,1017.5
68786,2013-01-03,6.0,50.0,1016.2
68787,2013-01-04,43.0,23.0,1008.8
68788,2013-01-05,17.0,68.0,1014.7
68789,2013-01-06,19.0,69.0,1023.3
68790,2013-01-07,13.0,70.0,1018.4
68791,2013-01-08,6.0,65.0,1003.4
68792,2013-01-09,28.0,68.0,1005.2
68793,2013-01-10,9.0,51.0,1009.3
68794,2013-01-11,50.0,19.0,1003.4
68795,2013-01-12,19.0,54.0,1011.3
68796,2013-01-13,19.0,70.0,1013.5
68797,2013-01-14,20.0,52.0,1020.3
68798,2013-01-15,19.0,60.0,1017.8
68799,2013-01-16,9.0,64.0,1016.2
68800,2013-01-17,4.0,62.0,1007.9
68801,2013-01-18,19.0,50.0,999.6
68802,2013-01-19,22.0,57.0,1015.1
68803,2013-01-20,19.0,57.0,1016.8
68804,2013-01-21,7.0,72.0,1012.3
68805,2013-01-22,17.0,61.0,1011.8
68806,2013-01-23,28.0,57.0,1018.6
68807,2013-01-24,31.0,63.0,1014.0
68808,2013-01-25,39.0,27.0,1008.1
68809,2013-01-26,30.0,60.0,1014.9
68810,2013-01-27,26.0,80.0,1012.2
68811,2013-01-28,11.0,67.0,1010.6
68812,2013-01-29,22.0,59.0,1013.2
68813,2013-01-30,11.0,56.0,1014.9
68814,2013-01-31,11.0,58.0,1010.7
68815,2013-03-01,15.0,60.0,1022.3
68816,2013-03-02,22.0,59.0,1025.4
68817,2013-03-03,9.0,66.0,1022.8
68818,2013-03-04,33.0,51.0,1020.9
68819,2013-03-05,50.0,48.0,1019.4
68820,2013-03-06,31.0,51.0,1017.1
68821,2013-03-07,30.0,49.0,1016.4
68822,2013-03-08,11.0,82.0,1019.5
68823,2013-03-09,46.0,40.0,1016.4
68824,2013-03-10,13.0,65.0,1016.3
68825,2013-03-11,11.0,73.0,1016.8
68826,2013-03-12,43.0,46.0,1015.3
68827,2013-03-13,24.0,41.0,1007.6
68828,2013-03-14,24.0,61.0,1015.0
68829,2013-03-15,7.0,58.0,1017.7
68830,2013-03-16,13.0,70.0,1015.3
68831,2013-03-17,26.0,65.0,1022.9
68832,2013-03-18,7.0,93.0,1023.9
68833,2013-03-19,9.0,69.0,1024.7
68834,2013-03-20,26.0,65.0,1021.5
68835,2013-03-21,46.0,53.0,1005.8
68836,2013-03-22,13.0,67.0,1012.8
68837,2013-03-23,28.0,61.0,1015.8
68838,2013-03-24,31.0,55.0,1012.6
68839,2013-03-25,11.0,68.0,1019.6
68840,2013-03-26,28.0,61.0,1015.9
68841,2013-03-27,48.0,40.0,1009.1
68842,2013-03-28,11.0,73.0,1015.1
68843,2013-03-29,15.0,67.0,1021.8
68844,2013-03-30,24.0,69.0,1016.2
68845,2013-03-31,19.0,75.0,1013.6
68846,2013-04-01,13.0,77.0,1019.1
68847,2013-04-02,15.0,87.0,1017.8
68848,2013-04-03,7.0,53.0,1025.0
68849,2013-04-04,6.0,70.0,1029.7
68850,2013-04-05,15.0,79.0,1030.1
68851,2013-04-06,20.0,81.0,1026.0
68852,2013-04-07,35.0,50.0,1022.3
68853,2013-04-08,11.0,79.0,1025.9
68854,2013-04-09,9.0,79.0,1026.9
68855,2013-04-10,15.0,78.0,1023.2
68856,2013-04-11,11.0,74.0,1024.6
68857,2013-04-12,7.0,75.0,1023.8
68858,2013-04-13,33.0,43.0,1013.8
68859,2013-04-14,7.0,66.0,1012.5
68860,2013-04-15,11.0,87.0,1012.6
68861,2013-04-16,11.0,58.0,1018.3
68862,2013-04-17,11.0,70.0,1018.1
68863,2013-04-18,11.0,93.0,1019.4
68864,2013-04-19,28.0,50.0,1026.3
68865,2013-04-20,24.0,68.0,1023.3
68866,2013-04-21,28.0,65.0,1013.6
68867,2013-04-22,37.0,87.0,1007.0
68868,2013-04-23,22.0,70.0,1014.5
68869,2013-04-24,17.0,53.0,1019.3
68870,2013-04-25,15.0,74.0,1021.2
68871,2013-04-26,13.0,63.0,1022.0
68872,2013-04-27,37.0,65.0,1018.4
68873,2013-04-28,9.0,74.0,1014.9
68874,2013-04-29,11.0,60.0,1024.1
68875,2013-04-30,11.0,75.0,1026.6
68876,2013-05-01,15.0,66.0,1021.5
68877,2013-05-02,6.0,76.0,1028.5
68878,2013-05-03,67.0,47.0,1021.2
68879,2013-05-04,22.0,54.0,1025.0
68880,2013-05-05,9.0,52.0,1027.3
68881,2013-05-06,7.0,74.0,1026.9
68882,2013-05-07,11.0,84.0,1026.9
68883,2013-05-08,30.0,62.0,1028.0
68884,2013-05-09,33.0,57.0,1028.5
68885,2013-05-10,19.0,76.0,1029.8
68886,2013-05-11,31.0,52.0,1026.7
68887,2013-05-12,44.0,44.0,1019.2
68888,2013-05-13,20.0,56.0,1013.0
68889,2013-05-14,30.0,68.0,1011.4
68890,2013-05-15,33.0,72.0,1007.3
68891,2013-05-16,31.0,72.0,1007.1
68892,2013-05-17,24.0,85.0,1015.5
68893,2013-05-18,13.0,78.0,1017.9
68894,2013-05-19,13.0,76.0,1019.3
68895,2013-05-20,33.0,70.0,1016.0
68896,2013-05-21,11.0,82.0,1018.0
68897,2013-05-22,9.0,74.0,1013.3
68898,2013-05-23,9.0,80.0,1020.5
68899,2013-05-24,13.0,87.0,1026.0
68900,2013-05-25,9.0,78.0,1026.2
68901,2013-05-26,19.0,68.0,1028.3
68902,2013-05-27,0.0,85.0,1031.1
68903,2013-05-28,7.0,88.0,1029.5
68904,2013-05-29,26.0,71.0,1026.0
68905,2013-05-30,28.0,69.0,1023.0
68906,2013-05-31,39.0,82.0,1022.5
68907,2013-06-01,13.0,96.0,1013.2
68908,2013-06-02,24.0,92.0,1018.0
68909,2013-06-03,20.0,73.0,1025.2
68910,2013-06-04,0.0,78.0,1026.7
68911,2013-06-05,17.0,75.0,1023.2
68912,2013-06-06,26.0,70.0,1017.2
68913,2013-06-07,28.0,76.0,1018.7
68914,2013-06-08,17.0,79.0,1030.7
68915,2013-06-09,20.0,75.0,1027.0
68916,2013-06-10,26.0,77.0,1019.1
68917,2013-06-11,39.0,71.0,1018.6
68918,2013-06-12,9.0,82.0,1012.2
68919,2013-06-13,20.0,88.0,1008.9
68920,2013-06-14,17.0,79.0,1013.1
68921,2013-06-15,9.0,64.0,1020.7
68922,2013-06-16,11.0,78.0,1021.7
68923,2013-06-17,13.0,86.0,1016.1
68924,2013-06-18,11.0,79.0,1018.6
68925,2013-06-19,9.0,85.0,1027.3
68926,2013-06-20,15.0,87.0,1026.1
68927,2013-06-21,20.0,82.0,1021.8
68928,2013-06-22,17.0,74.0,1025.8
68929,2013-06-23,13.0,86.0,1031.7
68930,2013-06-24,11.0,97.0,1029.3
68931,2013-06-25,11.0,94.0,1026.6
68932,2013-06-26,17.0,86.0,1024.3
68933,2013-06-27,19.0,75.0,1022.9
68934,2013-06-28,13.0,86.0,1025.2
68935,2013-06-29,9.0,90.0,1028.0
68936,2013-06-30,15.0,88.0,1027.5
68937,2013-07-01,24.0,63.0,1023.5
68938,2013-07-02,22.0,68.0,1022.7
68939,2013-07-03,24.0,73.0,1022.3
68940,2013-07-04,48.0,64.0,1009.2
68941,2013-07-05,33.0,53.0,1007.8
68942,2013-07-06,31.0,72.0,1016.5
68943,2013-07-07,30.0,81.0,1025.3
68944,2013-07-08,17.0,83.0,1032.9
68945,2013-07-09,17.0,87.0,1037.3
68946,2013-07-10,15.0,80.0,1032.9
68947,2013-07-11,17.0,77.0,1034.0
68948,2013-07-12,20.0,81.0,1030.0
68949,2013-07-13,19.0,77.0,1026.7
68950,2013-07-14,35.0,74.0,1019.9
68951,2013-07-15,20.0,79.0,1019.5
68952,2013-07-16,17.0,89.0,1023.0
68953,2013-07-17,22.0,80.0,1020.4
68954,2013-07-18,28.0,63.0,1011.4
68955,2013-07-19,39.0,65.0,1003.7
68956,2013-07-20,15.0,81.0,1003.7
68957,2013-07-21,37.0,76.0,1011.4
68958,2013-07-22,11.0,77.0,1015.0
68959,2013-07-23,20.0,85.0,1024.0
68960,2013-07-24,7.0,61.0,1032.5
68961,2013-07-25,31.0,75.0,1028.4
68962,2013-07-26,33.0,83.0,1025.6
68963,2013-07-27,22.0,67.0,1026.7
68964,2013-07-28,37.0,43.0,1020.8
68965,2013-07-29,26.0,76.0,1017.9
68966,2013-07-30,17.0,80.0,1022.0
68967,2013-07-31,9.0,81.0,1026.0
68968,2013-08-01,20.0,73.0,1023.1
68969,2013-08-02,50.0,52.0,1011.4
68970,2013-08-03,33.0,65.0,1013.3
68971,2013-08-04,17.0,72.0,1013.5
68972,2013-08-05,28.0,67.0,1012.7
68973,2013-08-06,26.0,66.0,1007.4
68974,2013-08-07,24.0,67.0,1011.5
68975,2013-08-08,20.0,80.0,1017.7
68976,2013-08-09,57.0,80.0,1013.0
68977,2013-08-10,15.0,65.0,1016.4
68978,2013-08-11,31.0,72.0,1015.5
68979,2013-08-12,30.0,63.0,1000.3
68980,2013-08-13,22.0,55.0,1012.0
68981,2013-08-14,35.0,58.0,1003.7
68982,2013-08-15,20.0,64.0,1020.5
68983,2013-08-16,46.0,55.0,1015.2
68984,2013-08-17,19.0,62.0,1007.5
68985,2013-08-18,44.0,62.0,1005.3
68986,2013-08-19,17.0,49.0,1009.8
68987,2013-08-20,31.0,64.0,1016.0
68988,2013-08-21,19.0,61.0,1015.8
68989,2013-08-22,28.0,60.0,1009.0
68990,2013-08-23,31.0,74.0,1008.4
68991,2013-08-24,15.0,81.0,1022.5
68992,2013-08-25,15.0,56.0,1024.0
68993,2013-08-26,19.0,67.0,1023.9
68994,2013-08-27,33.0,72.0,1020.9
68995,2013-08-28,11.0,73.0,1019.4
68996,2013-08-29,26.0,45.0,1011.7
68997,2013-08-30,28.0,60.0,1011.2
68998,2013-08-31,24.0,72.0,1019.6
68999,2013-09-01,44.0,45.0,1024.2
69000,2013-09-02,9.0,72.0,1030.8
69001,2013-09-03,7.0,77.0,1031.9
69002,2013-09-04,54.0,48.0,1025.8
69003,2013-09-05,31.0,53.0,1022.9
69004,2013-09-06,7.0,76.0,1027.2
69005,2013-09-07,22.0,63.0,1025.1
69006,2013-09-08,7.0,70.0,1027.7
69007,2013-09-09,56.0,38.0,1012.0
69008,2013-09-10,35.0,66.0,1007.5
69009,2013-09-11,31.0,51.0,1010.7
69010,2013-09-12,22.0,87.0,1017.5
69011,2013-09-13,9.0,54.0,1018.0
69012,2013-09-14,2.0,62.0,1015.3
69013,2013-09-15,22.0,66.0,1016.5
69014,2013-09-16,24.0,76.0,1008.5
69015,2013-09-17,9.0,88.0,1003.4
69016,2013-09-18,13.0,69.0,999.9
69017,2013-09-19,26.0,63.0,1006.1
69018,2013-09-20,28.0,74.0,1007.5
69019,2013-09-21,11.0,72.0,1016.0
69020,2013-09-22,20.0,66.0,1012.3
69021,2013-09-23,43.0,62.0,1006.8
69022,2013-09-24,22.0,29.0,1003.1
69023,2013-09-25,24.0,39.0,1004.4
69024,2013-09-26,50.0,59.0,1002.4
69025,2013-09-27,33.0,49.0,1017.7
69026,2013-09-28,39.0,48.0,1009.2
69027,2013-09-29,35.0,49.0,1014.9
69028,2013-09-30,48.0,41.0,1005.8
69029,2013-10-01,39.0,64.0,1001.5
69030,2013-10-02,39.0,54.0,1006.4
69031,2013-10-03,30.0,67.0,1018.8
69032,2013-10-04,13.0,53.0,1022.7
69033,2013-10-05,52.0,42.0,1011.2
69034,2013-10-06,7.0,57.0,1009.1
69035,2013-10-07,15.0,73.0,1015.0
69036,2013-10-08,17.0,65.0,1017.7
69037,2013-10-09,54.0,46.0,1013.1
69038,2013-10-10,9.0,81.0,1003.4
69039,2013-10-11,22.0,61.0,1015.5
69040,2013-10-12,33.0,49.0,1012.7
69041,2013-10-13,6.0,74.0,1002.2
69042,2013-10-14,30.0,68.0,1019.1
69043,2013-10-15,19.0,56.0,1021.4
69044,2013-10-16,52.0,35.0,1009.1
69045,2013-10-17,35.0,54.0,1005.0
69046,2013-10-18,26.0,47.0,1023.4
69047,2013-10-19,39.0,22.0,1023.2
69048,2013-10-20,35.0,29.0,1013.1
69049,2013-10-21,15.0,80.0,1015.1
69050,2013-10-22,2.0,72.0,1013.6
69051,2013-10-23,44.0,93.0,1005.1
69052,2013-10-24,43.0,57.0,1018.2
69053,2013-10-25,20.0,62.0,1024.2
69054,2013-10-26,19.0,65.0,1024.4
69055,2013-10-27,9.0,74.0,1024.6
69056,2013-10-28,2.0,76.0,1015.6
69057,2013-10-29,22.0,60.0,1017.4
69058,2013-10-30,19.0,56.0,1022.0
69059,2013-10-31,19.0,62.0,1024.4
69060,2013-11-01,7.0,60.0,1021.7
69061,2013-11-02,11.0,52.0,1016.2
69062,2013-11-03,35.0,54.0,1017.5
69063,2013-11-04,20.0,52.0,1028.9
69064,2013-11-05,9.0,60.0,1028.2
69065,2013-11-06,31.0,32.0,1018.5
69066,2013-11-07,41.0,26.0,1009.8
69067,2013-11-08,7.0,82.0,1006.8
69068,2013-11-09,30.0,73.0,1014.5
69069,2013-11-10,13.0,49.0,1022.5
69070,2013-11-11,17.0,66.0,1024.0
69071,2013-11-12,30.0,68.0,1017.7
69072,2013-11-13,28.0,94.0,1013.0
69073,2013-11-14,26.0,71.0,1017.3
69074,2013-11-15,17.0,77.0,1019.9
69075,2013-11-16,19.0,64.0,1019.4
69076,2013-11-17,17.0,71.0,1019.4
69077,2013-11-18,11.0,73.0,1016.4
69078,2013-11-19,43.0,32.0,1008.4
69079,2013-11-20,26.0,67.0,1012.9
69080,2013-11-21,9.0,74.0,1008.4
69081,2013-11-22,19.0,67.0,1009.0
69082,2013-11-23,19.0,87.0,1007.2
69083,2013-11-24,24.0,93.0,1010.1
69084,2013-11-25,13.0,60.0,1014.5
69085,2013-11-26,30.0,60.0,1015.4
69086,2013-11-27,19.0,51.0,1014.0
69087,2013-11-28,26.0,36.0,1004.4
69088,2013-11-29,24.0,61.0,1013.7
69089,2013-11-30,24.0,59.0,1021.7
69090,2013-12-01,30.0,63.0,1020.5
69091,2013-12-02,39.0,23.0,1016.1
69092,2013-12-03,11.0,67.0,1010.1
69093,2013-12-04,17.0,72.0,1000.6
69094,2013-12-05,31.0,54.0,1001.3
69095,2013-12-06,22.0,57.0,1017.3
69096,2013-12-07,9.0,55.0,1021.3
69097,2013-12-08,56.0,35.0,1012.0
69098,2013-12-09,9.0,81.0,1005.6
69099,2013-12-10,31.0,46.0,1007.3
69100,2013-12-11,31.0,53.0,1009.0
69101,2013-12-12,19.0,58.0,1013.0
69102,2013-12-13,17.0,65.0,1013.8
69103,2013-12-14,17.0,49.0,1020.2
69104,2013-12-15,9.0,67.0,1021.5
69105,2013-12-16,13.0,67.0,1021.9
69106,2013-12-17,9.0,78.0,1022.1
69107,2013-12-18,7.0,81.0,1022.6
69108,2013-12-19,43.0,49.0,1013.7
69109,2013-12-20,13.0,61.0,1012.4
69110,2013-12-21,17.0,76.0,1016.8
69111,2013-12-22,9.0,87.0,1008.0
69112,2013-12-23,19.0,96.0,1011.1
69113,2013-12-24,15.0,51.0,1020.3
69114,2013-12-25,4.0,62.0,1015.1
69115,2013-12-26,31.0,34.0,1010.0
69116,2013-12-27,17.0,75.0,1014.4
69117,2013-12-28,46.0,58.0,1004.9
69118,2013-12-29,22.0,49.0,1016.8
69119,2013-12-30,7.0,56.0,1016.4
69120,2013-12-31,15.0,60.0,1016.2
69121,2014-01-01,43.0,91.0,1010.1
69122,2014-01-02,26.0,98.0,1008.7
69123,2014-01-03,9.0,66.0,1003.8
69124,2014-01-04,33.0,57.0,1006.5
69125,2014-01-05,26.0,49.0,1006.8
69126,2014-01-06,33.0,54.0,1015.1
69127,2014-01-07,28.0,52.0,1024.0
69128,2014-01-08,6.0,58.0,1022.7
69129,2014-01-09,4.0,64.0,1020.6
69130,2014-01-10,43.0,48.0,1018.2
69131,2014-01-11,13.0,80.0,1019.6
69132,2014-01-12,19.0,67.0,1022.1
69133,2014-01-13,9.0,71.0,1018.3
69134,2014-01-14,52.0,31.0,1013.0
69135,2014-01-15,26.0,25.0,1014.1
69136,2014-01-16,19.0,35.0,1014.7
69137,2014-01-17,44.0,14.0,1009.0
69138,2014-01-18,13.0,68.0,1012.1
69139,2014-01-19,26.0,61.0,1014.7
69140,2014-01-20,24.0,69.0,1011.5
69141,2014-01-21,20.0,66.0,1013.0
69142,2014-01-22,31.0,53.0,1021.0
69143,2014-01-23,9.0,58.0,1020.3
69144,2014-01-24,13.0,84.0,1009.4
69145,2014-01-25,20.0,45.0,1019.0
69146,2014-01-26,17.0,54.0,1023.3
69147,2014-01-27,52.0,38.0,1018.6
69148,2014-01-28,46.0,24.0,1013.3
69149,2014-01-29,26.0,70.0,1018.3
69150,2014-01-30,9.0,70.0,1016.1
69151,2014-01-31,13.0,74.0,1013.8
69152,2014-02-01,7.0,79.0,1011.5
69153,2014-02-02,7.0,67.0,1010.9
69154,2014-02-03,30.0,33.0,1006.6
69155,2014-02-04,33.0,58.0,1022.3
69156,2014-02-05,7.0,53.0,1021.4
69157,2014-02-06,50.0,37.0,1015.7
69158,2014-02-07,46.0,29.0,1010.6
69159,2014-02-08,7.0,68.0,1012.6
69160,2014-02-09,39.0,15.0,1006.7
69161,2014-02-10,28.0,53.0,1020.4
69162,2014-02-11,17.0,67.0,1015.7
69163,2014-02-12,15.0,80.0,1014.1
69164,2014-02-13,7.0,75.0,1012.7
69165,2014-02-14,7.0,73.0,1006.3
69166,2014-02-15,13.0,72.0,998.0
69167,2014-02-16,26.0,89.0,1007.4
69168,2014-02-17,7.0,59.0,1014.0
69169,2014-02-18,9.0,66.0,1009.9
69170,2014-02-19,13.0,70.0,999.0
69171,2014-02-20,28.0,59.0,1009.1
69172,2014-02-21,22.0,65.0,1020.5
69173,2014-02-22,17.0,87.0,1024.0
69174,2014-02-23,11.0,60.0,1023.8
69175,2014-02-24,11.0,69.0,1021.1
69176,2014-02-25,39.0,37.0,1009.6
69177,2014-02-26,20.0,82.0,1012.5
69178,2014-02-27,22.0,76.0,1021.2
69179,2014-02-28,13.0,57.0,1023.5
69180,2014-03-01,13.0,81.0,1022.7
69181,2014-03-02,15.0,73.0,1023.4
69182,2014-03-03,6.0,73.0,1025.2
69183,2014-03-04,28.0,70.0,1022.0
69184,2014-03-05,17.0,64.0,1015.8
69185,2014-03-06,22.0,52.0,1020.6
69186,2014-03-07,13.0,76.0,1022.0
69187,2014-03-08,9.0,74.0,1021.9
69188,2014-03-09,31.0,55.0,1019.4
69189,2014-03-10,54.0,43.0,1017.8
69190,2014-03-11,26.0,48.0,1019.3
69191,2014-03-12,20.0,78.0,1020.3
69192,2014-03-13,11.0,65.0,1020.9
69193,2014-03-14,9.0,71.0,1015.8
69194,2014-03-15,26.0,33.0,1005.2
69195,2014-03-16,20.0,60.0,1005.8
69196,2014-03-17,35.0,66.0,1012.1
69197,2014-03-18,17.0,58.0,1019.1
69198,2014-03-19,11.0,68.0,1027.6
69199,2014-03-20,30.0,68.0,1024.4
69200,2014-03-21,37.0,58.0,1015.1
69201,2014-03-22,15.0,71.0,1021.1
69202,2014-03-23,13.0,74.0,1018.9
69203,2014-03-24,4.0,83.0,1020.7
69204,2014-03-25,7.0,78.0,1024.1
69205,2014-03-26,9.0,80.0,1025.1
69206,2014-03-27,4.0,93.0,1017.4
69207,2014-03-28,13.0,82.0,1017.1
69208,2014-03-29,9.0,87.0,1018.1
69209,2014-03-30,2.0,90.0,1020.1
69210,2014-03-31,33.0,72.0,1019.4
69211,2014-04-01,35.0,56.0,1016.1
69212,2014-04-02,35.0,49.0,1013.2
69213,2014-04-03,15.0,60.0,1019.9
69214,2014-04-04,28.0,67.0,1021.9
69215,2014-04-05,9.0,77.0,1021.6
69216,2014-04-06,7.0,88.0,1024.5
69217,2014-04-07,31.0,75.0,1023.7
69218,2014-04-08,39.0,54.0,1020.1
69219,2014-04-09,11.0,91.0,1019.7
69220,2014-04-10,13.0,95.0,1013.4
69221,2014-04-11,31.0,86.0,1011.3
69222,2014-04-12,22.0,78.0,1018.7
69223,2014-04-13,13.0,78.0,1020.9
69224,2014-04-14,22.0,68.0,1023.8
69225,2014-04-15,9.0,67.0,1024.0
69226,2014-04-16,11.0,86.0,1021.2
69227,2014-04-17,6.0,76.0,1021.1
69228,2014-04-18,22.0,58.0,1014.8
69229,2014-04-19,17.0,65.0,1020.5
69230,2014-04-20,15.0,55.0,1018.2
69231,2014-04-21,43.0,48.0,1019.4
69232,2014-04-22,31.0,83.0,1015.5
69233,2014-04-23,11.0,74.0,1017.1
69234,2014-04-24,28.0,83.0,1015.1
69235,2014-04-25,9.0,76.0,1020.5
69236,2014-04-26,20.0,52.0,1011.8
69237,2014-04-27,11.0,57.0,1025.7
69238,2014-04-28,31.0,66.0,1020.7
69239,2014-04-29,44.0,67.0,1009.8
69240,2014-04-30,28.0,89.0,1017.7
69241,2014-05-01,17.0,73.0,1018.6
69242,2014-05-02,31.0,68.0,1004.7
69243,2014-05-03,9.0,83.0,1000.1
69244,2014-05-04,30.0,78.0,1009.5
69245,2014-05-05,22.0,65.0,1017.2
69246,2014-05-06,20.0,60.0,1025.5
69247,2014-05-07,9.0,52.0,1027.7
69248,2014-05-08,13.0,79.0,1028.0
69249,2014-05-09,31.0,58.0,1022.2
69250,2014-05-10,19.0,89.0,1017.7
69251,2014-05-11,13.0,84.0,1024.4
69252,2014-05-12,13.0,93.0,1031.4
69253,2014-05-13,13.0,78.0,1028.7
69254,2014-05-14,22.0,64.0,1026.0
69255,2014-05-15,43.0,52.0,1021.9
69256,2014-05-16,41.0,48.0,1025.0
69257,2014-05-17,31.0,52.0,1025.0
69258,2014-05-18,35.0,53.0,1023.5
69259,2014-05-19,28.0,57.0,1020.7
69260,2014-05-20,22.0,73.0,1019.7
69261,2014-05-21,13.0,83.0,1022.6
69262,2014-05-22,44.0,62.0,1017.7
69263,2014-05-23,13.0,89.0,1013.9
69264,2014-05-24,13.0,81.0,1017.2
69265,2014-05-25,46.0,82.0,1015.7
69266,2014-05-26,26.0,83.0,1018.8
69267,2014-05-27,24.0,73.0,1005.7
69268,2014-05-28,22.0,73.0,1010.7
69269,2014-05-29,11.0,80.0,1024.7
69270,2014-05-30,11.0,84.0,1027.1
69271,2014-05-31,6.0,83.0,1023.2
69272,2014-06-01,0.0,93.0,1016.7
69273,2014-06-02,7.0,84.0,1019.8
69274,2014-06-03,19.0,93.0,1017.6
69275,2014-06-04,28.0,78.0,1024.2
69276,2014-06-05,9.0,85.0,1029.1
69277,2014-06-06,0.0,85.0,1031.8
69278,2014-06-07,13.0,87.0,1030.8
69279,2014-06-08,19.0,54.0,1032.4
69280,2014-06-09,11.0,69.0,1034.7
69281,2014-06-10,19.0,90.0,1031.4
69282,2014-06-11,17.0,77.0,1025.0
69283,2014-06-12,26.0,71.0,1018.1
69284,2014-06-13,11.0,92.0,1013.1
69285,2014-06-14,11.0,87.0,1015.1
69286,2014-06-15,20.0,87.0,1019.0
69287,2014-06-16,24.0,87.0,1018.9
69288,2014-06-17,20.0,85.0,1028.6
69289,2014-06-18,0.0,62.0,1031.8
69290,2014-06-19,33.0,75.0,1025.0
69291,2014-06-20,41.0,75.0,1014.2
69292,2014-06-21,22.0,78.0,1017.6
69293,2014-06-22,30.0,87.0,1022.4
69294,2014-06-23,54.0,67.0,1001.7
69295,2014-06-24,31.0,79.0,994.5
69296,2014-06-25,19.0,73.0,1011.8
69297,2014-06-26,24.0,61.0,1015.9
69298,2014-06-27,48.0,67.0,1012.3
69299,2014-06-28,28.0,74.0,996.5
69300,2014-06-29,28.0,75.0,1001.8
69301,2014-06-30,19.0,74.0,1017.8
69302,2014-07-01,17.0,71.0,1027.2
69303,2014-07-02,20.0,65.0,1029.8
69304,2014-07-03,37.0,79.0,1025.1
69305,2014-07-04,43.0,73.0,1015.6
69306,2014-07-05,22.0,69.0,1012.7
69307,2014-07-06,24.0,76.0,1014.6
69308,2014-07-07,17.0,87.0,1016.7
69309,2014-07-08,50.0,67.0,1011.0
69310,2014-07-09,35.0,68.0,997.8
69311,2014-07-10,26.0,72.0,1005.7
69312,2014-07-11,31.0,69.0,1016.2
69313,2014-07-12,19.0,74.0,1021.5
69314,2014-07-13,15.0,77.0,1031.7
69315,2014-07-14,9.0,88.0,1032.9
69316,2014-07-15,26.0,64.0,1019.5
69317,2014-07-16,24.0,78.0,1011.3
69318,2014-07-17,24.0,60.0,1009.1
69319,2014-07-18,20.0,66.0,1021.6
69320,2014-07-19,17.0,89.0,1029.3
69321,2014-07-20,11.0,84.0,1028.7
69322,2014-07-21,15.0,89.0,1026.7
69323,2014-07-22,9.0,93.0,1026.6
69324,2014-07-23,6.0,95.0,1024.2
69325,2014-07-24,9.0,78.0,1016.5
69326,2014-07-25,30.0,74.0,1016.1
69327,2014-07-26,15.0,72.0,1023.1
69328,2014-07-27,19.0,76.0,1025.0
69329,2014-07-28,50.0,60.0,1016.6
69330,2014-07-29,33.0,66.0,1010.4
69331,2014-07-30,22.0,65.0,1012.6
69332,2014-07-31,44.0,61.0,1000.8
69333,2014-08-01,22.0,60.0,1003.9
69334,2014-08-02,19.0,86.0,1029.9
69335,2014-08-03,20.0,81.0,1034.5
69336,2014-08-04,24.0,70.0,1034.2
69337,2014-08-05,13.0,61.0,1033.4
69338,2014-08-06,7.0,59.0,1031.8
69339,2014-08-07,11.0,80.0,1030.8
69340,2014-08-08,13.0,79.0,1031.0
69341,2014-08-09,39.0,61.0,1027.4
69342,2014-08-10,17.0,74.0,1024.3
69343,2014-08-11,9.0,83.0,1030.6
69344,2014-08-12,9.0,87.0,1033.9
69345,2014-08-13,7.0,69.0,1036.3
69346,2014-08-14,6.0,58.0,1035.9
69347,2014-08-15,0.0,78.0,1030.5
69348,2014-08-16,6.0,93.0,1024.1
69349,2014-08-17,17.0,73.0,1018.2
69350,2014-08-18,17.0,75.0,1020.9
69351,2014-08-19,20.0,74.0,1024.8
69352,2014-08-20,9.0,55.0,1027.1
69353,2014-08-21,6.0,83.0,1029.6
69354,2014-08-22,17.0,71.0,1031.4
69355,2014-08-23,26.0,66.0,1029.1
69356,2014-08-24,13.0,69.0,1026.9
69357,2014-08-25,13.0,84.0,1026.4
69358,2014-08-26,6.0,89.0,1028.6
69359,2014-08-27,7.0,83.0,1028.3
69360,2014-08-28,9.0,91.0,1029.8
69361,2014-08-29,11.0,84.0,1030.0
69362,2014-08-30,9.0,80.0,1026.3
69363,2014-08-31,39.0,56.0,1019.2
69364,2014-09-01,35.0,45.0,1008.8
69365,2014-09-02,24.0,73.0,1017.9
69366,2014-09-03,13.0,56.0,1023.4
69367,2014-09-04,9.0,72.0,1021.1
69368,2014-09-05,13.0,87.0,1026.5
69369,2014-09-06,9.0,87.0,1030.9
69370,2014-09-07,22.0,65.0,1029.8
69371,2014-09-08,41.0,53.0,1021.7
69372,2014-09-09,57.0,67.0,1005.0
69373,2014-09-10,26.0,53.0,1010.9
69374,2014-09-11,22.0,69.0,1016.3
69375,2014-09-12,13.0,69.0,1027.2
69376,2014-09-13,9.0,69.0,1026.4
69377,2014-09-14,13.0,64.0,1021.9
69378,2014-09-15,9.0,87.0,1016.3
69379,2014-09-16,22.0,78.0,1009.7
69380,2014-09-17,31.0,65.0,1013.7
69381,2014-09-18,22.0,64.0,1022.7
69382,2014-09-19,24.0,64.0,1025.2
69383,2014-09-20,17.0,70.0,1028.0
69384,2014-09-21,9.0,49.0,1031.5
69385,2014-09-22,13.0,66.0,1029.9
69386,2014-09-23,28.0,45.0,1027.1
69387,2014-09-24,37.0,39.0,1016.5
69388,2014-09-25,22.0,91.0,1016.9
69389,2014-09-26,17.0,74.0,1020.0
69390,2014-09-27,22.0,63.0,1020.2
69391,2014-09-28,57.0,43.0,1013.0
69392,2014-09-29,17.0,45.0,1013.9
69393,2014-09-30,37.0,47.0,1008.9
69394,2014-10-01,26.0,52.0,1022.9
69395,2014-10-02,19.0,68.0,1024.6
69396,2014-10-03,9.0,80.0,1023.1
69397,2014-10-04,33.0,42.0,1015.6
69398,2014-10-05,19.0,62.0,1017.2
69399,2014-10-06,24.0,70.0,1008.9
69400,2014-10-07,24.0,66.0,1011.9
69401,2014-10-08,17.0,63.0,1020.7
69402,2014-10-09,11.0,68.0,1022.8
69403,2014-10-10,44.0,44.0,1014.8
69404,2014-10-11,11.0,70.0,1016.3
69405,2014-10-12,2.0,70.0,1010.7
69406,2014-10-13,31.0,61.0,1012.0
69407,2014-10-14,30.0,58.0,1021.7
69408,2014-10-15,6.0,52.0,1022.7
69409,2014-10-16,20.0,63.0,1019.2
69410,2014-10-17,19.0,51.0,1027.2
69411,2014-10-18,30.0,54.0,1026.5
69412,2014-10-19,50.0,28.0,1021.6
69413,2014-10-20,28.0,47.0,1030.3
69414,2014-10-21,13.0,63.0,1027.5
69415,2014-10-22,56.0,49.0,1019.6
69416,2014-10-23,13.0,88.0,1020.4
69417,2014-10-24,9.0,75.0,1011.9
69418,2014-10-25,11.0,69.0,1017.4
69419,2014-10-26,11.0,70.0,1014.2
69420,2014-10-27,20.0,93.0,1005.1
69421,2014-10-28,22.0,57.0,1011.4
69422,2014-10-29,9.0,62.0,1018.9
69423,2014-10-30,13.0,59.0,1015.7
69424,2014-10-31,24.0,67.0,1009.5
69425,2014-11-01,31.0,79.0,1004.0
69426,2014-11-02,30.0,59.0,1021.2
69427,2014-11-03,7.0,53.0,1025.9
69428,2014-11-04,43.0,31.0,1016.7
69429,2014-11-05,30.0,56.0,1018.9
69430,2014-11-06,9.0,56.0,1017.9
69431,2014-11-07,24.0,47.0,1016.8
69432,2014-11-08,57.0,21.0,1014.9
69433,2014-11-09,28.0,54.0,1022.6
69434,2014-11-10,19.0,72.0,1023.1
69435,2014-11-11,26.0,47.0,1024.1
69436,2014-11-12,9.0,61.0,1018.6
69437,2014-11-13,6.0,63.0,1014.6
69438,2014-11-14,24.0,59.0,1010.0
69439,2014-11-15,19.0,55.0,1013.6
69440,2014-11-16,26.0,91.0,1009.0
69441,2014-11-17,26.0,67.0,1015.2
69442,2014-11-18,17.0,58.0,1021.0
69443,2014-11-19,9.0,61.0,1019.7
69444,2014-11-20,59.0,22.0,1006.7
69445,2014-11-21,22.0,65.0,1011.0
69446,2014-11-22,17.0,66.0,1010.9
69447,2014-11-23,7.0,66.0,1012.5
69448,2014-11-24,9.0,79.0,1009.1
69449,2014-11-25,26.0,57.0,1018.4
69450,2014-11-26,13.0,57.0,1021.7
69451,2014-11-27,26.0,48.0,1025.9
69452,2014-11-28,9.0,69.0,1024.3
69453,2014-11-29,7.0,77.0,1017.4
69454,2014-11-30,6.0,60.0,1008.0
69455,2014-12-01,30.0,51.0,1004.9
69456,2014-12-02,0.0,69.0,1010.0
69457,2014-12-03,7.0,79.0,1013.6
69458,2014-12-04,7.0,77.0,1010.2
69459,2014-12-05,15.0,78.0,1008.5
69460,2014-12-06,19.0,86.0,1008.9
69461,2014-12-07,28.0,92.0,1008.9
69462,2014-12-08,19.0,80.0,1009.5
69463,2014-12-09,11.0,64.0,1016.4
69464,2014-12-10,7.0,73.0,1012.5
69465,2014-12-11,20.0,74.0,1015.1
69466,2014-12-12,11.0,63.0,1021.3
69467,2014-12-13,44.0,38.0,1016.5
69468,2014-12-14,43.0,33.0,1009.1
69469,2014-12-15,7.0,66.0,1009.3
69470,2014-12-16,11.0,69.0,996.1
69471,2014-12-17,19.0,47.0,1008.9
69472,2014-12-18,17.0,40.0,1005.8
69473,2014-12-19,24.0,53.0,1016.6
69474,2014-12-20,13.0,59.0,1019.3
69475,2014-12-21,9.0,64.0,1014.6
69476,2014-12-22,0.0,72.0,1013.0
69477,2014-12-23,19.0,58.0,1008.0
69478,2014-12-24,19.0,52.0,1015.8
69479,2014-12-25,9.0,63.0,1010.0
69480,2014-12-26,28.0,57.0,1015.6
69481,2014-12-27,7.0,54.0,1021.2
69482,2014-12-28,7.0,65.0,1015.8
69483,2014-12-29,22.0,23.0,1000.3
69484,2014-12-30,46.0,53.0,1007.7
69485,2014-12-31,9.0,58.0,1016.0
