,Date,Rainfall
67200,2008-07-01,2.0
67201,2008-07-02,0.6
67202,2008-07-03,1.4
67203,2008-07-04,0.6
67204,2008-07-05,0.0
67205,2008-07-06,0.0
67206,2008-07-07,0.0
67207,2008-07-08,5.0
67208,2008-07-09,1.2
67209,2008-07-10,3.0
67210,2008-07-11,0.2
67211,2008-07-12,0.0
67212,2008-07-13,0.0
67213,2008-07-14,0.0
67214,2008-07-15,0.0
67215,2008-07-16,0.0
67216,2008-07-17,0.0
67217,2008-07-18,0.8
67218,2008-07-19,1.6
67219,2008-07-20,0.8
67220,2008-07-21,13.8
67221,2008-07-22,2.4
67222,2008-07-23,0.8
67223,2008-07-24,0.0
67224,2008-07-25,0.0
67225,2008-07-26,0.0
67226,2008-07-27,8.2
67227,2008-07-28,1.6
67228,2008-07-29,0.0
67229,2008-07-30,0.0
67230,2008-07-31,0.4
67231,2008-08-01,0.4
67232,2008-08-02,0.6
67233,2008-08-03,0.0
67234,2008-08-04,0.2
67235,2008-08-05,0.2
67236,2008-08-06,0.0
67237,2008-08-07,0.0
67238,2008-08-08,0.4
67239,2008-08-09,1.8
67240,2008-08-10,4.8
67241,2008-08-11,11.4
67242,2008-08-12,0.6
67243,2008-08-13,1.6
67244,2008-08-14,0.2
67245,2008-08-15,0.2
67246,2008-08-16,2.2
67247,2008-08-17,4.2
67248,2008-08-18,0.4
67249,2008-08-19,0.0
67250,2008-08-20,0.0
67251,2008-08-21,0.0
67252,2008-08-22,14.0
67253,2008-08-23,0.6
67254,2008-08-24,0.2
67255,2008-08-25,0.0
67256,2008-08-26,0.0
67257,2008-08-27,0.0
67258,2008-08-28,0.0
67259,2008-08-29,0.4
67260,2008-08-30,0.0
67261,2008-08-31,0.4
67262,2008-09-01,0.8
67263,2008-09-02,0.8
67264,2008-09-03,0.4
67265,2008-09-04,0.0
67266,2008-09-05,0.0
67267,2008-09-06,0.0
67268,2008-09-07,0.0
67269,2008-09-08,0.2
67270,2008-09-09,0.2
67271,2008-09-10,0.0
67272,2008-09-11,0.0
67273,2008-09-12,0.0
67274,2008-09-13,0.0
67275,2008-09-14,0.0
67276,2008-09-15,0.0
67277,2008-09-16,2.0
67278,2008-09-17,0.0
67279,2008-09-18,0.0
67280,2008-09-19,0.0
67281,2008-09-20,0.2
67282,2008-09-21,0.4
67283,2008-09-22,0.0
67284,2008-09-23,6.4
67285,2008-09-24,0.0
67286,2008-09-25,0.0
67287,2008-09-26,0.0
67288,2008-09-27,0.0
67289,2008-09-28,0.0
67290,2008-09-29,0.6
67291,2008-09-30,0.0
67292,2008-10-01,0.0
67293,2008-10-02,0.0
67294,2008-10-03,0.0
67295,2008-10-04,4.4
67296,2008-10-05,0.0
67297,2008-10-06,1.0
67298,2008-10-07,2.0
67299,2008-10-08,0.0
67300,2008-10-09,0.0
67301,2008-10-10,0.0
67302,2008-10-11,0.0
67303,2008-10-12,0.0
67304,2008-10-13,0.0
67305,2008-10-14,0.0
67306,2008-10-15,0.0
67307,2008-10-16,0.0
67308,2008-10-17,0.0
67309,2008-10-18,1.6
67310,2008-10-19,0.0
67311,2008-10-20,0.0
67312,2008-10-21,0.0
67313,2008-10-22,2.6
67314,2008-10-23,0.0
67315,2008-10-24,0.0
67316,2008-10-25,0.0
67317,2008-10-26,0.0
67318,2008-10-27,0.0
67319,2008-10-28,2.2
67320,2008-10-29,0.0
67321,2008-10-30,0.0
67322,2008-10-31,0.4
67323,2008-11-01,0.2
67324,2008-11-02,0.0
67325,2008-11-03,2.8
67326,2008-11-04,2.0
67327,2008-11-05,0.0
67328,2008-11-06,0.0
67329,2008-11-07,0.0
67330,2008-11-08,7.6
67331,2008-11-09,0.0
67332,2008-11-10,0.0
67333,2008-11-11,0.0
67334,2008-11-12,0.0
67335,2008-11-13,0.0
67336,2008-11-14,10.2
67337,2008-11-15,0.0
67338,2008-11-16,0.0
67339,2008-11-17,0.0
67340,2008-11-18,0.0
67341,2008-11-19,0.4
67342,2008-11-20,4.0
67343,2008-11-21,0.2
67344,2008-11-22,5.8
67345,2008-11-23,15.2
67346,2008-11-24,0.0
67347,2008-11-25,0.0
67348,2008-11-26,0.0
67349,2008-11-27,0.0
67350,2008-11-28,0.4
67351,2008-11-29,5.4
67352,2008-11-30,0.0
67353,2008-12-01,1.4
67354,2008-12-02,0.0
67355,2008-12-03,0.0
67356,2008-12-04,0.0
67357,2008-12-05,0.6
67358,2008-12-06,0.0
67359,2008-12-07,0.4
67360,2008-12-08,0.0
67361,2008-12-09,0.0
67362,2008-12-10,4.8
67363,2008-12-11,0.0
67364,2008-12-12,0.0
67365,2008-12-13,36.2
67366,2008-12-14,21.8
67367,2008-12-15,0.8
67368,2008-12-16,0.0
67369,2008-12-17,3.4
67370,2008-12-18,1.4
67371,2008-12-19,4.0
67372,2008-12-20,0.2
67373,2008-12-21,0.0
67374,2008-12-22,0.0
67375,2008-12-23,0.0
67376,2008-12-24,0.0
67377,2008-12-25,0.0
67378,2008-12-26,0.0
67379,2008-12-27,0.0
67380,2008-12-28,0.0
67381,2008-12-29,0.0
67382,2008-12-30,1.8
67383,2008-12-31,0.0
67384,2009-01-01,0.0
67385,2009-01-02,0.2
67386,2009-01-03,0.6
67387,2009-01-04,0.0
67388,2009-01-05,0.0
67389,2009-01-06,0.0
67390,2009-01-07,0.0
67391,2009-01-08,0.0
67392,2009-01-09,0.0
67393,2009-01-10,0.0
67394,2009-01-11,0.0
67395,2009-01-12,0.0
67396,2009-01-13,0.0
67397,2009-01-14,0.0
67398,2009-01-15,0.0
67399,2009-01-16,0.0
67400,2009-01-17,0.0
67401,2009-01-18,0.0
67402,2009-01-19,0.0
67403,2009-01-20,0.0
67404,2009-01-21,0.0
67405,2009-01-22,0.0
67406,2009-01-23,0.0
67407,2009-01-24,0.0
67408,2009-01-25,0.0
67409,2009-01-26,0.0
67410,2009-01-27,0.0
67411,2009-01-28,0.0
67412,2009-01-29,0.0
67413,2009-01-30,0.0
67414,2009-01-31,0.0
67415,2009-02-01,0.0
67416,2009-02-02,0.0
67417,2009-02-03,0.0
67418,2009-02-04,0.0
67419,2009-02-05,0.0
67420,2009-02-06,0.0
67421,2009-02-07,0.0
67422,2009-02-08,0.8
67423,2009-02-09,0.6
67424,2009-02-10,0.0
67425,2009-02-11,0.0
67426,2009-02-12,0.0
67427,2009-02-13,0.0
67428,2009-02-14,0.0
67429,2009-02-15,0.0
67430,2009-02-16,0.0
67431,2009-02-17,0.0
67432,2009-02-18,0.0
67433,2009-02-19,0.0
67434,2009-02-20,0.0
67435,2009-02-21,0.2
67436,2009-02-22,0.0
67437,2009-02-23,0.0
67438,2009-02-24,0.0
67439,2009-02-25,1.2
67440,2009-02-26,0.2
67441,2009-02-27,0.0
67442,2009-02-28,0.0
67443,2009-03-01,1.6
67444,2009-03-02,0.0
67445,2009-03-03,0.8
67446,2009-03-04,2.4
67447,2009-03-05,2.0
67448,2009-03-06,6.6
67449,2009-03-07,0.4
67450,2009-03-08,0.0
67451,2009-03-09,0.0
67452,2009-03-10,0.0
67453,2009-03-11,0.0
67454,2009-03-12,5.4
67455,2009-03-13,3.0
67456,2009-03-14,0.4
67457,2009-03-15,20.4
67458,2009-03-16,0.4
67459,2009-03-17,0.2
67460,2009-03-18,0.0
67461,2009-03-19,0.0
67462,2009-03-20,0.0
67463,2009-03-21,0.0
67464,2009-03-22,0.0
67465,2009-03-23,1.6
67466,2009-03-24,0.0
67467,2009-03-25,2.4
67468,2009-03-26,0.0
67469,2009-03-27,0.0
67470,2009-03-28,0.0
67471,2009-03-29,0.0
67472,2009-03-30,0.0
67473,2009-03-31,0.0
67474,2009-04-01,0.0
67475,2009-04-02,0.0
67476,2009-04-03,0.0
67477,2009-04-04,18.0
67478,2009-04-05,0.0
67479,2009-04-06,0.2
67480,2009-04-07,2.2
67481,2009-04-08,1.6
67482,2009-04-09,0.0
67483,2009-04-10,0.0
67484,2009-04-11,0.0
67485,2009-04-12,0.0
67486,2009-04-13,0.0
67487,2009-04-14,0.0
67488,2009-04-15,1.2
67489,2009-04-16,0.0
67490,2009-04-17,0.0
67491,2009-04-18,0.0
67492,2009-04-19,0.0
67493,2009-04-20,0.0
67494,2009-04-21,0.0
67495,2009-04-22,0.0
67496,2009-04-23,0.0
67497,2009-04-24,0.0
67498,2009-04-25,3.4
67499,2009-04-26,2.6
67500,2009-04-27,1.8
67501,2009-04-28,6.6
67502,2009-04-29,1.6
67503,2009-04-30,0.0
67504,2009-05-01,0.0
67505,2009-05-02,0.0
67506,2009-05-03,0.0
67507,2009-05-04,0.0
67508,2009-05-05,0.0
67509,2009-05-06,0.0
67510,2009-05-07,0.0
67511,2009-05-08,0.2
67512,2009-05-09,3.2
67513,2009-05-10,0.0
67514,2009-05-11,0.2
67515,2009-05-12,0.0
67516,2009-05-13,0.2
67517,2009-05-14,0.0
67518,2009-05-15,0.0
67519,2009-05-16,0.4
67520,2009-05-17,0.0
67521,2009-05-18,0.0
67522,2009-05-19,0.0
67523,2009-05-20,0.0
67524,2009-05-21,0.0
67525,2009-05-22,0.0
67526,2009-05-23,0.0
67527,2009-05-24,0.0
67528,2009-05-25,0.0
67529,2009-05-26,4.0
67530,2009-05-27,0.0
67531,2009-05-28,0.6
67532,2009-05-29,1.8
67533,2009-05-30,0.0
67534,2009-05-31,0.0
67535,2009-06-01,0.0
67536,2009-06-02,0.2
67537,2009-06-03,1.8
67538,2009-06-04,1.8
67539,2009-06-05,0.0
67540,2009-06-06,0.0
67541,2009-06-07,0.6
67542,2009-06-08,1.6
67543,2009-06-09,3.2
67544,2009-06-10,7.0
67545,2009-06-11,6.6
67546,2009-06-12,0.0
67547,2009-06-13,0.0
67548,2009-06-14,0.2
67549,2009-06-15,0.0
67550,2009-06-16,0.0
67551,2009-06-17,0.0
67552,2009-06-18,0.0
67553,2009-06-19,0.0
67554,2009-06-20,0.0
67555,2009-06-21,0.0
67556,2009-06-22,1.2
67557,2009-06-23,0.0
67558,2009-06-24,1.6
67559,2009-06-25,0.0
67560,2009-06-26,0.0
67561,2009-06-27,0.0
67562,2009-06-28,0.0
67563,2009-06-29,0.0
67564,2009-06-30,0.0
67565,2009-07-01,2.6
67566,2009-07-02,0.2
67567,2009-07-03,7.2
67568,2009-07-04,1.2
67569,2009-07-05,1.0
67570,2009-07-06,0.0
67571,2009-07-07,0.4
67572,2009-07-08,0.0
67573,2009-07-09,0.0
67574,2009-07-10,0.0
67575,2009-07-11,2.2
67576,2009-07-12,0.6
67577,2009-07-13,0.0
67578,2009-07-14,1.0
67579,2009-07-15,0.0
67580,2009-07-16,0.0
67581,2009-07-17,0.0
67582,2009-07-18,0.0
67583,2009-07-19,0.0
67584,2009-07-20,0.0
67585,2009-07-21,0.0
67586,2009-07-22,0.0
67587,2009-07-23,15.6
67588,2009-07-24,0.0
67589,2009-07-25,0.0
67590,2009-07-26,0.0
67591,2009-07-27,0.0
67592,2009-07-28,0.0
67593,2009-07-29,0.0
67594,2009-07-30,0.4
67595,2009-07-31,7.2
67596,2009-08-01,0.2
67597,2009-08-02,0.4
67598,2009-08-03,3.2
67599,2009-08-04,0.0
67600,2009-08-05,5.2
67601,2009-08-06,0.0
67602,2009-08-07,1.0
67603,2009-08-08,0.0
67604,2009-08-09,0.0
67605,2009-08-10,0.0
67606,2009-08-11,0.6
67607,2009-08-12,5.8
67608,2009-08-13,0.4
67609,2009-08-14,1.0
67610,2009-08-15,0.0
67611,2009-08-16,0.0
67612,2009-08-17,5.4
67613,2009-08-18,0.0
67614,2009-08-19,0.0
67615,2009-08-20,2.8
67616,2009-08-21,1.0
67617,2009-08-22,0.2
67618,2009-08-23,0.0
67619,2009-08-24,0.2
67620,2009-08-25,5.6
67621,2009-08-26,4.0
67622,2009-08-27,0.0
67623,2009-08-28,0.0
67624,2009-08-29,0.0
67625,2009-08-30,4.2
67626,2009-08-31,0.0
67627,2009-09-01,1.6
67628,2009-09-02,0.0
67629,2009-09-03,0.0
67630,2009-09-04,1.4
67631,2009-09-05,2.6
67632,2009-09-06,0.0
67633,2009-09-07,0.8
67634,2009-09-08,4.8
67635,2009-09-09,0.8
67636,2009-09-10,0.0
67637,2009-09-11,0.0
67638,2009-09-12,0.0
67639,2009-09-13,0.0
67640,2009-09-14,0.0
67641,2009-09-15,0.0
67642,2009-09-16,0.0
67643,2009-09-17,0.0
67644,2009-09-18,12.6
67645,2009-09-19,0.0
67646,2009-09-20,2.6
67647,2009-09-21,0.0
67648,2009-09-22,16.6
67649,2009-09-23,0.0
67650,2009-09-24,0.4
67651,2009-09-25,8.0
67652,2009-09-26,11.8
67653,2009-09-27,2.0
67654,2009-09-28,3.6
67655,2009-09-29,1.6
67656,2009-09-30,0.0
67657,2009-10-01,0.0
67658,2009-10-02,0.0
67659,2009-10-03,0.0
67660,2009-10-04,0.0
67661,2009-10-05,0.0
67662,2009-10-06,3.0
67663,2009-10-07,0.8
67664,2009-10-08,0.4
67665,2009-10-09,0.0
67666,2009-10-10,0.0
67667,2009-10-11,0.0
67668,2009-10-12,0.8
67669,2009-10-13,0.8
67670,2009-10-14,3.2
67671,2009-10-15,1.8
67672,2009-10-16,5.4
67673,2009-10-17,1.2
67674,2009-10-18,0.0
67675,2009-10-19,0.0
67676,2009-10-20,0.0
67677,2009-10-21,0.0
67678,2009-10-22,0.0
67679,2009-10-23,0.0
67680,2009-10-24,0.0
67681,2009-10-25,0.0
67682,2009-10-26,0.0
67683,2009-10-27,0.0
67684,2009-10-28,0.0
67685,2009-10-29,0.0
67686,2009-10-30,0.6
67687,2009-10-31,4.0
67688,2009-11-01,4.6
67689,2009-11-02,0.0
67690,2009-11-03,0.8
67691,2009-11-04,0.0
67692,2009-11-05,0.0
67693,2009-11-06,0.0
67694,2009-11-07,0.0
67695,2009-11-08,0.0
67696,2009-11-09,0.0
67697,2009-11-10,0.0
67698,2009-11-11,0.0
67699,2009-11-12,0.0
67700,2009-11-13,0.0
67701,2009-11-14,0.0
67702,2009-11-15,0.0
67703,2009-11-16,0.0
67704,2009-11-17,0.0
67705,2009-11-18,0.0
67706,2009-11-19,0.0
67707,2009-11-20,0.0
67708,2009-11-21,1.2
67709,2009-11-22,45.8
67710,2009-11-23,16.0
67711,2009-11-24,0.0
67712,2009-11-25,0.0
67713,2009-11-26,3.6
67714,2009-11-27,5.6
67715,2009-11-28,4.8
67716,2009-11-29,10.6
67717,2009-11-30,10.6
67718,2009-12-01,0.0
67719,2009-12-02,0.0
67720,2009-12-03,0.0
67721,2009-12-04,0.0
67722,2009-12-05,0.0
67723,2009-12-06,0.0
67724,2009-12-07,0.0
67725,2009-12-08,8.2
67726,2009-12-09,13.2
67727,2009-12-10,0.0
67728,2009-12-11,11.6
67729,2009-12-12,0.0
67730,2009-12-13,0.0
67731,2009-12-14,0.0
67732,2009-12-15,0.0
67733,2009-12-16,0.0
67734,2009-12-17,0.0
67735,2009-12-18,11.2
67736,2009-12-19,0.2
67737,2009-12-20,0.0
67738,2009-12-21,0.0
67739,2009-12-22,0.0
67740,2009-12-23,0.0
67741,2009-12-24,0.0
67742,2009-12-25,15.8
67743,2009-12-26,0.0
67744,2009-12-27,0.0
67745,2009-12-28,0.0
67746,2009-12-29,0.0
67747,2009-12-30,0.0
67748,2009-12-31,0.0
67749,2010-01-01,10.6
67750,2010-01-02,5.0
67751,2010-01-03,0.0
67752,2010-01-04,0.0
67753,2010-01-05,0.0
67754,2010-01-06,0.0
67755,2010-01-07,0.0
67756,2010-01-08,0.0
67757,2010-01-09,0.0
67758,2010-01-10,0.0
67759,2010-01-11,0.0
67760,2010-01-12,0.0
67761,2010-01-13,0.2
67762,2010-01-14,0.0
67763,2010-01-15,0.0
67764,2010-01-16,0.0
67765,2010-01-17,0.0
67766,2010-01-18,2.6
67767,2010-01-19,7.2
67768,2010-01-20,0.0
67769,2010-01-21,0.0
67770,2010-01-22,0.0
67771,2010-01-23,0.0
67772,2010-01-24,0.0
67773,2010-01-25,0.0
67774,2010-01-26,0.0
67775,2010-01-27,0.0
67776,2010-01-28,0.0
67777,2010-01-29,0.0
67778,2010-01-30,0.0
67779,2010-01-31,0.0
67780,2010-02-01,1.4
67781,2010-02-02,0.0
67782,2010-02-03,0.0
67783,2010-02-04,0.0
67784,2010-02-05,15.0
67785,2010-02-06,2.0
67786,2010-02-07,0.0
67787,2010-02-08,0.0
67788,2010-02-09,0.0
67789,2010-02-10,0.0
67790,2010-02-11,0.0
67791,2010-02-12,35.2
67792,2010-02-13,0.0
67793,2010-02-14,9.2
67794,2010-02-15,0.0
67795,2010-02-16,0.0
67796,2010-02-17,0.0
67797,2010-02-18,0.0
67798,2010-02-19,0.0
67799,2010-02-20,0.0
67800,2010-02-21,0.0
67801,2010-02-22,0.0
67802,2010-02-23,0.0
67803,2010-02-24,0.0
67804,2010-02-25,0.0
67805,2010-02-26,0.0
67806,2010-02-27,0.0
67807,2010-02-28,0.0
67808,2010-03-01,0.4
67809,2010-03-02,0.0
67810,2010-03-03,0.0
67811,2010-03-04,0.0
67812,2010-03-05,1.0
67813,2010-03-06,1.2
67814,2010-03-07,39.2
67815,2010-03-08,27.2
67816,2010-03-09,7.0
67817,2010-03-10,0.0
67818,2010-03-11,0.2
67819,2010-03-12,0.0
67820,2010-03-13,0.0
67821,2010-03-14,0.0
67822,2010-03-15,0.0
67823,2010-03-16,0.0
67824,2010-03-17,0.0
67825,2010-03-18,0.0
67826,2010-03-19,0.0
67827,2010-03-20,0.2
67828,2010-03-21,0.0
67829,2010-03-22,0.0
67830,2010-03-23,0.0
67831,2010-03-24,0.0
67832,2010-03-25,0.0
67833,2010-03-26,0.0
67834,2010-03-27,0.0
67835,2010-03-28,0.0
67836,2010-03-29,8.0
67837,2010-03-30,0.4
67838,2010-03-31,0.0
67839,2010-04-01,0.0
67840,2010-04-02,0.0
67841,2010-04-03,0.0
67842,2010-04-04,0.0
67843,2010-04-05,0.0
67844,2010-04-06,0.0
67845,2010-04-07,6.8
67846,2010-04-08,0.2
67847,2010-04-09,0.0
67848,2010-04-10,0.2
67849,2010-04-11,3.6
67850,2010-04-12,0.4
67851,2010-04-13,0.6
67852,2010-04-14,0.0
67853,2010-04-15,0.0
67854,2010-04-16,0.0
67855,2010-04-17,0.0
67856,2010-04-18,0.0
67857,2010-04-19,0.0
67858,2010-04-20,0.0
67859,2010-04-21,1.0
67860,2010-04-22,0.0
67861,2010-04-23,0.0
67862,2010-04-24,5.0
67863,2010-04-25,0.4
67864,2010-04-26,0.0
67865,2010-04-27,0.0
67866,2010-04-28,0.8
67867,2010-04-29,2.2
67868,2010-04-30,0.2
67869,2010-05-01,0.0
67870,2010-05-02,0.0
67871,2010-05-03,0.0
67872,2010-05-04,0.0
67873,2010-05-05,4.2
67874,2010-05-06,2.2
67875,2010-05-07,0.0
67876,2010-05-08,4.8
67877,2010-05-09,0.0
67878,2010-05-10,0.0
67879,2010-05-11,3.8
67880,2010-05-12,0.0
67881,2010-05-13,0.2
67882,2010-05-14,1.0
67883,2010-05-15,0.0
67884,2010-05-16,0.0
67885,2010-05-17,0.0
67886,2010-05-18,0.0
67887,2010-05-19,0.0
67888,2010-05-20,0.0
67889,2010-05-21,0.0
67890,2010-05-22,0.0
67891,2010-05-23,0.0
67892,2010-05-24,0.0
67893,2010-05-25,4.2
67894,2010-05-26,1.8
67895,2010-05-27,0.0
67896,2010-05-28,0.4
67897,2010-05-29,1.8
67898,2010-05-30,0.6
67899,2010-05-31,0.0
67900,2010-06-01,0.0
67901,2010-06-02,0.0
67902,2010-06-03,0.0
67903,2010-06-04,0.0
67904,2010-06-05,0.0
67905,2010-06-06,16.8
67906,2010-06-07,4.8
67907,2010-06-08,0.0
67908,2010-06-09,2.6
67909,2010-06-10,2.8
67910,2010-06-11,0.6
67911,2010-06-12,2.8
67912,2010-06-13,0.2
67913,2010-06-14,0.0
67914,2010-06-15,0.0
67915,2010-06-16,0.0
67916,2010-06-17,0.0
67917,2010-06-18,4.6
67918,2010-06-19,3.8
67919,2010-06-20,0.6
67920,2010-06-21,1.8
67921,2010-06-22,0.0
67922,2010-06-23,0.0
67923,2010-06-24,0.0
67924,2010-06-25,0.4
67925,2010-06-26,11.8
67926,2010-06-27,8.0
67927,2010-06-28,0.0
67928,2010-06-29,0.0
67929,2010-06-30,1.8
67930,2010-07-01,0.0
67931,2010-07-02,0.0
67932,2010-07-03,3.8
67933,2010-07-04,0.0
67934,2010-07-05,0.0
67935,2010-07-06,0.0
67936,2010-07-07,0.0
67937,2010-07-08,0.0
67938,2010-07-09,0.0
67939,2010-07-10,0.0
67940,2010-07-11,0.0
67941,2010-07-12,0.0
67942,2010-07-13,0.0
67943,2010-07-14,1.2
67944,2010-07-15,5.2
67945,2010-07-16,0.0
67946,2010-07-17,0.0
67947,2010-07-18,0.0
67948,2010-07-19,8.6
67949,2010-07-20,0.0
67950,2010-07-21,5.6
67951,2010-07-22,0.0
67952,2010-07-23,2.0
67953,2010-07-24,0.0
67954,2010-07-25,0.0
67955,2010-07-26,0.0
67956,2010-07-27,0.0
67957,2010-07-28,0.0
67958,2010-07-29,4.4
67959,2010-07-30,0.0
67960,2010-07-31,0.0
67961,2010-08-01,3.4
67962,2010-08-02,6.0
67963,2010-08-03,4.4
67964,2010-08-04,0.0
67965,2010-08-05,4.8
67966,2010-08-06,2.2
67967,2010-08-07,0.0
67968,2010-08-08,0.0
67969,2010-08-09,0.0
67970,2010-08-10,1.4
67971,2010-08-11,7.2
67972,2010-08-12,16.2
67973,2010-08-13,1.8
67974,2010-08-14,0.0
67975,2010-08-15,0.0
67976,2010-08-16,6.0
67977,2010-08-17,1.4
67978,2010-08-18,0.0
67979,2010-08-19,0.0
67980,2010-08-20,0.0
67981,2010-08-21,0.0
67982,2010-08-22,0.0
67983,2010-08-23,0.0
67984,2010-08-24,1.4
67985,2010-08-25,8.2
67986,2010-08-26,0.2
67987,2010-08-27,0.0
67988,2010-08-28,0.0
67989,2010-08-29,0.0
67990,2010-08-30,0.0
67991,2010-08-31,0.0
67992,2010-09-01,5.8
67993,2010-09-02,6.2
67994,2010-09-03,0.0
67995,2010-09-04,9.6
67996,2010-09-05,3.8
67997,2010-09-06,1.8
67998,2010-09-07,11.2
67999,2010-09-08,0.0
68000,2010-09-09,0.0
68001,2010-09-10,2.6
68002,2010-09-11,0.6
68003,2010-09-12,0.0
68004,2010-09-13,0.0
68005,2010-09-14,0.0
68006,2010-09-15,0.0
68007,2010-09-16,1.2
68008,2010-09-17,0.6
68009,2010-09-18,0.0
68010,2010-09-19,3.0
68011,2010-09-20,0.0
68012,2010-09-21,0.4
68013,2010-09-22,0.0
68014,2010-09-23,0.0
68015,2010-09-24,0.0
68016,2010-09-25,0.0
68017,2010-09-26,0.4
68018,2010-09-27,0.2
68019,2010-09-28,4.4
68020,2010-09-29,1.2
68021,2010-09-30,0.0
68022,2010-10-01,0.0
68023,2010-10-02,0.0
68024,2010-10-03,0.0
68025,2010-10-04,0.0
68026,2010-10-05,1.8
68027,2010-10-06,0.0
68028,2010-10-07,17.4
68029,2010-10-08,0.0
68030,2010-10-09,0.0
68031,2010-10-10,0.0
68032,2010-10-11,0.0
68033,2010-10-12,0.0
68034,2010-10-13,9.4
68035,2010-10-14,4.0
68036,2010-10-15,12.0
68037,2010-10-16,22.6
68038,2010-10-17,1.6
68039,2010-10-18,0.0
68040,2010-10-19,1.4
68041,2010-10-20,0.0
68042,2010-10-21,0.0
68043,2010-10-22,0.0
68044,2010-10-23,6.8
68045,2010-10-24,1.8
68046,2010-10-25,0.0
68047,2010-10-26,0.0
68048,2010-10-27,2.4
68049,2010-10-28,0.0
68050,2010-10-29,0.0
68051,2010-10-30,2.2
68052,2010-10-31,61.4
68053,2010-11-01,3.8
68054,2010-11-02,0.6
68055,2010-11-03,4.0
68056,2010-11-04,5.2
68057,2010-11-05,0.0
68058,2010-11-06,0.0
68059,2010-11-07,0.2
68060,2010-11-08,0.0
68061,2010-11-09,0.0
68062,2010-11-10,0.0
68063,2010-11-11,0.0
68064,2010-11-12,0.0
68065,2010-11-13,20.0
68066,2010-11-14,15.6
68067,2010-11-15,1.2
68068,2010-11-16,0.2
68069,2010-11-17,0.0
68070,2010-11-18,0.0
68071,2010-11-19,2.6
68072,2010-11-20,0.0
68073,2010-11-21,0.2
68074,2010-11-22,0.2
68075,2010-11-23,0.0
68076,2010-11-24,0.0
68077,2010-11-25,23.0
68078,2010-11-26,1.8
68079,2010-11-27,14.2
68080,2010-11-28,21.4
68081,2010-11-29,0.6
68082,2010-11-30,0.4
68083,2010-12-01,0.2
68084,2010-12-02,5.0
68085,2010-12-03,7.8
68086,2010-12-04,0.2
68087,2010-12-05,0.0
68088,2010-12-06,0.0
68089,2010-12-07,2.4
68090,2010-12-08,2.8
68091,2010-12-09,28.8
68092,2010-12-10,2.4
68093,2010-12-11,0.2
68094,2010-12-12,0.4
68095,2010-12-13,4.6
68096,2010-12-14,0.0
68097,2010-12-15,0.0
68098,2010-12-16,0.8
68099,2010-12-17,0.0
68100,2010-12-18,2.8
68101,2010-12-19,2.8
68102,2010-12-20,22.2
68103,2010-12-21,0.0
68104,2010-12-22,1.4
68105,2010-12-23,0.0
68106,2010-12-24,0.0
68107,2010-12-25,0.0
68108,2010-12-26,0.0
68109,2010-12-27,0.4
68110,2010-12-28,0.0
68111,2010-12-29,0.0
68112,2010-12-30,0.0
68113,2010-12-31,0.0
68114,2011-01-01,0.0
68115,2011-01-02,0.0
68116,2011-01-03,0.0
68117,2011-01-04,0.0
68118,2011-01-05,0.0
68119,2011-01-06,0.0
68120,2011-01-07,0.0
68121,2011-01-08,0.0
68122,2011-01-09,0.6
68123,2011-01-10,0.2
68124,2011-01-11,7.0
68125,2011-01-12,15.4
68126,2011-01-13,4.8
68127,2011-01-14,28.2
68128,2011-01-15,22.4
68129,2011-01-16,0.0
68130,2011-01-17,0.0
68131,2011-01-18,0.0
68132,2011-01-19,0.0
68133,2011-01-20,0.0
68134,2011-01-21,0.0
68135,2011-01-22,0.0
68136,2011-01-23,0.0
68137,2011-01-24,4.6
68138,2011-01-25,0.0
68139,2011-01-26,6.0
68140,2011-01-27,0.2
68141,2011-01-28,0.0
68142,2011-01-29,0.0
68143,2011-01-30,0.0
68144,2011-01-31,0.0
68145,2011-02-01,0.0
68146,2011-02-02,0.0
68147,2011-02-03,0.0
68148,2011-02-04,2.4
68149,2011-02-05,
68150,2011-02-06,
68151,2011-02-07,82.2
68152,2011-02-08,3.2
68153,2011-02-09,0.0
68154,2011-02-10,0.0
68155,2011-02-11,1.8
68156,2011-02-12,
68157,2011-02-13,
68158,2011-02-14,4.4
68159,2011-02-15,0.0
68160,2011-02-16,0.0
68161,2011-02-17,4.6
68162,2011-02-18,0.0
68163,2011-02-19,
68164,2011-02-20,
68165,2011-02-21,15.4
68166,2011-02-22,0.2
68167,2011-02-23,0.0
68168,2011-02-24,
68169,2011-02-25,
68170,2011-02-26,11.8
68171,2011-02-27,0.0
68172,2011-02-28,0.0
68173,2011-03-01,0.2
68174,2011-03-02,0.4
68175,2011-03-03,0.0
68176,2011-03-04,0.0
68177,2011-03-05,0.0
68178,2011-03-06,0.0
68179,2011-03-07,0.0
68180,2011-03-08,0.0
68181,2011-03-09,0.2
68182,2011-03-10,11.2
68183,2011-03-11,0.2
68184,2011-03-12,0.0
68185,2011-03-13,0.0
68186,2011-03-14,6.2
68187,2011-03-15,0.2
68188,2011-03-16,0.0
68189,2011-03-17,0.0
68190,2011-03-18,0.0
68191,2011-03-19,0.0
68192,2011-03-20,2.0
68193,2011-03-21,0.2
68194,2011-03-22,0.0
68195,2011-03-23,0.0
68196,2011-03-24,0.0
68197,2011-03-25,9.4
68198,2011-03-26,0.2
68199,2011-03-27,0.0
68200,2011-03-28,0.0
68201,2011-03-29,0.0
68202,2011-03-30,0.0
68203,2011-03-31,0.0
68204,2011-05-01,0.0
68205,2011-05-02,21.2
68206,2011-05-03,0.0
68207,2011-05-04,0.0
68208,2011-05-05,0.6
68209,2011-05-06,0.0
68210,2011-05-07,0.0
68211,2011-05-08,0.0
68212,2011-05-09,6.8
68213,2011-05-10,0.0
68214,2011-05-11,4.2
68215,2011-05-12,6.8
68216,2011-05-13,11.0
68217,2011-05-14,8.0
68218,2011-05-15,1.4
68219,2011-05-16,0.0
68220,2011-05-17,0.0
68221,2011-05-18,0.0
68222,2011-05-19,0.0
68223,2011-05-20,0.0
68224,2011-05-21,0.0
68225,2011-05-22,0.0
68226,2011-05-23,3.4
68227,2011-05-24,1.2
68228,2011-05-25,1.2
68229,2011-05-26,0.0
68230,2011-05-27,1.6
68231,2011-05-28,1.0
68232,2011-05-29,0.0
68233,2011-05-30,0.0
68234,2011-05-31,0.0
68235,2011-06-01,0.0
68236,2011-06-02,0.0
68237,2011-06-03,0.0
68238,2011-06-04,
68239,2011-06-05,
68240,2011-06-06,4.8
68241,2011-06-07,0.0
68242,2011-06-08,6.6
68243,2011-06-09,
68244,2011-06-10,2.6
68245,2011-06-11,
68246,2011-06-12,
68247,2011-06-13,
68248,2011-06-14,0.2
68249,2011-06-15,0.0
68250,2011-06-16,0.0
68251,2011-06-17,4.4
68252,2011-06-18,
68253,2011-06-19,
68254,2011-06-20,2.0
68255,2011-06-21,7.2
68256,2011-06-22,4.2
68257,2011-06-23,0.2
68258,2011-06-24,0.4
68259,2011-06-25,0.0
68260,2011-06-26,0.0
68261,2011-06-27,0.0
68262,2011-06-28,0.0
68263,2011-06-29,0.0
68264,2011-06-30,0.0
68265,2011-07-01,0.0
68266,2011-07-02,0.0
68267,2011-07-03,0.0
68268,2011-07-04,0.2
68269,2011-07-05,0.0
68270,2011-07-06,1.8
68271,2011-07-07,2.4
68272,2011-07-08,0.0
68273,2011-07-09,
68274,2011-07-10,
68275,2011-07-11,
68276,2011-07-12,3.2
68277,2011-07-13,0.4
68278,2011-07-14,7.2
68279,2011-07-15,0.2
68280,2011-07-16,0.0
68281,2011-07-17,0.0
68282,2011-07-18,9.2
68283,2011-07-19,0.6
68284,2011-07-20,0.2
68285,2011-07-21,0.0
68286,2011-07-22,0.8
68287,2011-07-23,
68288,2011-07-24,
68289,2011-07-25,4.8
68290,2011-07-26,5.2
68291,2011-07-27,
68292,2011-07-28,0.2
68293,2011-07-29,0.0
68294,2011-07-30,0.0
68295,2011-07-31,0.0
68296,2011-08-01,0.0
68297,2011-08-02,0.4
68298,2011-08-03,0.0
68299,2011-08-04,0.0
68300,2011-08-05,0.0
68301,2011-08-06,
68302,2011-08-07,
68303,2011-08-08,5.2
68304,2011-08-09,0.2
68305,2011-08-10,1.2
68306,2011-08-11,3.4
68307,2011-08-12,0.0
68308,2011-08-13,
68309,2011-08-14,
68310,2011-08-15,0.2
68311,2011-08-16,2.8
68312,2011-08-17,0.0
68313,2011-08-18,3.6
68314,2011-08-19,2.2
68315,2011-08-20,0.0
68316,2011-08-21,0.0
68317,2011-08-22,0.0
68318,2011-08-23,0.0
68319,2011-08-24,0.0
68320,2011-08-25,0.0
68321,2011-08-26,0.0
68322,2011-08-27,
68323,2011-08-28,
68324,2011-08-29,0.2
68325,2011-08-30,0.0
68326,2011-08-31,0.0
68327,2011-09-01,0.0
68328,2011-09-02,0.0
68329,2011-09-03,0.0
68330,2011-09-04,0.0
68331,2011-09-05,0.0
68332,2011-09-06,0.0
68333,2011-09-07,0.0
68334,2011-09-08,0.0
68335,2011-09-09,7.8
68336,2011-09-10,8.0
68337,2011-09-11,0.6
68338,2011-09-12,0.2
68339,2011-09-13,0.0
68340,2011-09-14,0.2
68341,2011-09-15,0.6
68342,2011-09-16,0.0
68343,2011-09-17,0.0
68344,2011-09-18,0.0
68345,2011-09-19,0.2
68346,2011-09-20,3.8
68347,2011-09-21,0.0
68348,2011-09-22,0.0
68349,2011-09-23,0.0
68350,2011-09-24,0.0
68351,2011-09-25,0.0
68352,2011-09-26,0.0
68353,2011-09-27,0.0
68354,2011-09-28,0.0
68355,2011-09-29,46.8
68356,2011-09-30,3.8
68357,2011-10-01,
68358,2011-10-02,
68359,2011-10-03,13.4
68360,2011-10-04,0.0
68361,2011-10-05,0.0
68362,2011-10-06,0.0
68363,2011-10-07,0.0
68364,2011-10-08,
68365,2011-10-09,
68366,2011-10-10,3.6
68367,2011-10-11,2.0
68368,2011-10-12,0.0
68369,2011-10-13,0.2
68370,2011-10-14,0.0
68371,2011-10-15,
68372,2011-10-16,
68373,2011-10-17,2.4
68374,2011-10-18,0.0
68375,2011-10-19,0.0
68376,2011-10-20,0.0
68377,2011-10-21,4.4
68378,2011-10-22,
68379,2011-10-23,
68380,2011-10-24,7.2
68381,2011-10-25,7.6
68382,2011-10-26,0.0
68383,2011-10-27,0.0
68384,2011-10-28,0.0
68385,2011-10-29,
68386,2011-10-30,
68387,2011-10-31,22.4
68388,2011-11-01,
68389,2011-11-02,0.4
68390,2011-11-03,0.8
68391,2011-11-04,1.2
68392,2011-11-05,
68393,2011-11-06,
68394,2011-11-07,0.2
68395,2011-11-08,8.4
68396,2011-11-09,0.4
68397,2011-11-10,17.4
68398,2011-11-11,0.0
68399,2011-11-12,
68400,2011-11-13,
68401,2011-11-14,4.2
68402,2011-11-15,0.0
68403,2011-11-16,9.4
68404,2011-11-17,0.0
68405,2011-11-18,0.0
68406,2011-11-19,
68407,2011-11-20,
68408,2011-11-21,25.0
68409,2011-11-22,0.0
68410,2011-11-23,
68411,2011-11-24,0.4
68412,2011-11-25,0.0
68413,2011-11-26,
68414,2011-11-27,
68415,2011-11-28,39.2
68416,2011-11-29,0.0
68417,2011-11-30,1.8
68418,2011-12-01,3.4
68419,2011-12-02,0.0
68420,2011-12-03,0.0
68421,2011-12-04,0.0
68422,2011-12-05,0.2
68423,2011-12-06,0.0
68424,2011-12-07,0.0
68425,2011-12-08,0.0
68426,2011-12-09,0.0
68427,2011-12-10,
68428,2011-12-11,
68429,2011-12-12,34.6
68430,2011-12-13,1.6
68431,2011-12-14,0.0
68432,2011-12-15,0.0
68433,2011-12-16,0.0
68434,2011-12-17,0.0
68435,2011-12-18,0.0
68436,2011-12-19,7.4
68437,2011-12-20,0.0
68438,2011-12-21,0.0
68439,2011-12-22,0.0
68440,2011-12-23,0.0
68441,2011-12-24,
68442,2011-12-25,
68443,2011-12-26,
68444,2011-12-27,
68445,2011-12-28,33.0
68446,2011-12-29,0.0
68447,2011-12-30,0.0
68448,2011-12-31,0.0
68449,2012-01-01,0.0
68450,2012-01-02,0.0
68451,2012-01-03,0.0
68452,2012-01-04,2.0
68453,2012-01-05,0.0
68454,2012-01-06,0.0
68455,2012-01-07,0.0
68456,2012-01-08,
68457,2012-01-09,13.2
68458,2012-01-10,1.2
68459,2012-01-11,2.8
68460,2012-01-12,2.6
68461,2012-01-13,0.6
68462,2012-01-14,
68463,2012-01-15,
68464,2012-01-16,0.8
68465,2012-01-17,0.0
68466,2012-01-18,0.0
68467,2012-01-19,0.0
68468,2012-01-20,0.0
68469,2012-01-21,0.0
68470,2012-01-22,0.0
68471,2012-01-23,0.0
68472,2012-01-24,0.0
68473,2012-01-25,0.0
68474,2012-01-26,0.0
68475,2012-01-27,
68476,2012-01-28,
68477,2012-01-29,
68478,2012-01-30,2.8
68479,2012-01-31,3.4
68480,2012-02-01,0.0
68481,2012-02-02,0.0
68482,2012-02-03,0.0
68483,2012-02-04,
68484,2012-02-05,
68485,2012-02-06,6.6
68486,2012-02-07,0.0
68487,2012-02-08,0.0
68488,2012-02-09,0.0
68489,2012-02-10,0.0
68490,2012-02-11,
68491,2012-02-12,
68492,2012-02-13,7.6
68493,2012-02-14,0.0
68494,2012-02-15,0.0
68495,2012-02-16,0.0
68496,2012-02-17,9.4
68497,2012-02-18,
68498,2012-02-19,
68499,2012-02-20,0.0
68500,2012-02-21,0.0
68501,2012-02-22,0.0
68502,2012-02-23,0.0
68503,2012-02-24,0.0
68504,2012-02-25,
68505,2012-02-26,
68506,2012-02-27,10.0
68507,2012-02-28,25.6
68508,2012-02-29,0.6
68509,2012-03-01,14.8
68510,2012-03-02,0.6
68511,2012-03-03,
68512,2012-03-04,
68513,2012-03-05,17.0
68514,2012-03-06,0.0
68515,2012-03-07,0.0
68516,2012-03-08,0.0
68517,2012-03-09,0.0
68518,2012-03-10,0.0
68519,2012-03-11,0.0
68520,2012-03-12,0.0
68521,2012-03-13,0.0
68522,2012-03-14,0.0
68523,2012-03-15,1.8
68524,2012-03-16,11.2
68525,2012-03-17,
68526,2012-03-18,
68527,2012-03-19,3.0
68528,2012-03-20,0.0
68529,2012-03-21,0.0
68530,2012-03-22,10.0
68531,2012-03-23,0.0
68532,2012-03-24,
68533,2012-03-25,
68534,2012-03-26,0.4
68535,2012-03-27,0.0
68536,2012-03-28,0.0
68537,2012-03-29,0.0
68538,2012-03-30,0.0
68539,2012-03-31,0.2
68540,2012-04-01,0.2
68541,2012-04-02,0.0
68542,2012-04-03,0.4
68543,2012-04-04,0.0
68544,2012-04-05,0.0
68545,2012-04-06,0.0
68546,2012-04-07,
68547,2012-04-08,
68548,2012-04-09,
68549,2012-04-10,13.4
68550,2012-04-11,0.6
68551,2012-04-12,0.0
68552,2012-04-13,0.0
68553,2012-04-14,0.0
68554,2012-04-15,0.0
68555,2012-04-16,0.0
68556,2012-04-17,0.0
68557,2012-04-18,0.0
68558,2012-04-19,0.0
68559,2012-04-20,5.4
68560,2012-04-21,
68561,2012-04-22,
68562,2012-04-23,1.4
68563,2012-04-24,4.4
68564,2012-04-25,
68565,2012-04-26,22.8
68566,2012-04-27,0.4
68567,2012-04-28,
68568,2012-04-29,
68569,2012-04-30,1.6
68570,2012-05-01,0.0
68571,2012-05-02,19.8
68572,2012-05-03,2.8
68573,2012-05-04,3.0
68574,2012-05-05,
68575,2012-05-06,
68576,2012-05-07,1.6
68577,2012-05-08,0.2
68578,2012-05-09,0.0
68579,2012-05-10,0.0
68580,2012-05-11,1.0
68581,2012-05-12,
68582,2012-05-13,
68583,2012-05-14,11.0
68584,2012-05-15,2.6
68585,2012-05-16,0.2
68586,2012-05-17,0.0
68587,2012-05-18,0.0
68588,2012-05-19,
68589,2012-05-20,
68590,2012-05-21,1.6
68591,2012-05-22,0.0
68592,2012-05-23,0.0
68593,2012-05-24,0.0
68594,2012-05-25,4.2
68595,2012-05-26,
68596,2012-05-27,
68597,2012-05-28,34.6
68598,2012-05-29,0.0
68599,2012-05-30,0.0
68600,2012-05-31,0.0
68601,2012-06-01,0.0
68602,2012-06-02,
68603,2012-06-03,
68604,2012-06-04,7.0
68605,2012-06-05,11.2
68606,2012-06-06,0.0
68607,2012-06-07,0.0
68608,2012-06-08,0.0
68609,2012-06-09,
68610,2012-06-10,
68611,2012-06-11,
68612,2012-06-12,10.0
68613,2012-06-13,0.0
68614,2012-06-14,0.0
68615,2012-06-15,0.4
68616,2012-06-16,
68617,2012-06-17,
68618,2012-06-18,4.0
68619,2012-06-19,1.0
68620,2012-06-20,0.0
68621,2012-06-21,8.2
68622,2012-06-22,22.4
68623,2012-06-23,
68624,2012-06-24,
68625,2012-06-25,5.2
68626,2012-06-26,1.2
68627,2012-06-27,0.0
68628,2012-06-28,0.0
68629,2012-06-29,0.0
68630,2012-06-30,0.0
68631,2012-07-01,
68632,2012-07-02,15.2
68633,2012-07-03,1.4
68634,2012-07-04,2.6
68635,2012-07-05,0.0
68636,2012-07-06,0.0
68637,2012-07-07,0.0
68638,2012-07-08,0.0
68639,2012-07-09,
68640,2012-07-10,0.4
68641,2012-07-11,2.0
68642,2012-07-12,
68643,2012-07-13,3.6
68644,2012-07-14,
68645,2012-07-15,
68646,2012-07-16,3.4
68647,2012-07-17,0.0
68648,2012-07-18,1.2
68649,2012-07-19,0.2
68650,2012-07-20,0.0
68651,2012-07-21,0.0
68652,2012-07-22,0.0
68653,2012-07-23,0.0
68654,2012-07-24,0.0
68655,2012-07-25,0.0
68656,2012-07-26,5.0
68657,2012-07-27,2.6
68658,2012-07-28,
68659,2012-07-29,
68660,2012-07-30,21.4
68661,2012-07-31,0.0
68662,2012-08-01,0.0
68663,2012-08-02,0.0
68664,2012-08-03,0.4
68665,2012-08-04,
68666,2012-08-05,
68667,2012-08-06,2.2
68668,2012-08-07,0.0
68669,2012-08-08,0.2
68670,2012-08-09,3.4
68671,2012-08-10,8.2
68672,2012-08-11,
68673,2012-08-12,
68674,2012-08-13,3.6
68675,2012-08-14,0.0
68676,2012-08-15,6.4
68677,2012-08-16,1.8
68678,2012-08-17,3.6
68679,2012-08-18,
68680,2012-08-19,
68681,2012-08-20,7.8
68682,2012-08-21,0.0
68683,2012-08-22,0.0
68684,2012-08-23,0.0
68685,2012-08-24,3.2
68686,2012-08-25,
68687,2012-08-26,
68688,2012-08-27,0.8
68689,2012-08-28,0.0
68690,2012-08-29,0.0
68691,2012-08-30,1.6
68692,2012-08-31,9.6
68693,2012-09-01,0.0
68694,2012-09-02,0.0
68695,2012-09-03,0.0
68696,2012-09-04,0.0
68697,2012-09-05,0.0
68698,2012-09-06,0.0
68699,2012-09-07,10.2
68700,2012-09-08,
68701,2012-09-09,
68702,2012-09-10,2.4
68703,2012-09-11,0.0
68704,2012-09-12,0.0
68705,2012-09-13,5.6
68706,2012-09-14,0.8
68707,2012-09-15,
68708,2012-09-16,
68709,2012-09-17,2.8
68710,2012-09-18,0.0
68711,2012-09-19,4.6
68712,2012-09-20,0.4
68713,2012-09-21,0.2
68714,2012-09-22,
68715,2012-09-23,
68716,2012-09-24,1.4
68717,2012-09-25,0.4
68718,2012-09-26,0.0
68719,2012-09-27,0.0
68720,2012-09-28,0.6
68721,2012-09-29,8.4
68722,2012-09-30,1.4
68723,2012-10-01,
68724,2012-10-02,0.2
68725,2012-10-03,0.0
68726,2012-10-04,0.0
68727,2012-10-05,0.0
68728,2012-10-06,
68729,2012-10-07,
68730,2012-10-08,5.0
68731,2012-10-09,0.0
68732,2012-10-10,6.4
68733,2012-10-11,2.4
68734,2012-10-12,0.6
68735,2012-10-13,
68736,2012-10-14,
68737,2012-10-15,1.8
68738,2012-10-16,0.0
68739,2012-10-17,2.0
68740,2012-10-18,0.0
68741,2012-10-19,0.4
68742,2012-10-20,
68743,2012-10-21,
68744,2012-10-22,4.2
68745,2012-10-23,0.0
68746,2012-10-24,0.0
68747,2012-10-25,0.0
68748,2012-10-26,1.6
68749,2012-10-27,
68750,2012-10-28,
68751,2012-10-29,5.2
68752,2012-10-30,0.0
68753,2012-10-31,0.0
68754,2012-11-01,3.2
68755,2012-11-02,0.6
68756,2012-11-03,0.0
68757,2012-11-04,0.0
68758,2012-11-05,0.0
68759,2012-11-06,0.0
68760,2012-11-07,1.6
68761,2012-11-08,1.6
68762,2012-11-09,0.4
68763,2012-11-10,0.0
68764,2012-11-11,0.0
68765,2012-11-12,5.4
68766,2012-11-13,0.0
68767,2012-11-14,0.0
68768,2012-11-15,0.0
68769,2012-11-16,0.4
68770,2012-11-17,0.0
68771,2012-11-18,0.0
68772,2012-11-19,0.8
68773,2012-11-20,0.0
68774,2012-11-21,0.0
68775,2012-11-22,0.0
68776,2012-11-23,0.0
68777,2012-11-24,0.0
68778,2012-11-25,0.0
68779,2012-11-26,0.0
68780,2012-11-27,17.8
68781,2012-11-28,4.8
68782,2012-11-29,0.0
68783,2012-11-30,0.6
68784,2013-01-01,0.0
68785,2013-01-02,0.0
68786,2013-01-03,0.0
68787,2013-01-04,0.0
68788,2013-01-05,0.0
68789,2013-01-06,0.0
68790,2013-01-07,0.0
68791,2013-01-08,0.0
68792,2013-01-09,0.2
68793,2013-01-10,0.2
68794,2013-01-11,0.0
68795,2013-01-12,0.0
68796,2013-01-13,0.0
68797,2013-01-14,0.0
68798,2013-01-15,0.0
68799,2013-01-16,0.0
68800,2013-01-17,0.0
68801,2013-01-18,0.0
68802,2013-01-19,0.0
68803,2013-01-20,0.0
68804,2013-01-21,0.0
68805,2013-01-22,0.0
68806,2013-01-23,0.0
68807,2013-01-24,0.0
68808,2013-01-25,0.0
68809,2013-01-26,
68810,2013-01-27,
68811,2013-01-28,
68812,2013-01-29,7.2
68813,2013-01-30,0.0
68814,2013-01-31,0.0
68815,2013-03-01,0.4
68816,2013-03-02,0.0
68817,2013-03-03,0.0
68818,2013-03-04,0.0
68819,2013-03-05,0.0
68820,2013-03-06,0.0
68821,2013-03-07,0.0
68822,2013-03-08,0.0
68823,2013-03-09,0.0
68824,2013-03-10,0.0
68825,2013-03-11,0.0
68826,2013-03-12,0.0
68827,2013-03-13,0.0
68828,2013-03-14,0.2
68829,2013-03-15,0.0
68830,2013-03-16,
68831,2013-03-17,
68832,2013-03-18,17.4
68833,2013-03-19,1.6
68834,2013-03-20,0.0
68835,2013-03-21,0.0
68836,2013-03-22,0.4
68837,2013-03-23,0.0
68838,2013-03-24,0.0
68839,2013-03-25,0.0
68840,2013-03-26,0.0
68841,2013-03-27,0.0
68842,2013-03-28,17.4
68843,2013-03-29,
68844,2013-03-30,
68845,2013-03-31,4.0
68846,2013-04-01,
68847,2013-04-02,0.6
68848,2013-04-03,0.2
68849,2013-04-04,0.0
68850,2013-04-05,0.0
68851,2013-04-06,
68852,2013-04-07,
68853,2013-04-08,5.2
68854,2013-04-09,0.0
68855,2013-04-10,0.0
68856,2013-04-11,0.2
68857,2013-04-12,1.2
68858,2013-04-13,
68859,2013-04-14,
68860,2013-04-15,7.2
68861,2013-04-16,0.4
68862,2013-04-17,0.0
68863,2013-04-18,1.0
68864,2013-04-19,4.8
68865,2013-04-20,0.0
68866,2013-04-21,0.0
68867,2013-04-22,1.2
68868,2013-04-23,3.6
68869,2013-04-24,0.0
68870,2013-04-25,
68871,2013-04-26,2.4
68872,2013-04-27,0.0
68873,2013-04-28,0.0
68874,2013-04-29,0.0
68875,2013-04-30,0.0
68876,2013-05-01,0.0
68877,2013-05-02,1.8
68878,2013-05-03,0.0
68879,2013-05-04,
68880,2013-05-05,
68881,2013-05-06,2.0
68882,2013-05-07,0.8
68883,2013-05-08,0.0
68884,2013-05-09,0.0
68885,2013-05-10,0.0
68886,2013-05-11,
68887,2013-05-12,
68888,2013-05-13,0.4
68889,2013-05-14,2.4
68890,2013-05-15,2.2
68891,2013-05-16,8.6
68892,2013-05-17,3.8
68893,2013-05-18,
68894,2013-05-19,
68895,2013-05-20,0.4
68896,2013-05-21,5.2
68897,2013-05-22,0.0
68898,2013-05-23,0.0
68899,2013-05-24,0.0
68900,2013-05-25,
68901,2013-05-26,
68902,2013-05-27,0.0
68903,2013-05-28,0.0
68904,2013-05-29,0.0
68905,2013-05-30,1.2
68906,2013-05-31,9.2
68907,2013-06-01,
68908,2013-06-02,
68909,2013-06-03,57.8
68910,2013-06-04,0.6
68911,2013-06-05,0.0
68912,2013-06-06,0.0
68913,2013-06-07,17.0
68914,2013-06-08,
68915,2013-06-09,
68916,2013-06-10,
68917,2013-06-11,0.4
68918,2013-06-12,0.4
68919,2013-06-13,9.8
68920,2013-06-14,10.2
68921,2013-06-15,
68922,2013-06-16,
68923,2013-06-17,2.0
68924,2013-06-18,1.6
68925,2013-06-19,0.0
68926,2013-06-20,0.0
68927,2013-06-21,0.0
68928,2013-06-22,0.0
68929,2013-06-23,0.0
68930,2013-06-24,0.0
68931,2013-06-25,0.0
68932,2013-06-26,0.0
68933,2013-06-27,0.0
68934,2013-06-28,0.0
68935,2013-06-29,0.0
68936,2013-06-30,0.0
68937,2013-07-01,0.0
68938,2013-07-02,1.6
68939,2013-07-03,0.0
68940,2013-07-04,0.0
68941,2013-07-05,0.4
68942,2013-07-06,
68943,2013-07-07,
68944,2013-07-08,4.4
68945,2013-07-09,0.0
68946,2013-07-10,0.0
68947,2013-07-11,0.0
68948,2013-07-12,0.0
68949,2013-07-13,
68950,2013-07-14,
68951,2013-07-15,18.0
68952,2013-07-16,0.0
68953,2013-07-17,0.0
68954,2013-07-18,0.0
68955,2013-07-19,7.0
68956,2013-07-20,
68957,2013-07-21,
68958,2013-07-22,20.0
68959,2013-07-23,3.2
68960,2013-07-24,0.0
68961,2013-07-25,0.0
68962,2013-07-26,0.6
68963,2013-07-27,
68964,2013-07-28,
68965,2013-07-29,5.0
68966,2013-07-30,2.2
68967,2013-07-31,0.0
68968,2013-08-01,0.0
68969,2013-08-02,0.0
68970,2013-08-03,
68971,2013-08-04,
68972,2013-08-05,17.0
68973,2013-08-06,6.2
68974,2013-08-07,0.8
68975,2013-08-08,15.8
68976,2013-08-09,6.4
68977,2013-08-10,
68978,2013-08-11,
68979,2013-08-12,0.0
68980,2013-08-13,1.6
68981,2013-08-14,0.0
68982,2013-08-15,1.2
68983,2013-08-16,0.0
68984,2013-08-17,
68985,2013-08-18,
68986,2013-08-19,0.6
68987,2013-08-20,0.6
68988,2013-08-21,0.2
68989,2013-08-22,0.0
68990,2013-08-23,3.2
68991,2013-08-24,
68992,2013-08-25,
68993,2013-08-26,0.4
68994,2013-08-27,0.0
68995,2013-08-28,0.0
68996,2013-08-29,0.0
68997,2013-08-30,3.6
68998,2013-08-31,1.0
68999,2013-09-01,0.2
69000,2013-09-02,0.0
69001,2013-09-03,0.0
69002,2013-09-04,0.0
69003,2013-09-05,0.0
69004,2013-09-06,3.2
69005,2013-09-07,
69006,2013-09-08,
69007,2013-09-09,0.2
69008,2013-09-10,0.0
69009,2013-09-11,0.2
69010,2013-09-12,2.4
69011,2013-09-13,2.0
69012,2013-09-14,
69013,2013-09-15,
69014,2013-09-16,3.2
69015,2013-09-17,23.8
69016,2013-09-18,0.0
69017,2013-09-19,10.4
69018,2013-09-20,1.8
69019,2013-09-21,
69020,2013-09-22,
69021,2013-09-23,2.4
69022,2013-09-24,0.0
69023,2013-09-25,
69024,2013-09-26,33.6
69025,2013-09-27,1.4
69026,2013-09-28,
69027,2013-09-29,
69028,2013-09-30,2.4
69029,2013-10-01,2.0
69030,2013-10-02,0.2
69031,2013-10-03,1.4
69032,2013-10-04,0.4
69033,2013-10-05,
69034,2013-10-06,
69035,2013-10-07,3.0
69036,2013-10-08,1.0
69037,2013-10-09,0.0
69038,2013-10-10,0.0
69039,2013-10-11,4.2
69040,2013-10-12,
69041,2013-10-13,
69042,2013-10-14,5.4
69043,2013-10-15,2.6
69044,2013-10-16,0.0
69045,2013-10-17,1.8
69046,2013-10-18,0.8
69047,2013-10-19,0.0
69048,2013-10-20,0.0
69049,2013-10-21,0.0
69050,2013-10-22,0.4
69051,2013-10-23,16.0
69052,2013-10-24,6.4
69053,2013-10-25,0.6
69054,2013-10-26,
69055,2013-10-27,
69056,2013-10-28,1.8
69057,2013-10-29,3.4
69058,2013-10-30,0.0
69059,2013-10-31,0.0
69060,2013-11-01,0.0
69061,2013-11-02,
69062,2013-11-03,
69063,2013-11-04,1.4
69064,2013-11-05,0.0
69065,2013-11-06,0.0
69066,2013-11-07,0.0
69067,2013-11-08,0.0
69068,2013-11-09,
69069,2013-11-10,
69070,2013-11-11,8.0
69071,2013-11-12,1.0
69072,2013-11-13,20.0
69073,2013-11-14,7.8
69074,2013-11-15,0.2
69075,2013-11-16,
69076,2013-11-17,
69077,2013-11-18,0.0
69078,2013-11-19,0.0
69079,2013-11-20,
69080,2013-11-21,0.2
69081,2013-11-22,0.0
69082,2013-11-23,
69083,2013-11-24,
69084,2013-11-25,12.0
69085,2013-11-26,0.0
69086,2013-11-27,0.0
69087,2013-11-28,0.0
69088,2013-11-29,8.4
69089,2013-11-30,0.2
69090,2013-12-01,0.0
69091,2013-12-02,0.0
69092,2013-12-03,0.0
69093,2013-12-04,9.0
69094,2013-12-05,7.6
69095,2013-12-06,
69096,2013-12-07,
69097,2013-12-08,
69098,2013-12-09,3.6
69099,2013-12-10,
69100,2013-12-11,13.4
69101,2013-12-12,2.4
69102,2013-12-13,0.0
69103,2013-12-14,0.0
69104,2013-12-15,0.0
69105,2013-12-16,0.0
69106,2013-12-17,0.0
69107,2013-12-18,0.0
69108,2013-12-19,0.0
69109,2013-12-20,0.0
69110,2013-12-21,0.0
69111,2013-12-22,0.0
69112,2013-12-23,2.6
69113,2013-12-24,2.4
69114,2013-12-25,0.0
69115,2013-12-26,0.0
69116,2013-12-27,0.0
69117,2013-12-28,0.0
69118,2013-12-29,0.0
69119,2013-12-30,0.0
69120,2013-12-31,0.0
69121,2014-01-01,0.0
69122,2014-01-02,4.8
69123,2014-01-03,0.0
69124,2014-01-04,
69125,2014-01-05,
69126,2014-01-06,1.4
69127,2014-01-07,0.0
69128,2014-01-08,0.0
69129,2014-01-09,0.0
69130,2014-01-10,0.0
69131,2014-01-11,0.0
69132,2014-01-12,0.0
69133,2014-01-13,0.0
69134,2014-01-14,0.0
69135,2014-01-15,0.0
69136,2014-01-16,0.0
69137,2014-01-17,1.2
69138,2014-01-18,
69139,2014-01-19,
69140,2014-01-20,0.4
69141,2014-01-21,0.0
69142,2014-01-22,0.0
69143,2014-01-23,0.0
69144,2014-01-24,1.2
69145,2014-01-25,
69146,2014-01-26,
69147,2014-01-27,
69148,2014-01-28,
69149,2014-01-29,4.6
69150,2014-01-30,0.0
69151,2014-01-31,0.0
69152,2014-02-01,0.0
69153,2014-02-02,0.0
69154,2014-02-03,0.0
69155,2014-02-04,0.6
69156,2014-02-05,0.0
69157,2014-02-06,0.0
69158,2014-02-07,0.0
69159,2014-02-08,0.0
69160,2014-02-09,0.0
69161,2014-02-10,0.0
69162,2014-02-11,0.0
69163,2014-02-12,0.0
69164,2014-02-13,0.0
69165,2014-02-14,0.0
69166,2014-02-15,
69167,2014-02-16,
69168,2014-02-17,14.8
69169,2014-02-18,0.0
69170,2014-02-19,0.0
69171,2014-02-20,9.4
69172,2014-02-21,0.0
69173,2014-02-22,
69174,2014-02-23,
69175,2014-02-24,0.6
69176,2014-02-25,0.0
69177,2014-02-26,0.0
69178,2014-02-27,0.2
69179,2014-02-28,0.0
69180,2014-03-01,0.0
69181,2014-03-02,0.0
69182,2014-03-03,0.0
69183,2014-03-04,0.0
69184,2014-03-05,0.0
69185,2014-03-06,0.0
69186,2014-03-07,0.0
69187,2014-03-08,0.0
69188,2014-03-09,0.0
69189,2014-03-10,0.0
69190,2014-03-11,0.0
69191,2014-03-12,2.2
69192,2014-03-13,0.0
69193,2014-03-14,0.0
69194,2014-03-15,
69195,2014-03-16,
69196,2014-03-17,5.8
69197,2014-03-18,0.0
69198,2014-03-19,0.0
69199,2014-03-20,0.0
69200,2014-03-21,0.0
69201,2014-03-22,
69202,2014-03-23,
69203,2014-03-24,4.4
69204,2014-03-25,0.8
69205,2014-03-26,0.0
69206,2014-03-27,4.4
69207,2014-03-28,7.8
69208,2014-03-29,
69209,2014-03-30,
69210,2014-03-31,0.8
69211,2014-04-01,0.0
69212,2014-04-02,0.0
69213,2014-04-03,0.6
69214,2014-04-04,0.0
69215,2014-04-05,0.0
69216,2014-04-06,0.0
69217,2014-04-07,
69218,2014-04-08,
69219,2014-04-09,14.8
69220,2014-04-10,18.6
69221,2014-04-11,12.8
69222,2014-04-12,
69223,2014-04-13,
69224,2014-04-14,1.0
69225,2014-04-15,0.0
69226,2014-04-16,0.0
69227,2014-04-17,0.0
69228,2014-04-18,
69229,2014-04-19,
69230,2014-04-20,
69231,2014-04-21,
69232,2014-04-22,8.4
69233,2014-04-23,6.6
69234,2014-04-24,0.6
69235,2014-04-25,0.0
69236,2014-04-26,0.0
69237,2014-04-27,0.0
69238,2014-04-28,0.0
69239,2014-04-29,0.0
69240,2014-04-30,13.4
69241,2014-05-01,0.0
69242,2014-05-02,0.2
69243,2014-05-03,
69244,2014-05-04,
69245,2014-05-05,10.8
69246,2014-05-06,1.0
69247,2014-05-07,1.2
69248,2014-05-08,0.0
69249,2014-05-09,0.0
69250,2014-05-10,
69251,2014-05-11,
69252,2014-05-12,13.2
69253,2014-05-13,0.0
69254,2014-05-14,0.0
69255,2014-05-15,0.0
69256,2014-05-16,0.0
69257,2014-05-17,0.0
69258,2014-05-18,0.0
69259,2014-05-19,0.0
69260,2014-05-20,0.0
69261,2014-05-21,1.6
69262,2014-05-22,0.0
69263,2014-05-23,4.6
69264,2014-05-24,
69265,2014-05-25,
69266,2014-05-26,0.6
69267,2014-05-27,0.0
69268,2014-05-28,2.0
69269,2014-05-29,0.0
69270,2014-05-30,0.0
69271,2014-05-31,0.0
69272,2014-06-01,
69273,2014-06-02,7.8
69274,2014-06-03,3.2
69275,2014-06-04,3.0
69276,2014-06-05,5.2
69277,2014-06-06,0.8
69278,2014-06-07,
69279,2014-06-08,
69280,2014-06-09,
69281,2014-06-10,0.4
69282,2014-06-11,0.0
69283,2014-06-12,0.0
69284,2014-06-13,5.8
69285,2014-06-14,
69286,2014-06-15,
69287,2014-06-16,2.4
69288,2014-06-17,2.2
69289,2014-06-18,0.0
69290,2014-06-19,0.0
69291,2014-06-20,0.0
69292,2014-06-21,0.0
69293,2014-06-22,0.0
69294,2014-06-23,0.0
69295,2014-06-24,4.6
69296,2014-06-25,6.2
69297,2014-06-26,0.6
69298,2014-06-27,0.0
69299,2014-06-28,
69300,2014-06-29,
69301,2014-06-30,11.2
69302,2014-07-01,0.4
69303,2014-07-02,0.0
69304,2014-07-03,0.0
69305,2014-07-04,0.0
69306,2014-07-05,
69307,2014-07-06,
69308,2014-07-07,0.8
69309,2014-07-08,0.0
69310,2014-07-09,0.2
69311,2014-07-10,4.6
69312,2014-07-11,0.2
69313,2014-07-12,
69314,2014-07-13,
69315,2014-07-14,5.8
69316,2014-07-15,0.0
69317,2014-07-16,2.2
69318,2014-07-17,0.0
69319,2014-07-18,3.0
69320,2014-07-19,
69321,2014-07-20,
69322,2014-07-21,0.4
69323,2014-07-22,0.0
69324,2014-07-23,0.0
69325,2014-07-24,0.0
69326,2014-07-25,
69327,2014-07-26,
69328,2014-07-27,
69329,2014-07-28,1.4
69330,2014-07-29,0.0
69331,2014-07-30,0.0
69332,2014-07-31,0.0
69333,2014-08-01,6.6
69334,2014-08-02,
69335,2014-08-03,
69336,2014-08-04,
69337,2014-08-05,14.2
69338,2014-08-06,0.0
69339,2014-08-07,0.8
69340,2014-08-08,3.6
69341,2014-08-09,
69342,2014-08-10,
69343,2014-08-11,8.4
69344,2014-08-12,0.6
69345,2014-08-13,0.0
69346,2014-08-14,0.4
69347,2014-08-15,0.0
69348,2014-08-16,0.0
69349,2014-08-17,0.0
69350,2014-08-18,0.0
69351,2014-08-19,1.2
69352,2014-08-20,0.0
69353,2014-08-21,0.0
69354,2014-08-22,0.0
69355,2014-08-23,
69356,2014-08-24,
69357,2014-08-25,1.4
69358,2014-08-26,0.0
69359,2014-08-27,0.0
69360,2014-08-28,0.0
69361,2014-08-29,0.0
69362,2014-08-30,0.0
69363,2014-08-31,0.0
69364,2014-09-01,0.0
69365,2014-09-02,10.4
69366,2014-09-03,0.4
69367,2014-09-04,0.0
69368,2014-09-05,0.0
69369,2014-09-06,0.0
69370,2014-09-07,0.0
69371,2014-09-08,0.0
69372,2014-09-09,0.0
69373,2014-09-10,2.0
69374,2014-09-11,3.0
69375,2014-09-12,
69376,2014-09-13,
69377,2014-09-14,
69378,2014-09-15,0.2
69379,2014-09-16,0.0
69380,2014-09-17,3.2
69381,2014-09-18,0.4
69382,2014-09-19,1.4
69383,2014-09-20,0.0
69384,2014-09-21,0.0
69385,2014-09-22,0.0
69386,2014-09-23,0.0
69387,2014-09-24,0.0
69388,2014-09-25,13.2
69389,2014-09-26,0.0
69390,2014-09-27,0.0
69391,2014-09-28,0.0
69392,2014-09-29,0.0
69393,2014-09-30,0.0
69394,2014-10-01,2.2
69395,2014-10-02,0.2
69396,2014-10-03,0.4
69397,2014-10-04,0.0
69398,2014-10-05,0.0
69399,2014-10-06,0.0
69400,2014-10-07,1.2
69401,2014-10-08,0.8
69402,2014-10-09,0.0
69403,2014-10-10,0.0
69404,2014-10-11,0.0
69405,2014-10-12,0.0
69406,2014-10-13,5.4
69407,2014-10-14,7.4
69408,2014-10-15,0.0
69409,2014-10-16,0.0
69410,2014-10-17,4.6
69411,2014-10-18,0.0
69412,2014-10-19,0.0
69413,2014-10-20,0.0
69414,2014-10-21,0.0
69415,2014-10-22,0.0
69416,2014-10-23,0.0
69417,2014-10-24,0.0
69418,2014-10-25,0.0
69419,2014-10-26,0.0
69420,2014-10-27,25.6
69421,2014-10-28,3.6
69422,2014-10-29,0.6
69423,2014-10-30,0.0
69424,2014-10-31,0.2
69425,2014-11-01,
69426,2014-11-02,
69427,2014-11-03,
69428,2014-11-04,
69429,2014-11-05,
69430,2014-11-06,
69431,2014-11-07,5.2
69432,2014-11-08,
69433,2014-11-09,
69434,2014-11-10,0.6
69435,2014-11-11,0.0
69436,2014-11-12,0.0
69437,2014-11-13,0.0
69438,2014-11-14,0.0
69439,2014-11-15,
69440,2014-11-16,
69441,2014-11-17,39.0
69442,2014-11-18,0.0
69443,2014-11-19,0.0
69444,2014-11-20,0.0
69445,2014-11-21,0.8
69446,2014-11-22,
69447,2014-11-23,
69448,2014-11-24,2.0
69449,2014-11-25,
69450,2014-11-26,12.0
69451,2014-11-27,0.0
69452,2014-11-28,0.0
69453,2014-11-29,0.0
69454,2014-11-30,0.0
69455,2014-12-01,0.0
69456,2014-12-02,0.2
69457,2014-12-03,0.0
69458,2014-12-04,8.6
69459,2014-12-05,
69460,2014-12-06,
69461,2014-12-07,
69462,2014-12-08,19.4
69463,2014-12-09,0.0
69464,2014-12-10,0.0
69465,2014-12-11,0.6
69466,2014-12-12,0.0
69467,2014-12-13,0.0
69468,2014-12-14,0.0
69469,2014-12-15,0.0
69470,2014-12-16,0.0
69471,2014-12-17,0.0
69472,2014-12-18,0.0
69473,2014-12-19,2.0
69474,2014-12-20,0.0
69475,2014-12-21,
69476,2014-12-22,
69477,2014-12-23,1.2
69478,2014-12-24,0.4
69479,2014-12-25,0.0
69480,2014-12-26,7.4
69481,2014-12-27,0.0
69482,2014-12-28,0.0
69483,2014-12-29,0.0
69484,2014-12-30,0.0
69485,2014-12-31,0.0
69486,2015-01-01,0.0
69487,2015-01-02,0.0
69488,2015-01-03,0.0
69489,2015-01-04,5.4
69490,2015-01-05,0.2
69491,2015-01-06,0.0
69492,2015-01-07,
69493,2015-01-08,
69494,2015-01-09,
69495,2015-01-10,
69496,2015-01-11,
69497,2015-01-12,
69498,2015-01-13,
69499,2015-01-14,
69500,2015-01-15,
69501,2015-01-16,
69502,2015-01-17,
69503,2015-01-18,
69504,2015-01-19,
69505,2015-01-20,
69506,2015-01-21,
69507,2015-01-22,
69508,2015-01-23,
69509,2015-01-24,
69510,2015-01-25,
69511,2015-01-26,
69512,2015-01-27,
69513,2015-01-28,
69514,2015-01-29,
69515,2015-01-30,
69516,2015-01-31,
69517,2015-02-01,
69518,2015-02-02,
69519,2015-02-03,
69520,2015-02-04,
69521,2015-02-05,
69522,2015-02-06,
69523,2015-02-07,
69524,2015-02-08,
69525,2015-02-09,
69526,2015-02-10,
69527,2015-02-11,
69528,2015-02-12,
69529,2015-02-13,
69530,2015-02-14,
69531,2015-02-15,
69532,2015-02-16,
69533,2015-02-17,
69534,2015-02-18,
69535,2015-02-19,
69536,2015-02-20,
69537,2015-02-21,
69538,2015-02-22,
69539,2015-02-23,
69540,2015-02-24,
69541,2015-02-25,
69542,2015-02-26,
69543,2015-02-27,
69544,2015-02-28,
69545,2015-03-01,
69546,2015-03-02,
69547,2015-03-03,
69548,2015-03-04,
69549,2015-03-05,
69550,2015-03-06,
69551,2015-03-07,
69552,2015-03-08,
69553,2015-03-09,
69554,2015-03-10,
69555,2015-03-11,
69556,2015-03-12,
69557,2015-03-13,
69558,2015-03-14,
69559,2015-03-15,
69560,2015-03-16,
69561,2015-03-17,
69562,2015-03-18,
69563,2015-03-19,
69564,2015-03-20,
69565,2015-03-21,
69566,2015-03-22,
69567,2015-03-23,
69568,2015-03-24,
69569,2015-03-25,
69570,2015-03-26,
69571,2015-03-27,
69572,2015-03-28,
69573,2015-03-29,
69574,2015-03-30,
69575,2015-03-31,
69576,2015-04-01,
69577,2015-04-02,
69578,2015-04-03,
69579,2015-04-04,
69580,2015-04-05,
69581,2015-04-06,
69582,2015-04-07,
69583,2015-04-08,
69584,2015-04-09,
69585,2015-04-10,
69586,2015-04-11,
69587,2015-04-12,
69588,2015-04-13,
69589,2015-04-14,
69590,2015-04-15,
69591,2015-04-16,
69592,2015-04-17,
69593,2015-04-18,
69594,2015-04-19,
69595,2015-04-20,
69596,2015-04-21,
69597,2015-04-22,
69598,2015-04-23,
69599,2015-04-24,
69600,2015-04-25,
69601,2015-04-26,
69602,2015-04-27,
69603,2015-04-28,
69604,2015-04-29,
69605,2015-04-30,
69606,2015-05-01,
69607,2015-05-02,
69608,2015-05-03,
69609,2015-05-04,
69610,2015-05-05,
69611,2015-05-06,
69612,2015-05-07,
69613,2015-05-08,
69614,2015-05-09,
69615,2015-05-10,
69616,2015-05-11,
69617,2015-05-12,
69618,2015-05-13,
69619,2015-05-14,
69620,2015-05-15,
69621,2015-05-16,
69622,2015-05-17,
69623,2015-05-18,
69624,2015-05-19,
69625,2015-05-20,
69626,2015-05-21,
69627,2015-05-22,
69628,2015-05-23,
69629,2015-05-24,
69630,2015-05-25,
69631,2015-05-26,
69632,2015-05-27,
69633,2015-05-28,
69634,2015-05-29,
69635,2015-05-30,
69636,2015-05-31,
69637,2015-06-01,
69638,2015-06-02,
69639,2015-06-03,
69640,2015-06-04,
69641,2015-06-05,
69642,2015-06-06,
69643,2015-06-07,
69644,2015-06-08,
69645,2015-06-09,
69646,2015-06-10,
69647,2015-06-11,
69648,2015-06-12,
69649,2015-06-13,
69650,2015-06-14,
69651,2015-06-15,
69652,2015-06-16,
69653,2015-06-17,
69654,2015-06-18,
69655,2015-06-19,
69656,2015-06-20,
69657,2015-06-21,
69658,2015-06-22,
69659,2015-06-23,
69660,2015-06-24,
69661,2015-06-25,
69662,2015-06-26,
69663,2015-06-27,
69664,2015-06-28,
69665,2015-06-29,
69666,2015-06-30,
69667,2015-07-01,
69668,2015-07-02,
69669,2015-07-03,
69670,2015-07-04,
69671,2015-07-05,
69672,2015-07-06,
69673,2015-07-07,
69674,2015-07-08,
69675,2015-07-09,
69676,2015-07-10,
69677,2015-07-11,
69678,2015-07-12,
69679,2015-07-13,
69680,2015-07-14,
69681,2015-07-15,
69682,2015-07-16,
69683,2015-07-17,
69684,2015-07-18,
69685,2015-07-19,
69686,2015-07-20,
69687,2015-07-21,
69688,2015-07-22,
69689,2015-07-23,
69690,2015-07-24,
69691,2015-07-25,
69692,2015-07-26,
69693,2015-07-27,
69694,2015-07-28,
69695,2015-07-29,
69696,2015-07-30,
69697,2015-07-31,
69698,2015-08-01,
69699,2015-08-02,
69700,2015-08-03,
69701,2015-08-04,
69702,2015-08-05,
69703,2015-08-06,
69704,2015-08-07,
69705,2015-08-08,
69706,2015-08-09,
69707,2015-08-10,
69708,2015-08-11,
69709,2015-08-12,
69710,2015-08-13,
69711,2015-08-14,
69712,2015-08-15,
69713,2015-08-16,
69714,2015-08-17,
69715,2015-08-18,
69716,2015-08-19,
69717,2015-08-20,
69718,2015-08-21,
69719,2015-08-22,
69720,2015-08-23,
69721,2015-08-24,
69722,2015-08-25,
69723,2015-08-26,
69724,2015-08-27,
69725,2015-08-28,
69726,2015-08-29,
69727,2015-08-30,
69728,2015-08-31,
69729,2015-09-01,
69730,2015-09-02,
69731,2015-09-03,
69732,2015-09-04,
69733,2015-09-05,
69734,2015-09-06,
69735,2015-09-07,
69736,2015-09-08,
69737,2015-09-09,
69738,2015-09-10,
69739,2015-09-11,
69740,2015-09-12,
69741,2015-09-13,
69742,2015-09-14,
69743,2015-09-15,
69744,2015-09-16,
69745,2015-09-17,
69746,2015-09-18,
69747,2015-09-19,
69748,2015-09-20,
69749,2015-09-21,
69750,2015-09-22,
69751,2015-09-23,
69752,2015-09-24,
69753,2015-09-25,
69754,2015-09-26,
69755,2015-09-27,
69756,2015-09-28,
69757,2015-09-29,
69758,2015-09-30,
69759,2015-10-01,
69760,2015-10-02,
69761,2015-10-03,
69762,2015-10-04,
69763,2015-10-05,
69764,2015-10-06,
69765,2015-10-07,
69766,2015-10-08,
69767,2015-10-09,
69768,2015-10-10,
69769,2015-10-11,
69770,2015-10-12,
69771,2015-10-13,
69772,2015-10-14,
69773,2015-10-15,
69774,2015-10-16,
69775,2015-10-17,
69776,2015-10-18,
69777,2015-10-19,
69778,2015-10-20,
69779,2015-10-21,
69780,2015-10-22,
69781,2015-10-23,
69782,2015-10-24,
69783,2015-10-25,
69784,2015-10-26,
69785,2015-10-27,
69786,2015-10-28,
69787,2015-10-29,
69788,2015-10-30,
69789,2015-10-31,
69790,2015-11-01,
69791,2015-11-02,
69792,2015-11-03,
69793,2015-11-04,
69794,2015-11-05,
69795,2015-11-06,
69796,2015-11-07,
69797,2015-11-08,
69798,2015-11-09,
69799,2015-11-10,
69800,2015-11-11,
69801,2015-11-12,
69802,2015-11-13,
69803,2015-11-14,
69804,2015-11-15,
69805,2015-11-16,
69806,2015-11-17,
69807,2015-11-18,
69808,2015-11-19,
69809,2015-11-20,
69810,2015-11-21,
69811,2015-11-22,
69812,2015-11-23,
69813,2015-11-24,
69814,2015-11-25,
69815,2015-11-26,
69816,2015-11-27,
69817,2015-11-28,
69818,2015-11-29,
69819,2015-11-30,
69820,2015-12-01,
69821,2015-12-02,
69822,2015-12-03,
69823,2015-12-04,
69824,2015-12-05,
69825,2015-12-06,
69826,2015-12-07,
69827,2015-12-08,
69828,2015-12-09,
69829,2015-12-10,
69830,2015-12-11,
69831,2015-12-12,
69832,2015-12-13,
69833,2015-12-14,
69834,2015-12-15,
69835,2015-12-16,
69836,2015-12-17,
69837,2015-12-18,
69838,2015-12-19,
69839,2015-12-20,
69840,2015-12-21,
69841,2015-12-22,
69842,2015-12-23,
69843,2015-12-24,
69844,2015-12-25,
69845,2015-12-26,
69846,2015-12-27,
69847,2015-12-28,
69848,2015-12-29,
69849,2015-12-30,
69850,2015-12-31,
69851,2016-01-01,
69852,2016-01-02,
69853,2016-01-03,
69854,2016-01-04,
69855,2016-01-05,
69856,2016-01-06,
69857,2016-01-07,
69858,2016-01-08,
69859,2016-01-09,
69860,2016-01-10,
69861,2016-01-11,
69862,2016-01-12,
69863,2016-01-13,
69864,2016-01-14,
69865,2016-01-15,
69866,2016-01-16,
69867,2016-01-17,
69868,2016-01-18,
69869,2016-01-19,
69870,2016-01-20,
69871,2016-01-21,
69872,2016-01-22,
69873,2016-01-23,
69874,2016-01-24,
69875,2016-01-25,
69876,2016-01-26,
69877,2016-01-27,
69878,2016-01-28,
69879,2016-01-29,
69880,2016-01-30,
69881,2016-01-31,
69882,2016-02-01,
69883,2016-02-02,
69884,2016-02-03,
69885,2016-02-04,
69886,2016-02-05,
69887,2016-02-06,
69888,2016-02-07,
69889,2016-02-08,
69890,2016-02-09,
69891,2016-02-10,
69892,2016-02-11,
69893,2016-02-12,
69894,2016-02-13,
69895,2016-02-14,
69896,2016-02-15,
69897,2016-02-16,
69898,2016-02-17,
69899,2016-02-18,
69900,2016-02-19,
69901,2016-02-20,
69902,2016-02-21,
69903,2016-02-22,
69904,2016-02-23,
69905,2016-02-24,
69906,2016-02-25,
69907,2016-02-26,
69908,2016-02-27,
69909,2016-02-28,
69910,2016-02-29,
69911,2016-03-01,
69912,2016-03-02,
69913,2016-03-03,
69914,2016-03-04,
69915,2016-03-05,
69916,2016-03-06,
69917,2016-03-07,
69918,2016-03-08,
69919,2016-03-09,
69920,2016-03-10,
69921,2016-03-11,
69922,2016-03-12,
69923,2016-03-13,
69924,2016-03-14,
69925,2016-03-15,
69926,2016-03-16,
69927,2016-03-17,
69928,2016-03-18,
69929,2016-03-19,
69930,2016-03-20,
69931,2016-03-21,
69932,2016-03-22,
69933,2016-03-23,
69934,2016-03-24,
69935,2016-03-25,
69936,2016-03-26,
69937,2016-03-27,
69938,2016-03-28,
69939,2016-03-29,
69940,2016-03-30,
69941,2016-03-31,
69942,2016-04-01,
69943,2016-04-02,
69944,2016-04-03,
69945,2016-04-04,
69946,2016-04-05,
69947,2016-04-06,
69948,2016-04-07,
69949,2016-04-08,
69950,2016-04-09,
69951,2016-04-10,
69952,2016-04-11,
69953,2016-04-12,
69954,2016-04-13,
69955,2016-04-14,
69956,2016-04-15,
69957,2016-04-16,
69958,2016-04-17,
69959,2016-04-18,
69960,2016-04-19,
69961,2016-04-20,
69962,2016-04-21,
69963,2016-04-22,
69964,2016-04-23,
69965,2016-04-24,
69966,2016-04-25,
69967,2016-04-26,
69968,2016-04-27,
69969,2016-04-28,
69970,2016-04-29,
69971,2016-04-30,
69972,2016-05-01,9.8
69973,2016-05-02,0.4
69974,2016-05-03,0.0
69975,2016-05-04,0.2
69976,2016-05-05,0.0
69977,2016-05-06,0.0
69978,2016-05-07,0.0
69979,2016-05-08,5.4
69980,2016-05-09,0.8
69981,2016-05-10,12.0
69982,2016-05-11,0.2
69983,2016-05-12,0.2
69984,2016-05-13,0.0
69985,2016-05-14,0.0
69986,2016-05-15,0.0
69987,2016-05-16,0.0
69988,2016-05-17,0.2
69989,2016-05-18,0.0
69990,2016-05-19,0.0
69991,2016-05-20,1.8
69992,2016-05-21,0.0
69993,2016-05-22,0.0
69994,2016-05-23,2.2
69995,2016-05-24,1.8
69996,2016-05-25,0.0
69997,2016-05-26,12.4
69998,2016-05-27,4.8
69999,2016-05-28,0.6
70000,2016-05-29,4.2
70001,2016-05-30,0.0
70002,2016-05-31,0.0
70003,2016-06-01,0.0
70004,2016-06-02,0.0
70005,2016-06-03,0.0
70006,2016-06-04,6.2
70007,2016-06-05,3.4
70008,2016-06-06,1.4
70009,2016-06-07,0.0
70010,2016-06-08,1.2
70011,2016-06-09,1.4
70012,2016-06-10,0.0
70013,2016-06-11,3.0
70014,2016-06-12,0.6
70015,2016-06-13,0.0
70016,2016-06-14,0.0
70017,2016-06-15,0.0
70018,2016-06-16,0.0
70019,2016-06-17,4.2
70020,2016-06-18,8.6
70021,2016-06-19,0.4
70022,2016-06-20,3.6
70023,2016-06-21,3.2
70024,2016-06-22,0.0
70025,2016-06-23,0.6
70026,2016-06-24,13.8
70027,2016-06-25,2.0
70028,2016-06-26,0.2
70029,2016-06-27,0.2
70030,2016-06-28,0.2
70031,2016-06-29,0.2
70032,2016-06-30,0.0
70033,2016-07-01,6.4
70034,2016-07-02,0.2
70035,2016-07-03,0.0
70036,2016-07-04,0.0
70037,2016-07-05,0.6
70038,2016-07-06,22.6
70039,2016-07-07,3.8
70040,2016-07-08,0.8
70041,2016-07-09,0.2
70042,2016-07-10,0.0
70043,2016-07-11,3.6
70044,2016-07-12,0.0
70045,2016-07-13,0.4
70046,2016-07-14,1.0
70047,2016-07-15,0.0
70048,2016-07-16,0.0
70049,2016-07-17,0.0
70050,2016-07-18,0.0
70051,2016-07-19,0.0
70052,2016-07-20,1.8
70053,2016-07-21,1.8
70054,2016-07-22,7.8
70055,2016-07-23,2.8
70056,2016-07-24,0.8
70057,2016-07-25,0.0
70058,2016-07-26,4.8
70059,2016-07-27,0.4
70060,2016-07-28,0.0
70061,2016-07-29,0.0
70062,2016-07-30,2.4
70063,2016-07-31,2.0
70064,2016-08-01,2.8
70065,2016-08-02,14.4
70066,2016-08-03,2.8
70067,2016-08-04,0.8
70068,2016-08-05,0.0
70069,2016-08-06,0.0
70070,2016-08-07,0.0
70071,2016-08-08,0.0
70072,2016-08-09,0.0
70073,2016-08-10,0.0
70074,2016-08-11,8.2
70075,2016-08-12,0.0
70076,2016-08-13,1.6
70077,2016-08-14,0.2
70078,2016-08-15,0.0
70079,2016-08-16,0.0
70080,2016-08-17,0.4
70081,2016-08-18,0.0
70082,2016-08-19,0.2
70083,2016-08-20,9.4
70084,2016-08-21,1.2
70085,2016-08-22,5.6
70086,2016-08-23,11.0
70087,2016-08-24,0.0
70088,2016-08-25,1.2
70089,2016-08-26,0.6
70090,2016-08-27,0.0
70091,2016-08-28,0.0
70092,2016-08-29,0.0
70093,2016-08-30,0.0
70094,2016-08-31,0.8
70095,2016-09-01,0.0
70096,2016-09-02,0.4
70097,2016-09-03,0.2
70098,2016-09-04,0.2
70099,2016-09-05,0.0
70100,2016-09-06,0.0
70101,2016-09-07,0.0
70102,2016-09-08,0.0
70103,2016-09-09,0.6
70104,2016-09-10,9.4
70105,2016-09-11,1.2
70106,2016-09-12,1.6
70107,2016-09-13,9.0
70108,2016-09-14,20.6
70109,2016-09-15,2.0
70110,2016-09-16,13.4
70111,2016-09-17,0.0
70112,2016-09-18,0.4
70113,2016-09-19,0.2
70114,2016-09-20,0.0
70115,2016-09-21,1.2
70116,2016-09-22,1.2
70117,2016-09-23,0.6
70118,2016-09-24,0.0
70119,2016-09-25,5.8
70120,2016-09-26,0.6
70121,2016-09-27,12.6
70122,2016-09-28,2.2
70123,2016-09-29,1.8
70124,2016-09-30,2.0
70125,2016-10-01,1.6
70126,2016-10-02,0.0
70127,2016-10-03,9.2
70128,2016-10-04,2.0
70129,2016-10-05,2.8
70130,2016-10-06,0.0
70131,2016-10-07,0.0
70132,2016-10-08,0.0
70133,2016-10-09,0.0
70134,2016-10-10,0.8
70135,2016-10-11,1.4
70136,2016-10-12,0.0
70137,2016-10-13,4.2
70138,2016-10-14,0.2
70139,2016-10-15,0.0
70140,2016-10-16,0.0
70141,2016-10-17,9.8
70142,2016-10-18,1.0
70143,2016-10-19,2.6
70144,2016-10-20,0.0
70145,2016-10-21,0.0
70146,2016-10-22,16.4
70147,2016-10-23,8.8
70148,2016-10-24,0.4
70149,2016-10-25,0.2
70150,2016-10-26,0.0
70151,2016-10-27,0.2
70152,2016-10-28,0.0
70153,2016-10-29,0.0
70154,2016-10-30,0.0
70155,2016-10-31,1.8
70156,2016-11-01,0.4
70157,2016-11-02,0.4
70158,2016-11-03,0.0
70159,2016-11-04,0.0
70160,2016-11-05,0.0
70161,2016-11-06,0.0
70162,2016-11-07,0.0
70163,2016-11-08,0.2
70164,2016-11-09,0.0
70165,2016-11-10,0.0
70166,2016-11-11,0.0
70167,2016-11-12,2.0
70168,2016-11-13,2.0
70169,2016-11-14,8.6
70170,2016-11-15,0.0
70171,2016-11-16,0.0
70172,2016-11-17,0.0
70173,2016-11-18,0.0
70174,2016-11-19,0.0
70175,2016-11-20,0.0
70176,2016-11-21,0.0
70177,2016-11-22,8.6
70178,2016-11-23,5.4
70179,2016-11-24,2.2
70180,2016-11-25,0.8
70181,2016-11-26,0.0
70182,2016-11-27,0.4
70183,2016-11-28,0.2
70184,2016-11-29,0.2
70185,2016-11-30,0.0
70186,2016-12-01,0.0
70187,2016-12-02,0.0
70188,2016-12-03,0.0
70189,2016-12-04,0.0
70190,2016-12-05,2.4
70191,2016-12-06,0.0
70192,2016-12-07,0.0
70193,2016-12-08,2.2
70194,2016-12-09,6.6
70195,2016-12-10,0.2
70196,2016-12-11,1.0
70197,2016-12-12,0.0
70198,2016-12-13,0.0
70199,2016-12-14,0.0
70200,2016-12-15,0.0
70201,2016-12-16,0.0
70202,2016-12-17,0.0
70203,2016-12-18,0.0
70204,2016-12-19,0.0
70205,2016-12-20,3.0
70206,2016-12-21,0.2
70207,2016-12-22,0.0
70208,2016-12-23,0.0
70209,2016-12-24,0.8
70210,2016-12-25,0.2
70211,2016-12-26,0.0
70212,2016-12-27,1.6
70213,2016-12-28,1.0
70214,2016-12-29,0.0
70215,2016-12-30,20.4
70216,2016-12-31,0.0
70217,2017-01-01,0.0
70218,2017-01-02,0.4
70219,2017-01-03,0.4
70220,2017-01-04,0.0
70221,2017-01-05,0.0
70222,2017-01-06,0.0
70223,2017-01-07,0.0
70224,2017-01-08,0.0
70225,2017-01-09,0.0
70226,2017-01-10,0.0
70227,2017-01-11,0.0
70228,2017-01-12,0.0
70229,2017-01-13,1.4
70230,2017-01-14,2.6
70231,2017-01-15,0.0
70232,2017-01-16,0.0
70233,2017-01-17,0.0
70234,2017-01-18,0.0
70235,2017-01-19,0.0
70236,2017-01-20,22.6
70237,2017-01-21,0.6
70238,2017-01-22,0.0
70239,2017-01-23,0.0
70240,2017-01-24,0.6
70241,2017-01-25,0.0
70242,2017-01-26,0.0
70243,2017-01-27,0.0
70244,2017-01-28,0.0
70245,2017-01-29,0.0
70246,2017-01-30,0.0
70247,2017-01-31,3.0
70248,2017-02-01,0.0
70249,2017-02-02,0.0
70250,2017-02-03,0.0
70251,2017-02-04,0.0
70252,2017-02-05,0.0
70253,2017-02-06,32.4
70254,2017-02-07,0.0
70255,2017-02-08,0.0
70256,2017-02-09,0.0
70257,2017-02-10,0.0
70258,2017-02-11,0.0
70259,2017-02-12,2.0
70260,2017-02-13,0.0
70261,2017-02-14,0.6
70262,2017-02-15,0.0
70263,2017-02-16,0.0
70264,2017-02-17,0.0
70265,2017-02-18,0.0
70266,2017-02-19,0.0
70267,2017-02-20,3.6
70268,2017-02-21,0.2
70269,2017-02-22,0.0
70270,2017-02-23,0.0
70271,2017-02-24,1.4
70272,2017-02-25,0.0
70273,2017-02-26,0.0
70274,2017-02-27,0.0
70275,2017-02-28,0.0
70276,2017-03-01,0.0
70277,2017-03-02,0.0
70278,2017-03-03,0.0
70279,2017-03-04,0.0
70280,2017-03-05,0.2
70281,2017-03-06,0.0
70282,2017-03-07,0.0
70283,2017-03-08,0.0
70284,2017-03-09,0.0
70285,2017-03-10,0.0
70286,2017-03-11,0.0
70287,2017-03-12,0.0
70288,2017-03-13,0.2
70289,2017-03-14,0.0
70290,2017-03-15,0.0
70291,2017-03-16,1.8
70292,2017-03-17,0.0
70293,2017-03-18,0.0
70294,2017-03-19,0.0
70295,2017-03-20,0.0
70296,2017-03-21,4.4
70297,2017-03-22,9.2
70298,2017-03-23,0.0
70299,2017-03-24,0.0
70300,2017-03-25,0.0
70301,2017-03-26,0.0
70302,2017-03-27,0.0
70303,2017-03-28,4.2
70304,2017-03-29,0.2
70305,2017-03-30,3.4
70306,2017-03-31,2.8
70307,2017-04-01,0.0
70308,2017-04-02,0.4
70309,2017-04-03,0.0
70310,2017-04-04,0.0
70311,2017-04-05,0.0
70312,2017-04-06,0.0
70313,2017-04-07,0.0
70314,2017-04-08,0.0
70315,2017-04-09,10.6
70316,2017-04-10,25.4
70317,2017-04-11,15.4
70318,2017-04-12,0.0
70319,2017-04-13,0.0
70320,2017-04-14,0.0
70321,2017-04-15,0.0
70322,2017-04-16,0.0
70323,2017-04-17,0.0
70324,2017-04-18,0.0
70325,2017-04-19,0.0
70326,2017-04-20,0.0
70327,2017-04-21,9.4
70328,2017-04-22,4.6
70329,2017-04-23,0.0
70330,2017-04-24,0.0
70331,2017-04-25,21.6
70332,2017-04-26,20.0
70333,2017-04-27,15.4
70334,2017-04-28,0.4
70335,2017-04-29,0.2
70336,2017-04-30,0.0
70337,2017-05-01,0.0
70338,2017-05-02,2.4
70339,2017-05-03,0.8
70340,2017-05-04,0.0
70341,2017-05-05,0.0
70342,2017-05-06,0.2
70343,2017-05-07,1.4
70344,2017-05-08,1.8
70345,2017-05-09,1.6
70346,2017-05-10,0.0
70347,2017-05-11,0.0
70348,2017-05-12,0.0
70349,2017-05-13,0.2
70350,2017-05-14,0.0
70351,2017-05-15,0.0
70352,2017-05-16,0.0
70353,2017-05-17,0.0
70354,2017-05-18,0.8
70355,2017-05-19,0.0
70356,2017-05-20,0.0
70357,2017-05-21,0.0
70358,2017-05-22,0.0
70359,2017-05-23,0.0
70360,2017-05-24,0.0
70361,2017-05-25,0.0
70362,2017-05-26,0.0
70363,2017-05-27,0.0
70364,2017-05-28,6.8
70365,2017-05-29,1.4
70366,2017-05-30,2.2
70367,2017-05-31,5.4
70368,2017-06-01,0.4
70369,2017-06-02,0.0
70370,2017-06-03,0.0
70371,2017-06-04,0.0
70372,2017-06-05,0.0
70373,2017-06-06,6.4
70374,2017-06-07,0.0
70375,2017-06-08,0.0
70376,2017-06-09,1.8
70377,2017-06-10,0.0
70378,2017-06-11,0.2
70379,2017-06-12,0.0
70380,2017-06-13,0.0
70381,2017-06-14,0.0
70382,2017-06-15,0.0
70383,2017-06-16,0.0
70384,2017-06-17,0.0
70385,2017-06-18,0.0
70386,2017-06-19,0.0
70387,2017-06-20,0.0
70388,2017-06-21,0.6
70389,2017-06-22,0.2
70390,2017-06-23,0.0
70391,2017-06-24,1.4
70392,2017-06-25,0.0
