,Date,WindSpeed9am
67200,2008-07-01,37.0
67201,2008-07-02,30.0
67202,2008-07-03,17.0
67203,2008-07-04,9.0
67204,2008-07-05,24.0
67205,2008-07-06,31.0
67206,2008-07-07,28.0
67207,2008-07-08,13.0
67208,2008-07-09,11.0
67209,2008-07-10,15.0
67210,2008-07-11,26.0
67211,2008-07-12,22.0
67212,2008-07-13,33.0
67213,2008-07-14,7.0
67214,2008-07-15,17.0
67215,2008-07-16,19.0
67216,2008-07-17,35.0
67217,2008-07-18,20.0
67218,2008-07-19,33.0
67219,2008-07-20,43.0
67220,2008-07-21,31.0
67221,2008-07-22,15.0
67222,2008-07-23,0.0
67223,2008-07-24,11.0
67224,2008-07-25,20.0
67225,2008-07-26,24.0
67226,2008-07-27,11.0
67227,2008-07-28,9.0
67228,2008-07-29,11.0
67229,2008-07-30,28.0
67230,2008-07-31,41.0
67231,2008-08-01,28.0
67232,2008-08-02,19.0
67233,2008-08-03,22.0
67234,2008-08-04,17.0
67235,2008-08-05,6.0
67236,2008-08-06,13.0
67237,2008-08-07,2.0
67238,2008-08-08,19.0
67239,2008-08-09,17.0
67240,2008-08-10,19.0
67241,2008-08-11,19.0
67242,2008-08-12,13.0
67243,2008-08-13,24.0
67244,2008-08-14,31.0
67245,2008-08-15,26.0
67246,2008-08-16,28.0
67247,2008-08-17,24.0
67248,2008-08-18,24.0
67249,2008-08-19,30.0
67250,2008-08-20,30.0
67251,2008-08-21,9.0
67252,2008-08-22,17.0
67253,2008-08-23,19.0
67254,2008-08-24,17.0
67255,2008-08-25,19.0
67256,2008-08-26,28.0
67257,2008-08-27,9.0
67258,2008-08-28,6.0
67259,2008-08-29,19.0
67260,2008-08-30,37.0
67261,2008-08-31,19.0
67262,2008-09-01,13.0
67263,2008-09-02,11.0
67264,2008-09-03,22.0
67265,2008-09-04,4.0
67266,2008-09-05,17.0
67267,2008-09-06,7.0
67268,2008-09-07,15.0
67269,2008-09-08,19.0
67270,2008-09-09,13.0
67271,2008-09-10,7.0
67272,2008-09-11,46.0
67273,2008-09-12,65.0
67274,2008-09-13,43.0
67275,2008-09-14,35.0
67276,2008-09-15,39.0
67277,2008-09-16,30.0
67278,2008-09-17,11.0
67279,2008-09-18,37.0
67280,2008-09-19,44.0
67281,2008-09-20,31.0
67282,2008-09-21,26.0
67283,2008-09-22,56.0
67284,2008-09-23,39.0
67285,2008-09-24,19.0
67286,2008-09-25,37.0
67287,2008-09-26,35.0
67288,2008-09-27,9.0
67289,2008-09-28,20.0
67290,2008-09-29,24.0
67291,2008-09-30,24.0
67292,2008-10-01,44.0
67293,2008-10-02,22.0
67294,2008-10-03,35.0
67295,2008-10-04,15.0
67296,2008-10-05,11.0
67297,2008-10-06,20.0
67298,2008-10-07,22.0
67299,2008-10-08,19.0
67300,2008-10-09,13.0
67301,2008-10-10,24.0
67302,2008-10-11,31.0
67303,2008-10-12,37.0
67304,2008-10-13,30.0
67305,2008-10-14,24.0
67306,2008-10-15,22.0
67307,2008-10-16,6.0
67308,2008-10-17,7.0
67309,2008-10-18,41.0
67310,2008-10-19,20.0
67311,2008-10-20,24.0
67312,2008-10-21,26.0
67313,2008-10-22,37.0
67314,2008-10-23,11.0
67315,2008-10-24,22.0
67316,2008-10-25,54.0
67317,2008-10-26,30.0
67318,2008-10-27,22.0
67319,2008-10-28,15.0
67320,2008-10-29,17.0
67321,2008-10-30,39.0
67322,2008-10-31,17.0
67323,2008-11-01,17.0
67324,2008-11-02,37.0
67325,2008-11-03,31.0
67326,2008-11-04,28.0
67327,2008-11-05,9.0
67328,2008-11-06,15.0
67329,2008-11-07,24.0
67330,2008-11-08,31.0
67331,2008-11-09,22.0
67332,2008-11-10,7.0
67333,2008-11-11,7.0
67334,2008-11-12,30.0
67335,2008-11-13,48.0
67336,2008-11-14,13.0
67337,2008-11-15,20.0
67338,2008-11-16,28.0
67339,2008-11-17,20.0
67340,2008-11-18,7.0
67341,2008-11-19,15.0
67342,2008-11-20,31.0
67343,2008-11-21,19.0
67344,2008-11-22,41.0
67345,2008-11-23,37.0
67346,2008-11-24,26.0
67347,2008-11-25,7.0
67348,2008-11-26,7.0
67349,2008-11-27,48.0
67350,2008-11-28,4.0
67351,2008-11-29,26.0
67352,2008-11-30,13.0
67353,2008-12-01,24.0
67354,2008-12-02,30.0
67355,2008-12-03,22.0
67356,2008-12-04,9.0
67357,2008-12-05,30.0
67358,2008-12-06,11.0
67359,2008-12-07,26.0
67360,2008-12-08,13.0
67361,2008-12-09,13.0
67362,2008-12-10,28.0
67363,2008-12-11,19.0
67364,2008-12-12,24.0
67365,2008-12-13,17.0
67366,2008-12-14,31.0
67367,2008-12-15,24.0
67368,2008-12-16,6.0
67369,2008-12-17,
67370,2008-12-18,9.0
67371,2008-12-19,20.0
67372,2008-12-20,15.0
67373,2008-12-21,22.0
67374,2008-12-22,48.0
67375,2008-12-23,28.0
67376,2008-12-24,19.0
67377,2008-12-25,9.0
67378,2008-12-26,22.0
67379,2008-12-27,20.0
67380,2008-12-28,9.0
67381,2008-12-29,20.0
67382,2008-12-30,24.0
67383,2008-12-31,22.0
67384,2009-01-01,33.0
67385,2009-01-02,31.0
67386,2009-01-03,13.0
67387,2009-01-04,2.0
67388,2009-01-05,9.0
67389,2009-01-06,11.0
67390,2009-01-07,17.0
67391,2009-01-08,28.0
67392,2009-01-09,19.0
67393,2009-01-10,7.0
67394,2009-01-11,9.0
67395,2009-01-12,11.0
67396,2009-01-13,35.0
67397,2009-01-14,35.0
67398,2009-01-15,28.0
67399,2009-01-16,28.0
67400,2009-01-17,28.0
67401,2009-01-18,7.0
67402,2009-01-19,28.0
67403,2009-01-20,37.0
67404,2009-01-21,9.0
67405,2009-01-22,41.0
67406,2009-01-23,9.0
67407,2009-01-24,30.0
67408,2009-01-25,7.0
67409,2009-01-26,13.0
67410,2009-01-27,7.0
67411,2009-01-28,24.0
67412,2009-01-29,39.0
67413,2009-01-30,15.0
67414,2009-01-31,7.0
67415,2009-02-01,11.0
67416,2009-02-02,7.0
67417,2009-02-03,15.0
67418,2009-02-04,4.0
67419,2009-02-05,11.0
67420,2009-02-06,11.0
67421,2009-02-07,54.0
67422,2009-02-08,20.0
67423,2009-02-09,33.0
67424,2009-02-10,26.0
67425,2009-02-11,31.0
67426,2009-02-12,17.0
67427,2009-02-13,13.0
67428,2009-02-14,7.0
67429,2009-02-15,2.0
67430,2009-02-16,7.0
67431,2009-02-17,20.0
67432,2009-02-18,9.0
67433,2009-02-19,15.0
67434,2009-02-20,19.0
67435,2009-02-21,22.0
67436,2009-02-22,13.0
67437,2009-02-23,24.0
67438,2009-02-24,19.0
67439,2009-02-25,17.0
67440,2009-02-26,9.0
67441,2009-02-27,48.0
67442,2009-02-28,17.0
67443,2009-03-01,17.0
67444,2009-03-02,17.0
67445,2009-03-03,35.0
67446,2009-03-04,15.0
67447,2009-03-05,28.0
67448,2009-03-06,19.0
67449,2009-03-07,13.0
67450,2009-03-08,20.0
67451,2009-03-09,13.0
67452,2009-03-10,17.0
67453,2009-03-11,7.0
67454,2009-03-12,13.0
67455,2009-03-13,15.0
67456,2009-03-14,52.0
67457,2009-03-15,20.0
67458,2009-03-16,17.0
67459,2009-03-17,17.0
67460,2009-03-18,13.0
67461,2009-03-19,28.0
67462,2009-03-20,9.0
67463,2009-03-21,37.0
67464,2009-03-22,11.0
67465,2009-03-23,19.0
67466,2009-03-24,6.0
67467,2009-03-25,6.0
67468,2009-03-26,11.0
67469,2009-03-27,13.0
67470,2009-03-28,15.0
67471,2009-03-29,19.0
67472,2009-03-30,11.0
67473,2009-03-31,17.0
67474,2009-04-01,0.0
67475,2009-04-02,33.0
67476,2009-04-03,35.0
67477,2009-04-04,20.0
67478,2009-04-05,15.0
67479,2009-04-06,22.0
67480,2009-04-07,19.0
67481,2009-04-08,7.0
67482,2009-04-09,7.0
67483,2009-04-10,7.0
67484,2009-04-11,7.0
67485,2009-04-12,9.0
67486,2009-04-13,4.0
67487,2009-04-14,31.0
67488,2009-04-15,46.0
67489,2009-04-16,31.0
67490,2009-04-17,13.0
67491,2009-04-18,13.0
67492,2009-04-19,17.0
67493,2009-04-20,2.0
67494,2009-04-21,24.0
67495,2009-04-22,26.0
67496,2009-04-23,31.0
67497,2009-04-24,35.0
67498,2009-04-25,24.0
67499,2009-04-26,28.0
67500,2009-04-27,13.0
67501,2009-04-28,28.0
67502,2009-04-29,11.0
67503,2009-04-30,11.0
67504,2009-05-01,31.0
67505,2009-05-02,9.0
67506,2009-05-03,6.0
67507,2009-05-04,6.0
67508,2009-05-05,9.0
67509,2009-05-06,6.0
67510,2009-05-07,15.0
67511,2009-05-08,13.0
67512,2009-05-09,15.0
67513,2009-05-10,6.0
67514,2009-05-11,7.0
67515,2009-05-12,7.0
67516,2009-05-13,13.0
67517,2009-05-14,30.0
67518,2009-05-15,31.0
67519,2009-05-16,35.0
67520,2009-05-17,13.0
67521,2009-05-18,7.0
67522,2009-05-19,6.0
67523,2009-05-20,6.0
67524,2009-05-21,7.0
67525,2009-05-22,0.0
67526,2009-05-23,
67527,2009-05-24,31.0
67528,2009-05-25,52.0
67529,2009-05-26,11.0
67530,2009-05-27,9.0
67531,2009-05-28,6.0
67532,2009-05-29,9.0
67533,2009-05-30,13.0
67534,2009-05-31,9.0
67535,2009-06-01,2.0
67536,2009-06-02,2.0
67537,2009-06-03,0.0
67538,2009-06-04,28.0
67539,2009-06-05,17.0
67540,2009-06-06,28.0
67541,2009-06-07,15.0
67542,2009-06-08,26.0
67543,2009-06-09,22.0
67544,2009-06-10,26.0
67545,2009-06-11,20.0
67546,2009-06-12,31.0
67547,2009-06-13,30.0
67548,2009-06-14,28.0
67549,2009-06-15,6.0
67550,2009-06-16,7.0
67551,2009-06-17,4.0
67552,2009-06-18,2.0
67553,2009-06-19,17.0
67554,2009-06-20,17.0
67555,2009-06-21,19.0
67556,2009-06-22,28.0
67557,2009-06-23,26.0
67558,2009-06-24,20.0
67559,2009-06-25,15.0
67560,2009-06-26,31.0
67561,2009-06-27,0.0
67562,2009-06-28,15.0
67563,2009-06-29,31.0
67564,2009-06-30,50.0
67565,2009-07-01,35.0
67566,2009-07-02,20.0
67567,2009-07-03,30.0
67568,2009-07-04,20.0
67569,2009-07-05,17.0
67570,2009-07-06,24.0
67571,2009-07-07,6.0
67572,2009-07-08,11.0
67573,2009-07-09,13.0
67574,2009-07-10,20.0
67575,2009-07-11,50.0
67576,2009-07-12,28.0
67577,2009-07-13,22.0
67578,2009-07-14,24.0
67579,2009-07-15,15.0
67580,2009-07-16,9.0
67581,2009-07-17,9.0
67582,2009-07-18,28.0
67583,2009-07-19,31.0
67584,2009-07-20,48.0
67585,2009-07-21,50.0
67586,2009-07-22,33.0
67587,2009-07-23,20.0
67588,2009-07-24,22.0
67589,2009-07-25,43.0
67590,2009-07-26,33.0
67591,2009-07-27,30.0
67592,2009-07-28,20.0
67593,2009-07-29,13.0
67594,2009-07-30,20.0
67595,2009-07-31,17.0
67596,2009-08-01,17.0
67597,2009-08-02,28.0
67598,2009-08-03,20.0
67599,2009-08-04,35.0
67600,2009-08-05,28.0
67601,2009-08-06,50.0
67602,2009-08-07,35.0
67603,2009-08-08,24.0
67604,2009-08-09,37.0
67605,2009-08-10,13.0
67606,2009-08-11,7.0
67607,2009-08-12,11.0
67608,2009-08-13,17.0
67609,2009-08-14,13.0
67610,2009-08-15,61.0
67611,2009-08-16,50.0
67612,2009-08-17,28.0
67613,2009-08-18,19.0
67614,2009-08-19,31.0
67615,2009-08-20,22.0
67616,2009-08-21,39.0
67617,2009-08-22,24.0
67618,2009-08-23,35.0
67619,2009-08-24,43.0
67620,2009-08-25,24.0
67621,2009-08-26,39.0
67622,2009-08-27,31.0
67623,2009-08-28,31.0
67624,2009-08-29,43.0
67625,2009-08-30,28.0
67626,2009-08-31,30.0
67627,2009-09-01,15.0
67628,2009-09-02,41.0
67629,2009-09-03,43.0
67630,2009-09-04,26.0
67631,2009-09-05,28.0
67632,2009-09-06,31.0
67633,2009-09-07,19.0
67634,2009-09-08,28.0
67635,2009-09-09,28.0
67636,2009-09-10,19.0
67637,2009-09-11,57.0
67638,2009-09-12,43.0
67639,2009-09-13,2.0
67640,2009-09-14,17.0
67641,2009-09-15,19.0
67642,2009-09-16,33.0
67643,2009-09-17,31.0
67644,2009-09-18,9.0
67645,2009-09-19,48.0
67646,2009-09-20,13.0
67647,2009-09-21,4.0
67648,2009-09-22,13.0
67649,2009-09-23,33.0
67650,2009-09-24,30.0
67651,2009-09-25,41.0
67652,2009-09-26,30.0
67653,2009-09-27,44.0
67654,2009-09-28,24.0
67655,2009-09-29,4.0
67656,2009-09-30,63.0
67657,2009-10-01,13.0
67658,2009-10-02,28.0
67659,2009-10-03,26.0
67660,2009-10-04,6.0
67661,2009-10-05,20.0
67662,2009-10-06,22.0
67663,2009-10-07,17.0
67664,2009-10-08,11.0
67665,2009-10-09,7.0
67666,2009-10-10,9.0
67667,2009-10-11,28.0
67668,2009-10-12,31.0
67669,2009-10-13,43.0
67670,2009-10-14,24.0
67671,2009-10-15,17.0
67672,2009-10-16,20.0
67673,2009-10-17,20.0
67674,2009-10-18,15.0
67675,2009-10-19,6.0
67676,2009-10-20,46.0
67677,2009-10-21,19.0
67678,2009-10-22,24.0
67679,2009-10-23,17.0
67680,2009-10-24,6.0
67681,2009-10-25,31.0
67682,2009-10-26,31.0
67683,2009-10-27,9.0
67684,2009-10-28,7.0
67685,2009-10-29,7.0
67686,2009-10-30,24.0
67687,2009-10-31,28.0
67688,2009-11-01,11.0
67689,2009-11-02,9.0
67690,2009-11-03,9.0
67691,2009-11-04,20.0
67692,2009-11-05,22.0
67693,2009-11-06,9.0
67694,2009-11-07,43.0
67695,2009-11-08,39.0
67696,2009-11-09,28.0
67697,2009-11-10,13.0
67698,2009-11-11,11.0
67699,2009-11-12,0.0
67700,2009-11-13,9.0
67701,2009-11-14,35.0
67702,2009-11-15,11.0
67703,2009-11-16,31.0
67704,2009-11-17,20.0
67705,2009-11-18,13.0
67706,2009-11-19,33.0
67707,2009-11-20,20.0
67708,2009-11-21,9.0
67709,2009-11-22,15.0
67710,2009-11-23,13.0
67711,2009-11-24,2.0
67712,2009-11-25,7.0
67713,2009-11-26,11.0
67714,2009-11-27,26.0
67715,2009-11-28,28.0
67716,2009-11-29,13.0
67717,2009-11-30,28.0
67718,2009-12-01,31.0
67719,2009-12-02,11.0
67720,2009-12-03,41.0
67721,2009-12-04,13.0
67722,2009-12-05,20.0
67723,2009-12-06,11.0
67724,2009-12-07,11.0
67725,2009-12-08,35.0
67726,2009-12-09,13.0
67727,2009-12-10,20.0
67728,2009-12-11,31.0
67729,2009-12-12,30.0
67730,2009-12-13,28.0
67731,2009-12-14,15.0
67732,2009-12-15,6.0
67733,2009-12-16,37.0
67734,2009-12-17,15.0
67735,2009-12-18,17.0
67736,2009-12-19,19.0
67737,2009-12-20,11.0
67738,2009-12-21,4.0
67739,2009-12-22,7.0
67740,2009-12-23,7.0
67741,2009-12-24,6.0
67742,2009-12-25,17.0
67743,2009-12-26,22.0
67744,2009-12-27,6.0
67745,2009-12-28,13.0
67746,2009-12-29,13.0
67747,2009-12-30,9.0
67748,2009-12-31,41.0
67749,2010-01-01,11.0
67750,2010-01-02,22.0
67751,2010-01-03,24.0
67752,2010-01-04,9.0
67753,2010-01-05,6.0
67754,2010-01-06,15.0
67755,2010-01-07,17.0
67756,2010-01-08,9.0
67757,2010-01-09,35.0
67758,2010-01-10,6.0
67759,2010-01-11,35.0
67760,2010-01-12,20.0
67761,2010-01-13,15.0
67762,2010-01-14,19.0
67763,2010-01-15,11.0
67764,2010-01-16,9.0
67765,2010-01-17,24.0
67766,2010-01-18,43.0
67767,2010-01-19,20.0
67768,2010-01-20,13.0
67769,2010-01-21,6.0
67770,2010-01-22,41.0
67771,2010-01-23,17.0
67772,2010-01-24,9.0
67773,2010-01-25,13.0
67774,2010-01-26,11.0
67775,2010-01-27,22.0
67776,2010-01-28,15.0
67777,2010-01-29,24.0
67778,2010-01-30,9.0
67779,2010-01-31,61.0
67780,2010-02-01,15.0
67781,2010-02-02,11.0
67782,2010-02-03,19.0
67783,2010-02-04,22.0
67784,2010-02-05,19.0
67785,2010-02-06,22.0
67786,2010-02-07,0.0
67787,2010-02-08,9.0
67788,2010-02-09,39.0
67789,2010-02-10,7.0
67790,2010-02-11,9.0
67791,2010-02-12,20.0
67792,2010-02-13,11.0
67793,2010-02-14,15.0
67794,2010-02-15,28.0
67795,2010-02-16,26.0
67796,2010-02-17,13.0
67797,2010-02-18,20.0
67798,2010-02-19,50.0
67799,2010-02-20,43.0
67800,2010-02-21,13.0
67801,2010-02-22,13.0
67802,2010-02-23,24.0
67803,2010-02-24,9.0
67804,2010-02-25,6.0
67805,2010-02-26,41.0
67806,2010-02-27,24.0
67807,2010-02-28,19.0
67808,2010-03-01,33.0
67809,2010-03-02,11.0
67810,2010-03-03,9.0
67811,2010-03-04,22.0
67812,2010-03-05,11.0
67813,2010-03-06,6.0
67814,2010-03-07,19.0
67815,2010-03-08,20.0
67816,2010-03-09,30.0
67817,2010-03-10,17.0
67818,2010-03-11,11.0
67819,2010-03-12,9.0
67820,2010-03-13,9.0
67821,2010-03-14,22.0
67822,2010-03-15,24.0
67823,2010-03-16,31.0
67824,2010-03-17,41.0
67825,2010-03-18,17.0
67826,2010-03-19,9.0
67827,2010-03-20,9.0
67828,2010-03-21,11.0
67829,2010-03-22,17.0
67830,2010-03-23,17.0
67831,2010-03-24,13.0
67832,2010-03-25,13.0
67833,2010-03-26,31.0
67834,2010-03-27,15.0
67835,2010-03-28,31.0
67836,2010-03-29,11.0
67837,2010-03-30,11.0
67838,2010-03-31,7.0
67839,2010-04-01,11.0
67840,2010-04-02,22.0
67841,2010-04-03,9.0
67842,2010-04-04,4.0
67843,2010-04-05,24.0
67844,2010-04-06,26.0
67845,2010-04-07,20.0
67846,2010-04-08,20.0
67847,2010-04-09,9.0
67848,2010-04-10,24.0
67849,2010-04-11,37.0
67850,2010-04-12,35.0
67851,2010-04-13,20.0
67852,2010-04-14,15.0
67853,2010-04-15,15.0
67854,2010-04-16,7.0
67855,2010-04-17,20.0
67856,2010-04-18,24.0
67857,2010-04-19,17.0
67858,2010-04-20,37.0
67859,2010-04-21,7.0
67860,2010-04-22,28.0
67861,2010-04-23,24.0
67862,2010-04-24,20.0
67863,2010-04-25,22.0
67864,2010-04-26,19.0
67865,2010-04-27,30.0
67866,2010-04-28,26.0
67867,2010-04-29,13.0
67868,2010-04-30,13.0
67869,2010-05-01,30.0
67870,2010-05-02,24.0
67871,2010-05-03,11.0
67872,2010-05-04,56.0
67873,2010-05-05,28.0
67874,2010-05-06,13.0
67875,2010-05-07,24.0
67876,2010-05-08,0.0
67877,2010-05-09,26.0
67878,2010-05-10,31.0
67879,2010-05-11,17.0
67880,2010-05-12,22.0
67881,2010-05-13,20.0
67882,2010-05-14,9.0
67883,2010-05-15,4.0
67884,2010-05-16,13.0
67885,2010-05-17,7.0
67886,2010-05-18,11.0
67887,2010-05-19,13.0
67888,2010-05-20,2.0
67889,2010-05-21,7.0
67890,2010-05-22,6.0
67891,2010-05-23,13.0
67892,2010-05-24,13.0
67893,2010-05-25,11.0
67894,2010-05-26,0.0
67895,2010-05-27,17.0
67896,2010-05-28,24.0
67897,2010-05-29,0.0
67898,2010-05-30,26.0
67899,2010-05-31,22.0
67900,2010-06-01,17.0
67901,2010-06-02,4.0
67902,2010-06-03,9.0
67903,2010-06-04,7.0
67904,2010-06-05,9.0
67905,2010-06-06,11.0
67906,2010-06-07,17.0
67907,2010-06-08,22.0
67908,2010-06-09,22.0
67909,2010-06-10,22.0
67910,2010-06-11,13.0
67911,2010-06-12,15.0
67912,2010-06-13,7.0
67913,2010-06-14,13.0
67914,2010-06-15,20.0
67915,2010-06-16,37.0
67916,2010-06-17,26.0
67917,2010-06-18,26.0
67918,2010-06-19,20.0
67919,2010-06-20,20.0
67920,2010-06-21,17.0
67921,2010-06-22,11.0
67922,2010-06-23,9.0
67923,2010-06-24,28.0
67924,2010-06-25,39.0
67925,2010-06-26,20.0
67926,2010-06-27,15.0
67927,2010-06-28,26.0
67928,2010-06-29,35.0
67929,2010-06-30,28.0
67930,2010-07-01,20.0
67931,2010-07-02,24.0
67932,2010-07-03,19.0
67933,2010-07-04,11.0
67934,2010-07-05,11.0
67935,2010-07-06,13.0
67936,2010-07-07,9.0
67937,2010-07-08,0.0
67938,2010-07-09,20.0
67939,2010-07-10,37.0
67940,2010-07-11,17.0
67941,2010-07-12,20.0
67942,2010-07-13,22.0
67943,2010-07-14,26.0
67944,2010-07-15,20.0
67945,2010-07-16,9.0
67946,2010-07-17,13.0
67947,2010-07-18,41.0
67948,2010-07-19,11.0
67949,2010-07-20,24.0
67950,2010-07-21,4.0
67951,2010-07-22,13.0
67952,2010-07-23,7.0
67953,2010-07-24,9.0
67954,2010-07-25,2.0
67955,2010-07-26,9.0
67956,2010-07-27,11.0
67957,2010-07-28,4.0
67958,2010-07-29,13.0
67959,2010-07-30,33.0
67960,2010-07-31,20.0
67961,2010-08-01,20.0
67962,2010-08-02,24.0
67963,2010-08-03,17.0
67964,2010-08-04,15.0
67965,2010-08-05,22.0
67966,2010-08-06,9.0
67967,2010-08-07,19.0
67968,2010-08-08,39.0
67969,2010-08-09,13.0
67970,2010-08-10,6.0
67971,2010-08-11,22.0
67972,2010-08-12,30.0
67973,2010-08-13,9.0
67974,2010-08-14,57.0
67975,2010-08-15,35.0
67976,2010-08-16,33.0
67977,2010-08-17,15.0
67978,2010-08-18,30.0
67979,2010-08-19,22.0
67980,2010-08-20,28.0
67981,2010-08-21,24.0
67982,2010-08-22,28.0
67983,2010-08-23,28.0
67984,2010-08-24,20.0
67985,2010-08-25,31.0
67986,2010-08-26,22.0
67987,2010-08-27,24.0
67988,2010-08-28,15.0
67989,2010-08-29,7.0
67990,2010-08-30,20.0
67991,2010-08-31,33.0
67992,2010-09-01,13.0
67993,2010-09-02,17.0
67994,2010-09-03,7.0
67995,2010-09-04,37.0
67996,2010-09-05,35.0
67997,2010-09-06,20.0
67998,2010-09-07,11.0
67999,2010-09-08,19.0
68000,2010-09-09,52.0
68001,2010-09-10,26.0
68002,2010-09-11,19.0
68003,2010-09-12,26.0
68004,2010-09-13,13.0
68005,2010-09-14,13.0
68006,2010-09-15,31.0
68007,2010-09-16,31.0
68008,2010-09-17,24.0
68009,2010-09-18,17.0
68010,2010-09-19,20.0
68011,2010-09-20,19.0
68012,2010-09-21,24.0
68013,2010-09-22,13.0
68014,2010-09-23,22.0
68015,2010-09-24,9.0
68016,2010-09-25,22.0
68017,2010-09-26,9.0
68018,2010-09-27,20.0
68019,2010-09-28,28.0
68020,2010-09-29,20.0
68021,2010-09-30,15.0
68022,2010-10-01,11.0
68023,2010-10-02,2.0
68024,2010-10-03,9.0
68025,2010-10-04,41.0
68026,2010-10-05,13.0
68027,2010-10-06,43.0
68028,2010-10-07,26.0
68029,2010-10-08,20.0
68030,2010-10-09,9.0
68031,2010-10-10,9.0
68032,2010-10-11,35.0
68033,2010-10-12,52.0
68034,2010-10-13,13.0
68035,2010-10-14,9.0
68036,2010-10-15,28.0
68037,2010-10-16,31.0
68038,2010-10-17,20.0
68039,2010-10-18,20.0
68040,2010-10-19,9.0
68041,2010-10-20,2.0
68042,2010-10-21,20.0
68043,2010-10-22,30.0
68044,2010-10-23,26.0
68045,2010-10-24,13.0
68046,2010-10-25,7.0
68047,2010-10-26,31.0
68048,2010-10-27,17.0
68049,2010-10-28,11.0
68050,2010-10-29,33.0
68051,2010-10-30,17.0
68052,2010-10-31,24.0
68053,2010-11-01,19.0
68054,2010-11-02,15.0
68055,2010-11-03,17.0
68056,2010-11-04,15.0
68057,2010-11-05,9.0
68058,2010-11-06,19.0
68059,2010-11-07,54.0
68060,2010-11-08,9.0
68061,2010-11-09,7.0
68062,2010-11-10,26.0
68063,2010-11-11,7.0
68064,2010-11-12,43.0
68065,2010-11-13,19.0
68066,2010-11-14,13.0
68067,2010-11-15,15.0
68068,2010-11-16,13.0
68069,2010-11-17,15.0
68070,2010-11-18,15.0
68071,2010-11-19,28.0
68072,2010-11-20,6.0
68073,2010-11-21,13.0
68074,2010-11-22,19.0
68075,2010-11-23,46.0
68076,2010-11-24,28.0
68077,2010-11-25,20.0
68078,2010-11-26,7.0
68079,2010-11-27,22.0
68080,2010-11-28,28.0
68081,2010-11-29,24.0
68082,2010-11-30,9.0
68083,2010-12-01,11.0
68084,2010-12-02,20.0
68085,2010-12-03,35.0
68086,2010-12-04,44.0
68087,2010-12-05,7.0
68088,2010-12-06,6.0
68089,2010-12-07,35.0
68090,2010-12-08,37.0
68091,2010-12-09,11.0
68092,2010-12-10,19.0
68093,2010-12-11,28.0
68094,2010-12-12,31.0
68095,2010-12-13,13.0
68096,2010-12-14,7.0
68097,2010-12-15,50.0
68098,2010-12-16,20.0
68099,2010-12-17,20.0
68100,2010-12-18,28.0
68101,2010-12-19,24.0
68102,2010-12-20,37.0
68103,2010-12-21,24.0
68104,2010-12-22,6.0
68105,2010-12-23,17.0
68106,2010-12-24,17.0
68107,2010-12-25,2.0
68108,2010-12-26,17.0
68109,2010-12-27,22.0
68110,2010-12-28,11.0
68111,2010-12-29,26.0
68112,2010-12-30,11.0
68113,2010-12-31,28.0
68114,2011-01-01,17.0
68115,2011-01-02,19.0
68116,2011-01-03,26.0
68117,2011-01-04,17.0
68118,2011-01-05,20.0
68119,2011-01-06,9.0
68120,2011-01-07,46.0
68121,2011-01-08,44.0
68122,2011-01-09,20.0
68123,2011-01-10,9.0
68124,2011-01-11,9.0
68125,2011-01-12,20.0
68126,2011-01-13,24.0
68127,2011-01-14,24.0
68128,2011-01-15,9.0
68129,2011-01-16,6.0
68130,2011-01-17,20.0
68131,2011-01-18,20.0
68132,2011-01-19,17.0
68133,2011-01-20,7.0
68134,2011-01-21,33.0
68135,2011-01-22,11.0
68136,2011-01-23,9.0
68137,2011-01-24,11.0
68138,2011-01-25,2.0
68139,2011-01-26,15.0
68140,2011-01-27,6.0
68141,2011-01-28,13.0
68142,2011-01-29,9.0
68143,2011-01-30,39.0
68144,2011-01-31,9.0
68145,2011-02-01,26.0
68146,2011-02-02,6.0
68147,2011-02-03,15.0
68148,2011-02-04,31.0
68149,2011-02-05,11.0
68150,2011-02-06,28.0
68151,2011-02-07,9.0
68152,2011-02-08,24.0
68153,2011-02-09,9.0
68154,2011-02-10,28.0
68155,2011-02-11,15.0
68156,2011-02-12,28.0
68157,2011-02-13,4.0
68158,2011-02-14,13.0
68159,2011-02-15,19.0
68160,2011-02-16,24.0
68161,2011-02-17,6.0
68162,2011-02-18,7.0
68163,2011-02-19,24.0
68164,2011-02-20,17.0
68165,2011-02-21,28.0
68166,2011-02-22,13.0
68167,2011-02-23,11.0
68168,2011-02-24,9.0
68169,2011-02-25,7.0
68170,2011-02-26,7.0
68171,2011-02-27,15.0
68172,2011-02-28,9.0
68173,2011-03-01,17.0
68174,2011-03-02,9.0
68175,2011-03-03,22.0
68176,2011-03-04,28.0
68177,2011-03-05,22.0
68178,2011-03-06,28.0
68179,2011-03-07,48.0
68180,2011-03-08,44.0
68181,2011-03-09,7.0
68182,2011-03-10,19.0
68183,2011-03-11,2.0
68184,2011-03-12,11.0
68185,2011-03-13,33.0
68186,2011-03-14,22.0
68187,2011-03-15,6.0
68188,2011-03-16,11.0
68189,2011-03-17,17.0
68190,2011-03-18,15.0
68191,2011-03-19,9.0
68192,2011-03-20,7.0
68193,2011-03-21,4.0
68194,2011-03-22,7.0
68195,2011-03-23,13.0
68196,2011-03-24,19.0
68197,2011-03-25,26.0
68198,2011-03-26,17.0
68199,2011-03-27,6.0
68200,2011-03-28,11.0
68201,2011-03-29,19.0
68202,2011-03-30,13.0
68203,2011-03-31,13.0
68204,2011-05-01,9.0
68205,2011-05-02,9.0
68206,2011-05-03,11.0
68207,2011-05-04,13.0
68208,2011-05-05,13.0
68209,2011-05-06,13.0
68210,2011-05-07,15.0
68211,2011-05-08,9.0
68212,2011-05-09,9.0
68213,2011-05-10,11.0
68214,2011-05-11,28.0
68215,2011-05-12,24.0
68216,2011-05-13,20.0
68217,2011-05-14,24.0
68218,2011-05-15,19.0
68219,2011-05-16,17.0
68220,2011-05-17,9.0
68221,2011-05-18,20.0
68222,2011-05-19,37.0
68223,2011-05-20,28.0
68224,2011-05-21,43.0
68225,2011-05-22,30.0
68226,2011-05-23,13.0
68227,2011-05-24,35.0
68228,2011-05-25,13.0
68229,2011-05-26,19.0
68230,2011-05-27,17.0
68231,2011-05-28,0.0
68232,2011-05-29,0.0
68233,2011-05-30,9.0
68234,2011-05-31,9.0
68235,2011-06-01,6.0
68236,2011-06-02,22.0
68237,2011-06-03,39.0
68238,2011-06-04,17.0
68239,2011-06-05,20.0
68240,2011-06-06,19.0
68241,2011-06-07,35.0
68242,2011-06-08,31.0
68243,2011-06-09,17.0
68244,2011-06-10,17.0
68245,2011-06-11,9.0
68246,2011-06-12,7.0
68247,2011-06-13,9.0
68248,2011-06-14,9.0
68249,2011-06-15,11.0
68250,2011-06-16,24.0
68251,2011-06-17,30.0
68252,2011-06-18,17.0
68253,2011-06-19,20.0
68254,2011-06-20,24.0
68255,2011-06-21,31.0
68256,2011-06-22,24.0
68257,2011-06-23,20.0
68258,2011-06-24,24.0
68259,2011-06-25,24.0
68260,2011-06-26,44.0
68261,2011-06-27,11.0
68262,2011-06-28,2.0
68263,2011-06-29,11.0
68264,2011-06-30,28.0
68265,2011-07-01,33.0
68266,2011-07-02,35.0
68267,2011-07-03,37.0
68268,2011-07-04,28.0
68269,2011-07-05,41.0
68270,2011-07-06,24.0
68271,2011-07-07,26.0
68272,2011-07-08,15.0
68273,2011-07-09,15.0
68274,2011-07-10,26.0
68275,2011-07-11,28.0
68276,2011-07-12,20.0
68277,2011-07-13,15.0
68278,2011-07-14,17.0
68279,2011-07-15,13.0
68280,2011-07-16,6.0
68281,2011-07-17,30.0
68282,2011-07-18,11.0
68283,2011-07-19,19.0
68284,2011-07-20,30.0
68285,2011-07-21,17.0
68286,2011-07-22,13.0
68287,2011-07-23,17.0
68288,2011-07-24,28.0
68289,2011-07-25,11.0
68290,2011-07-26,19.0
68291,2011-07-27,17.0
68292,2011-07-28,44.0
68293,2011-07-29,44.0
68294,2011-07-30,43.0
68295,2011-07-31,30.0
68296,2011-08-01,50.0
68297,2011-08-02,41.0
68298,2011-08-03,30.0
68299,2011-08-04,24.0
68300,2011-08-05,13.0
68301,2011-08-06,13.0
68302,2011-08-07,17.0
68303,2011-08-08,6.0
68304,2011-08-09,13.0
68305,2011-08-10,9.0
68306,2011-08-11,26.0
68307,2011-08-12,6.0
68308,2011-08-13,11.0
68309,2011-08-14,13.0
68310,2011-08-15,15.0
68311,2011-08-16,31.0
68312,2011-08-17,17.0
68313,2011-08-18,17.0
68314,2011-08-19,7.0
68315,2011-08-20,9.0
68316,2011-08-21,22.0
68317,2011-08-22,15.0
68318,2011-08-23,20.0
68319,2011-08-24,31.0
68320,2011-08-25,52.0
68321,2011-08-26,7.0
68322,2011-08-27,19.0
68323,2011-08-28,19.0
68324,2011-08-29,22.0
68325,2011-08-30,9.0
68326,2011-08-31,17.0
68327,2011-09-01,7.0
68328,2011-09-02,15.0
68329,2011-09-03,56.0
68330,2011-09-04,43.0
68331,2011-09-05,9.0
68332,2011-09-06,30.0
68333,2011-09-07,19.0
68334,2011-09-08,7.0
68335,2011-09-09,15.0
68336,2011-09-10,31.0
68337,2011-09-11,30.0
68338,2011-09-12,13.0
68339,2011-09-13,24.0
68340,2011-09-14,13.0
68341,2011-09-15,11.0
68342,2011-09-16,46.0
68343,2011-09-17,35.0
68344,2011-09-18,9.0
68345,2011-09-19,46.0
68346,2011-09-20,28.0
68347,2011-09-21,20.0
68348,2011-09-22,48.0
68349,2011-09-23,24.0
68350,2011-09-24,28.0
68351,2011-09-25,13.0
68352,2011-09-26,46.0
68353,2011-09-27,52.0
68354,2011-09-28,46.0
68355,2011-09-29,11.0
68356,2011-09-30,30.0
68357,2011-10-01,20.0
68358,2011-10-02,17.0
68359,2011-10-03,4.0
68360,2011-10-04,7.0
68361,2011-10-05,22.0
68362,2011-10-06,9.0
68363,2011-10-07,7.0
68364,2011-10-08,7.0
68365,2011-10-09,17.0
68366,2011-10-10,19.0
68367,2011-10-11,15.0
68368,2011-10-12,17.0
68369,2011-10-13,2.0
68370,2011-10-14,26.0
68371,2011-10-15,13.0
68372,2011-10-16,30.0
68373,2011-10-17,13.0
68374,2011-10-18,15.0
68375,2011-10-19,41.0
68376,2011-10-20,52.0
68377,2011-10-21,9.0
68378,2011-10-22,9.0
68379,2011-10-23,11.0
68380,2011-10-24,20.0
68381,2011-10-25,30.0
68382,2011-10-26,20.0
68383,2011-10-27,41.0
68384,2011-10-28,63.0
68385,2011-10-29,11.0
68386,2011-10-30,37.0
68387,2011-10-31,17.0
68388,2011-11-01,15.0
68389,2011-11-02,22.0
68390,2011-11-03,20.0
68391,2011-11-04,13.0
68392,2011-11-05,28.0
68393,2011-11-06,46.0
68394,2011-11-07,9.0
68395,2011-11-08,13.0
68396,2011-11-09,43.0
68397,2011-11-10,31.0
68398,2011-11-11,6.0
68399,2011-11-12,6.0
68400,2011-11-13,24.0
68401,2011-11-14,20.0
68402,2011-11-15,17.0
68403,2011-11-16,19.0
68404,2011-11-17,7.0
68405,2011-11-18,39.0
68406,2011-11-19,13.0
68407,2011-11-20,20.0
68408,2011-11-21,15.0
68409,2011-11-22,15.0
68410,2011-11-23,30.0
68411,2011-11-24,13.0
68412,2011-11-25,9.0
68413,2011-11-26,20.0
68414,2011-11-27,24.0
68415,2011-11-28,9.0
68416,2011-11-29,52.0
68417,2011-11-30,20.0
68418,2011-12-01,26.0
68419,2011-12-02,24.0
68420,2011-12-03,9.0
68421,2011-12-04,28.0
68422,2011-12-05,9.0
68423,2011-12-06,9.0
68424,2011-12-07,30.0
68425,2011-12-08,39.0
68426,2011-12-09,41.0
68427,2011-12-10,39.0
68428,2011-12-11,17.0
68429,2011-12-12,20.0
68430,2011-12-13,33.0
68431,2011-12-14,26.0
68432,2011-12-15,11.0
68433,2011-12-16,13.0
68434,2011-12-17,9.0
68435,2011-12-18,17.0
68436,2011-12-19,26.0
68437,2011-12-20,20.0
68438,2011-12-21,15.0
68439,2011-12-22,9.0
68440,2011-12-23,22.0
68441,2011-12-24,9.0
68442,2011-12-25,19.0
68443,2011-12-26,24.0
68444,2011-12-27,24.0
68445,2011-12-28,22.0
68446,2011-12-29,13.0
68447,2011-12-30,11.0
68448,2011-12-31,48.0
68449,2012-01-01,7.0
68450,2012-01-02,41.0
68451,2012-01-03,9.0
68452,2012-01-04,24.0
68453,2012-01-05,11.0
68454,2012-01-06,22.0
68455,2012-01-07,54.0
68456,2012-01-08,22.0
68457,2012-01-09,31.0
68458,2012-01-10,26.0
68459,2012-01-11,46.0
68460,2012-01-12,22.0
68461,2012-01-13,20.0
68462,2012-01-14,17.0
68463,2012-01-15,13.0
68464,2012-01-16,52.0
68465,2012-01-17,56.0
68466,2012-01-18,11.0
68467,2012-01-19,15.0
68468,2012-01-20,15.0
68469,2012-01-21,24.0
68470,2012-01-22,6.0
68471,2012-01-23,35.0
68472,2012-01-24,44.0
68473,2012-01-25,17.0
68474,2012-01-26,13.0
68475,2012-01-27,9.0
68476,2012-01-28,13.0
68477,2012-01-29,9.0
68478,2012-01-30,22.0
68479,2012-01-31,20.0
68480,2012-02-01,30.0
68481,2012-02-02,7.0
68482,2012-02-03,13.0
68483,2012-02-04,20.0
68484,2012-02-05,44.0
68485,2012-02-06,24.0
68486,2012-02-07,19.0
68487,2012-02-08,9.0
68488,2012-02-09,15.0
68489,2012-02-10,11.0
68490,2012-02-11,15.0
68491,2012-02-12,17.0
68492,2012-02-13,19.0
68493,2012-02-14,11.0
68494,2012-02-15,44.0
68495,2012-02-16,30.0
68496,2012-02-17,17.0
68497,2012-02-18,7.0
68498,2012-02-19,4.0
68499,2012-02-20,19.0
68500,2012-02-21,15.0
68501,2012-02-22,13.0
68502,2012-02-23,11.0
68503,2012-02-24,7.0
68504,2012-02-25,44.0
68505,2012-02-26,44.0
68506,2012-02-27,31.0
68507,2012-02-28,11.0
68508,2012-02-29,17.0
68509,2012-03-01,37.0
68510,2012-03-02,30.0
68511,2012-03-03,15.0
68512,2012-03-04,15.0
68513,2012-03-05,20.0
68514,2012-03-06,20.0
68515,2012-03-07,24.0
68516,2012-03-08,20.0
68517,2012-03-09,15.0
68518,2012-03-10,13.0
68519,2012-03-11,6.0
68520,2012-03-12,15.0
68521,2012-03-13,20.0
68522,2012-03-14,28.0
68523,2012-03-15,26.0
68524,2012-03-16,2.0
68525,2012-03-17,11.0
68526,2012-03-18,7.0
68527,2012-03-19,17.0
68528,2012-03-20,31.0
68529,2012-03-21,28.0
68530,2012-03-22,13.0
68531,2012-03-23,20.0
68532,2012-03-24,19.0
68533,2012-03-25,4.0
68534,2012-03-26,9.0
68535,2012-03-27,0.0
68536,2012-03-28,11.0
68537,2012-03-29,19.0
68538,2012-03-30,13.0
68539,2012-03-31,48.0
68540,2012-04-01,13.0
68541,2012-04-02,17.0
68542,2012-04-03,28.0
68543,2012-04-04,4.0
68544,2012-04-05,7.0
68545,2012-04-06,33.0
68546,2012-04-07,26.0
68547,2012-04-08,11.0
68548,2012-04-09,24.0
68549,2012-04-10,11.0
68550,2012-04-11,11.0
68551,2012-04-12,15.0
68552,2012-04-13,26.0
68553,2012-04-14,28.0
68554,2012-04-15,39.0
68555,2012-04-16,9.0
68556,2012-04-17,11.0
68557,2012-04-18,7.0
68558,2012-04-19,7.0
68559,2012-04-20,7.0
68560,2012-04-21,6.0
68561,2012-04-22,28.0
68562,2012-04-23,26.0
68563,2012-04-24,13.0
68564,2012-04-25,35.0
68565,2012-04-26,24.0
68566,2012-04-27,15.0
68567,2012-04-28,17.0
68568,2012-04-29,9.0
68569,2012-04-30,13.0
68570,2012-05-01,39.0
68571,2012-05-02,20.0
68572,2012-05-03,28.0
68573,2012-05-04,22.0
68574,2012-05-05,15.0
68575,2012-05-06,22.0
68576,2012-05-07,31.0
68577,2012-05-08,46.0
68578,2012-05-09,39.0
68579,2012-05-10,11.0
68580,2012-05-11,17.0
68581,2012-05-12,24.0
68582,2012-05-13,28.0
68583,2012-05-14,11.0
68584,2012-05-15,19.0
68585,2012-05-16,11.0
68586,2012-05-17,19.0
68587,2012-05-18,37.0
68588,2012-05-19,11.0
68589,2012-05-20,11.0
68590,2012-05-21,30.0
68591,2012-05-22,35.0
68592,2012-05-23,31.0
68593,2012-05-24,9.0
68594,2012-05-25,20.0
68595,2012-05-26,19.0
68596,2012-05-27,19.0
68597,2012-05-28,19.0
68598,2012-05-29,9.0
68599,2012-05-30,9.0
68600,2012-05-31,13.0
68601,2012-06-01,11.0
68602,2012-06-02,13.0
68603,2012-06-03,11.0
68604,2012-06-04,15.0
68605,2012-06-05,44.0
68606,2012-06-06,9.0
68607,2012-06-07,11.0
68608,2012-06-08,20.0
68609,2012-06-09,17.0
68610,2012-06-10,7.0
68611,2012-06-11,13.0
68612,2012-06-12,24.0
68613,2012-06-13,24.0
68614,2012-06-14,37.0
68615,2012-06-15,19.0
68616,2012-06-16,35.0
68617,2012-06-17,17.0
68618,2012-06-18,13.0
68619,2012-06-19,19.0
68620,2012-06-20,30.0
68621,2012-06-21,24.0
68622,2012-06-22,15.0
68623,2012-06-23,22.0
68624,2012-06-24,20.0
68625,2012-06-25,15.0
68626,2012-06-26,19.0
68627,2012-06-27,7.0
68628,2012-06-28,28.0
68629,2012-06-29,43.0
68630,2012-06-30,26.0
68631,2012-07-01,26.0
68632,2012-07-02,28.0
68633,2012-07-03,11.0
68634,2012-07-04,11.0
68635,2012-07-05,0.0
68636,2012-07-06,7.0
68637,2012-07-07,24.0
68638,2012-07-08,17.0
68639,2012-07-09,35.0
68640,2012-07-10,7.0
68641,2012-07-11,30.0
68642,2012-07-12,35.0
68643,2012-07-13,9.0
68644,2012-07-14,15.0
68645,2012-07-15,26.0
68646,2012-07-16,24.0
68647,2012-07-17,28.0
68648,2012-07-18,19.0
68649,2012-07-19,22.0
68650,2012-07-20,19.0
68651,2012-07-21,11.0
68652,2012-07-22,7.0
68653,2012-07-23,9.0
68654,2012-07-24,17.0
68655,2012-07-25,31.0
68656,2012-07-26,39.0
68657,2012-07-27,19.0
68658,2012-07-28,13.0
68659,2012-07-29,19.0
68660,2012-07-30,11.0
68661,2012-07-31,9.0
68662,2012-08-01,0.0
68663,2012-08-02,19.0
68664,2012-08-03,31.0
68665,2012-08-04,13.0
68666,2012-08-05,20.0
68667,2012-08-06,26.0
68668,2012-08-07,22.0
68669,2012-08-08,56.0
68670,2012-08-09,30.0
68671,2012-08-10,26.0
68672,2012-08-11,13.0
68673,2012-08-12,9.0
68674,2012-08-13,7.0
68675,2012-08-14,31.0
68676,2012-08-15,15.0
68677,2012-08-16,19.0
68678,2012-08-17,30.0
68679,2012-08-18,26.0
68680,2012-08-19,15.0
68681,2012-08-20,33.0
68682,2012-08-21,35.0
68683,2012-08-22,30.0
68684,2012-08-23,31.0
68685,2012-08-24,35.0
68686,2012-08-25,19.0
68687,2012-08-26,20.0
68688,2012-08-27,15.0
68689,2012-08-28,52.0
68690,2012-08-29,44.0
68691,2012-08-30,31.0
68692,2012-08-31,17.0
68693,2012-09-01,9.0
68694,2012-09-02,26.0
68695,2012-09-03,30.0
68696,2012-09-04,35.0
68697,2012-09-05,43.0
68698,2012-09-06,17.0
68699,2012-09-07,39.0
68700,2012-09-08,31.0
68701,2012-09-09,15.0
68702,2012-09-10,15.0
68703,2012-09-11,11.0
68704,2012-09-12,52.0
68705,2012-09-13,28.0
68706,2012-09-14,24.0
68707,2012-09-15,9.0
68708,2012-09-16,17.0
68709,2012-09-17,9.0
68710,2012-09-18,15.0
68711,2012-09-19,9.0
68712,2012-09-20,24.0
68713,2012-09-21,26.0
68714,2012-09-22,13.0
68715,2012-09-23,20.0
68716,2012-09-24,31.0
68717,2012-09-25,7.0
68718,2012-09-26,31.0
68719,2012-09-27,48.0
68720,2012-09-28,4.0
68721,2012-09-29,39.0
68722,2012-09-30,30.0
68723,2012-10-01,24.0
68724,2012-10-02,7.0
68725,2012-10-03,20.0
68726,2012-10-04,37.0
68727,2012-10-05,22.0
68728,2012-10-06,19.0
68729,2012-10-07,20.0
68730,2012-10-08,11.0
68731,2012-10-09,19.0
68732,2012-10-10,15.0
68733,2012-10-11,13.0
68734,2012-10-12,20.0
68735,2012-10-13,19.0
68736,2012-10-14,13.0
68737,2012-10-15,52.0
68738,2012-10-16,24.0
68739,2012-10-17,22.0
68740,2012-10-18,7.0
68741,2012-10-19,20.0
68742,2012-10-20,15.0
68743,2012-10-21,20.0
68744,2012-10-22,13.0
68745,2012-10-23,37.0
68746,2012-10-24,50.0
68747,2012-10-25,24.0
68748,2012-10-26,24.0
68749,2012-10-27,26.0
68750,2012-10-28,6.0
68751,2012-10-29,6.0
68752,2012-10-30,37.0
68753,2012-10-31,48.0
68754,2012-11-01,26.0
68755,2012-11-02,24.0
68756,2012-11-03,15.0
68757,2012-11-04,41.0
68758,2012-11-05,44.0
68759,2012-11-06,19.0
68760,2012-11-07,9.0
68761,2012-11-08,9.0
68762,2012-11-09,35.0
68763,2012-11-10,11.0
68764,2012-11-11,48.0
68765,2012-11-12,54.0
68766,2012-11-13,31.0
68767,2012-11-14,11.0
68768,2012-11-15,11.0
68769,2012-11-16,24.0
68770,2012-11-17,15.0
68771,2012-11-18,15.0
68772,2012-11-19,22.0
68773,2012-11-20,33.0
68774,2012-11-21,28.0
68775,2012-11-22,19.0
68776,2012-11-23,11.0
68777,2012-11-24,28.0
68778,2012-11-25,15.0
68779,2012-11-26,9.0
68780,2012-11-27,19.0
68781,2012-11-28,6.0
68782,2012-11-29,43.0
68783,2012-11-30,17.0
68784,2013-01-01,7.0
68785,2013-01-02,24.0
68786,2013-01-03,6.0
68787,2013-01-04,43.0
68788,2013-01-05,17.0
68789,2013-01-06,19.0
68790,2013-01-07,13.0
68791,2013-01-08,6.0
68792,2013-01-09,28.0
68793,2013-01-10,9.0
68794,2013-01-11,50.0
68795,2013-01-12,19.0
68796,2013-01-13,19.0
68797,2013-01-14,20.0
68798,2013-01-15,19.0
68799,2013-01-16,9.0
68800,2013-01-17,4.0
68801,2013-01-18,19.0
68802,2013-01-19,22.0
68803,2013-01-20,19.0
68804,2013-01-21,7.0
68805,2013-01-22,17.0
68806,2013-01-23,28.0
68807,2013-01-24,31.0
68808,2013-01-25,39.0
68809,2013-01-26,30.0
68810,2013-01-27,26.0
68811,2013-01-28,11.0
68812,2013-01-29,22.0
68813,2013-01-30,11.0
68814,2013-01-31,11.0
68815,2013-03-01,15.0
68816,2013-03-02,22.0
68817,2013-03-03,9.0
68818,2013-03-04,33.0
68819,2013-03-05,50.0
68820,2013-03-06,31.0
68821,2013-03-07,30.0
68822,2013-03-08,11.0
68823,2013-03-09,46.0
68824,2013-03-10,13.0
68825,2013-03-11,11.0
68826,2013-03-12,43.0
68827,2013-03-13,24.0
68828,2013-03-14,24.0
68829,2013-03-15,7.0
68830,2013-03-16,13.0
68831,2013-03-17,26.0
68832,2013-03-18,7.0
68833,2013-03-19,9.0
68834,2013-03-20,26.0
68835,2013-03-21,46.0
68836,2013-03-22,13.0
68837,2013-03-23,28.0
68838,2013-03-24,31.0
68839,2013-03-25,11.0
68840,2013-03-26,28.0
68841,2013-03-27,48.0
68842,2013-03-28,11.0
68843,2013-03-29,15.0
68844,2013-03-30,24.0
68845,2013-03-31,19.0
68846,2013-04-01,13.0
68847,2013-04-02,15.0
68848,2013-04-03,7.0
68849,2013-04-04,6.0
68850,2013-04-05,15.0
68851,2013-04-06,20.0
68852,2013-04-07,35.0
68853,2013-04-08,11.0
68854,2013-04-09,9.0
68855,2013-04-10,15.0
68856,2013-04-11,11.0
68857,2013-04-12,7.0
68858,2013-04-13,33.0
68859,2013-04-14,7.0
68860,2013-04-15,11.0
68861,2013-04-16,11.0
68862,2013-04-17,11.0
68863,2013-04-18,11.0
68864,2013-04-19,28.0
68865,2013-04-20,24.0
68866,2013-04-21,28.0
68867,2013-04-22,37.0
68868,2013-04-23,22.0
68869,2013-04-24,17.0
68870,2013-04-25,15.0
68871,2013-04-26,13.0
68872,2013-04-27,37.0
68873,2013-04-28,9.0
68874,2013-04-29,11.0
68875,2013-04-30,11.0
68876,2013-05-01,15.0
68877,2013-05-02,6.0
68878,2013-05-03,67.0
68879,2013-05-04,22.0
68880,2013-05-05,9.0
68881,2013-05-06,7.0
68882,2013-05-07,11.0
68883,2013-05-08,30.0
68884,2013-05-09,33.0
68885,2013-05-10,19.0
68886,2013-05-11,31.0
68887,2013-05-12,44.0
68888,2013-05-13,20.0
68889,2013-05-14,30.0
68890,2013-05-15,33.0
68891,2013-05-16,31.0
68892,2013-05-17,24.0
68893,2013-05-18,13.0
68894,2013-05-19,13.0
68895,2013-05-20,33.0
68896,2013-05-21,11.0
68897,2013-05-22,9.0
68898,2013-05-23,9.0
68899,2013-05-24,13.0
68900,2013-05-25,9.0
68901,2013-05-26,19.0
68902,2013-05-27,0.0
68903,2013-05-28,7.0
68904,2013-05-29,26.0
68905,2013-05-30,28.0
68906,2013-05-31,39.0
68907,2013-06-01,13.0
68908,2013-06-02,24.0
68909,2013-06-03,20.0
68910,2013-06-04,0.0
68911,2013-06-05,17.0
68912,2013-06-06,26.0
68913,2013-06-07,28.0
68914,2013-06-08,17.0
68915,2013-06-09,20.0
68916,2013-06-10,26.0
68917,2013-06-11,39.0
68918,2013-06-12,9.0
68919,2013-06-13,20.0
68920,2013-06-14,17.0
68921,2013-06-15,9.0
68922,2013-06-16,11.0
68923,2013-06-17,13.0
68924,2013-06-18,11.0
68925,2013-06-19,9.0
68926,2013-06-20,15.0
68927,2013-06-21,20.0
68928,2013-06-22,17.0
68929,2013-06-23,13.0
68930,2013-06-24,11.0
68931,2013-06-25,11.0
68932,2013-06-26,17.0
68933,2013-06-27,19.0
68934,2013-06-28,13.0
68935,2013-06-29,9.0
68936,2013-06-30,15.0
68937,2013-07-01,24.0
68938,2013-07-02,22.0
68939,2013-07-03,24.0
68940,2013-07-04,48.0
68941,2013-07-05,33.0
68942,2013-07-06,31.0
68943,2013-07-07,30.0
68944,2013-07-08,17.0
68945,2013-07-09,17.0
68946,2013-07-10,15.0
68947,2013-07-11,17.0
68948,2013-07-12,20.0
68949,2013-07-13,19.0
68950,2013-07-14,35.0
68951,2013-07-15,20.0
68952,2013-07-16,17.0
68953,2013-07-17,22.0
68954,2013-07-18,28.0
68955,2013-07-19,39.0
68956,2013-07-20,15.0
68957,2013-07-21,37.0
68958,2013-07-22,11.0
68959,2013-07-23,20.0
68960,2013-07-24,7.0
68961,2013-07-25,31.0
68962,2013-07-26,33.0
68963,2013-07-27,22.0
68964,2013-07-28,37.0
68965,2013-07-29,26.0
68966,2013-07-30,17.0
68967,2013-07-31,9.0
68968,2013-08-01,20.0
68969,2013-08-02,50.0
68970,2013-08-03,33.0
68971,2013-08-04,17.0
68972,2013-08-05,28.0
68973,2013-08-06,26.0
68974,2013-08-07,24.0
68975,2013-08-08,20.0
68976,2013-08-09,57.0
68977,2013-08-10,15.0
68978,2013-08-11,31.0
68979,2013-08-12,30.0
68980,2013-08-13,22.0
68981,2013-08-14,35.0
68982,2013-08-15,20.0
68983,2013-08-16,46.0
68984,2013-08-17,19.0
68985,2013-08-18,44.0
68986,2013-08-19,17.0
68987,2013-08-20,31.0
68988,2013-08-21,19.0
68989,2013-08-22,28.0
68990,2013-08-23,31.0
68991,2013-08-24,15.0
68992,2013-08-25,15.0
68993,2013-08-26,19.0
68994,2013-08-27,33.0
68995,2013-08-28,11.0
68996,2013-08-29,26.0
68997,2013-08-30,28.0
68998,2013-08-31,24.0
68999,2013-09-01,44.0
69000,2013-09-02,9.0
69001,2013-09-03,7.0
69002,2013-09-04,54.0
69003,2013-09-05,31.0
69004,2013-09-06,7.0
69005,2013-09-07,22.0
69006,2013-09-08,7.0
69007,2013-09-09,56.0
69008,2013-09-10,35.0
69009,2013-09-11,31.0
69010,2013-09-12,22.0
69011,2013-09-13,9.0
69012,2013-09-14,2.0
69013,2013-09-15,22.0
69014,2013-09-16,24.0
69015,2013-09-17,9.0
69016,2013-09-18,13.0
69017,2013-09-19,26.0
69018,2013-09-20,28.0
69019,2013-09-21,11.0
69020,2013-09-22,20.0
69021,2013-09-23,43.0
69022,2013-09-24,22.0
69023,2013-09-25,24.0
69024,2013-09-26,50.0
69025,2013-09-27,33.0
69026,2013-09-28,39.0
69027,2013-09-29,35.0
69028,2013-09-30,48.0
69029,2013-10-01,39.0
69030,2013-10-02,39.0
69031,2013-10-03,30.0
69032,2013-10-04,13.0
69033,2013-10-05,52.0
69034,2013-10-06,7.0
69035,2013-10-07,15.0
69036,2013-10-08,17.0
69037,2013-10-09,54.0
69038,2013-10-10,9.0
69039,2013-10-11,22.0
69040,2013-10-12,33.0
69041,2013-10-13,6.0
69042,2013-10-14,30.0
69043,2013-10-15,19.0
69044,2013-10-16,52.0
69045,2013-10-17,35.0
69046,2013-10-18,26.0
69047,2013-10-19,39.0
69048,2013-10-20,35.0
69049,2013-10-21,15.0
69050,2013-10-22,2.0
69051,2013-10-23,44.0
69052,2013-10-24,43.0
69053,2013-10-25,20.0
69054,2013-10-26,19.0
69055,2013-10-27,9.0
69056,2013-10-28,2.0
69057,2013-10-29,22.0
69058,2013-10-30,19.0
69059,2013-10-31,19.0
69060,2013-11-01,7.0
69061,2013-11-02,11.0
69062,2013-11-03,35.0
69063,2013-11-04,20.0
69064,2013-11-05,9.0
69065,2013-11-06,31.0
69066,2013-11-07,41.0
69067,2013-11-08,7.0
69068,2013-11-09,30.0
69069,2013-11-10,13.0
69070,2013-11-11,17.0
69071,2013-11-12,30.0
69072,2013-11-13,28.0
69073,2013-11-14,26.0
69074,2013-11-15,17.0
69075,2013-11-16,19.0
69076,2013-11-17,17.0
69077,2013-11-18,11.0
69078,2013-11-19,43.0
69079,2013-11-20,26.0
69080,2013-11-21,9.0
69081,2013-11-22,19.0
69082,2013-11-23,19.0
69083,2013-11-24,24.0
69084,2013-11-25,13.0
69085,2013-11-26,30.0
69086,2013-11-27,19.0
69087,2013-11-28,26.0
69088,2013-11-29,24.0
69089,2013-11-30,24.0
69090,2013-12-01,30.0
69091,2013-12-02,39.0
69092,2013-12-03,11.0
69093,2013-12-04,17.0
69094,2013-12-05,31.0
69095,2013-12-06,22.0
69096,2013-12-07,9.0
69097,2013-12-08,56.0
69098,2013-12-09,9.0
69099,2013-12-10,31.0
69100,2013-12-11,31.0
69101,2013-12-12,19.0
69102,2013-12-13,17.0
69103,2013-12-14,17.0
69104,2013-12-15,9.0
69105,2013-12-16,13.0
69106,2013-12-17,9.0
69107,2013-12-18,7.0
69108,2013-12-19,43.0
69109,2013-12-20,13.0
69110,2013-12-21,17.0
69111,2013-12-22,9.0
69112,2013-12-23,19.0
69113,2013-12-24,15.0
69114,2013-12-25,4.0
69115,2013-12-26,31.0
69116,2013-12-27,17.0
69117,2013-12-28,46.0
69118,2013-12-29,22.0
69119,2013-12-30,7.0
69120,2013-12-31,15.0
69121,2014-01-01,43.0
69122,2014-01-02,26.0
69123,2014-01-03,9.0
69124,2014-01-04,33.0
69125,2014-01-05,26.0
69126,2014-01-06,33.0
69127,2014-01-07,28.0
69128,2014-01-08,6.0
69129,2014-01-09,4.0
69130,2014-01-10,43.0
69131,2014-01-11,13.0
69132,2014-01-12,19.0
69133,2014-01-13,9.0
69134,2014-01-14,52.0
69135,2014-01-15,26.0
69136,2014-01-16,19.0
69137,2014-01-17,44.0
69138,2014-01-18,13.0
69139,2014-01-19,26.0
69140,2014-01-20,24.0
69141,2014-01-21,20.0
69142,2014-01-22,31.0
69143,2014-01-23,9.0
69144,2014-01-24,13.0
69145,2014-01-25,20.0
69146,2014-01-26,17.0
69147,2014-01-27,52.0
69148,2014-01-28,46.0
69149,2014-01-29,26.0
69150,2014-01-30,9.0
69151,2014-01-31,13.0
69152,2014-02-01,7.0
69153,2014-02-02,7.0
69154,2014-02-03,30.0
69155,2014-02-04,33.0
69156,2014-02-05,7.0
69157,2014-02-06,50.0
69158,2014-02-07,46.0
69159,2014-02-08,7.0
69160,2014-02-09,39.0
69161,2014-02-10,28.0
69162,2014-02-11,17.0
69163,2014-02-12,15.0
69164,2014-02-13,7.0
69165,2014-02-14,7.0
69166,2014-02-15,13.0
69167,2014-02-16,26.0
69168,2014-02-17,7.0
69169,2014-02-18,9.0
69170,2014-02-19,13.0
69171,2014-02-20,28.0
69172,2014-02-21,22.0
69173,2014-02-22,17.0
69174,2014-02-23,11.0
69175,2014-02-24,11.0
69176,2014-02-25,39.0
69177,2014-02-26,20.0
69178,2014-02-27,22.0
69179,2014-02-28,13.0
69180,2014-03-01,13.0
69181,2014-03-02,15.0
69182,2014-03-03,6.0
69183,2014-03-04,28.0
69184,2014-03-05,17.0
69185,2014-03-06,22.0
69186,2014-03-07,13.0
69187,2014-03-08,9.0
69188,2014-03-09,31.0
69189,2014-03-10,54.0
69190,2014-03-11,26.0
69191,2014-03-12,20.0
69192,2014-03-13,11.0
69193,2014-03-14,9.0
69194,2014-03-15,26.0
69195,2014-03-16,20.0
69196,2014-03-17,35.0
69197,2014-03-18,17.0
69198,2014-03-19,11.0
69199,2014-03-20,30.0
69200,2014-03-21,37.0
69201,2014-03-22,15.0
69202,2014-03-23,13.0
69203,2014-03-24,4.0
69204,2014-03-25,7.0
69205,2014-03-26,9.0
69206,2014-03-27,4.0
69207,2014-03-28,13.0
69208,2014-03-29,9.0
69209,2014-03-30,2.0
69210,2014-03-31,33.0
69211,2014-04-01,35.0
69212,2014-04-02,35.0
69213,2014-04-03,15.0
69214,2014-04-04,28.0
69215,2014-04-05,9.0
69216,2014-04-06,7.0
69217,2014-04-07,31.0
69218,2014-04-08,39.0
69219,2014-04-09,11.0
69220,2014-04-10,13.0
69221,2014-04-11,31.0
69222,2014-04-12,22.0
69223,2014-04-13,13.0
69224,2014-04-14,22.0
69225,2014-04-15,9.0
69226,2014-04-16,11.0
69227,2014-04-17,6.0
69228,2014-04-18,22.0
69229,2014-04-19,17.0
69230,2014-04-20,15.0
69231,2014-04-21,43.0
69232,2014-04-22,31.0
69233,2014-04-23,11.0
69234,2014-04-24,28.0
69235,2014-04-25,9.0
69236,2014-04-26,20.0
69237,2014-04-27,11.0
69238,2014-04-28,31.0
69239,2014-04-29,44.0
69240,2014-04-30,28.0
69241,2014-05-01,17.0
69242,2014-05-02,31.0
69243,2014-05-03,9.0
69244,2014-05-04,30.0
69245,2014-05-05,22.0
69246,2014-05-06,20.0
69247,2014-05-07,9.0
69248,2014-05-08,13.0
69249,2014-05-09,31.0
69250,2014-05-10,19.0
69251,2014-05-11,13.0
69252,2014-05-12,13.0
69253,2014-05-13,13.0
69254,2014-05-14,22.0
69255,2014-05-15,43.0
69256,2014-05-16,41.0
69257,2014-05-17,31.0
69258,2014-05-18,35.0
69259,2014-05-19,28.0
69260,2014-05-20,22.0
69261,2014-05-21,13.0
69262,2014-05-22,44.0
69263,2014-05-23,13.0
69264,2014-05-24,13.0
69265,2014-05-25,46.0
69266,2014-05-26,26.0
69267,2014-05-27,24.0
69268,2014-05-28,22.0
69269,2014-05-29,11.0
69270,2014-05-30,11.0
69271,2014-05-31,6.0
69272,2014-06-01,0.0
69273,2014-06-02,7.0
69274,2014-06-03,19.0
69275,2014-06-04,28.0
69276,2014-06-05,9.0
69277,2014-06-06,0.0
69278,2014-06-07,13.0
69279,2014-06-08,19.0
69280,2014-06-09,11.0
69281,2014-06-10,19.0
69282,2014-06-11,17.0
69283,2014-06-12,26.0
69284,2014-06-13,11.0
69285,2014-06-14,11.0
69286,2014-06-15,20.0
69287,2014-06-16,24.0
69288,2014-06-17,20.0
69289,2014-06-18,0.0
69290,2014-06-19,33.0
69291,2014-06-20,41.0
69292,2014-06-21,22.0
69293,2014-06-22,30.0
69294,2014-06-23,54.0
69295,2014-06-24,31.0
69296,2014-06-25,19.0
69297,2014-06-26,24.0
69298,2014-06-27,48.0
69299,2014-06-28,28.0
69300,2014-06-29,28.0
69301,2014-06-30,19.0
69302,2014-07-01,17.0
69303,2014-07-02,20.0
69304,2014-07-03,37.0
69305,2014-07-04,43.0
69306,2014-07-05,22.0
69307,2014-07-06,24.0
69308,2014-07-07,17.0
69309,2014-07-08,50.0
69310,2014-07-09,35.0
69311,2014-07-10,26.0
69312,2014-07-11,31.0
69313,2014-07-12,19.0
69314,2014-07-13,15.0
69315,2014-07-14,9.0
69316,2014-07-15,26.0
69317,2014-07-16,24.0
69318,2014-07-17,24.0
69319,2014-07-18,20.0
69320,2014-07-19,17.0
69321,2014-07-20,11.0
69322,2014-07-21,15.0
69323,2014-07-22,9.0
69324,2014-07-23,6.0
69325,2014-07-24,9.0
69326,2014-07-25,30.0
69327,2014-07-26,15.0
69328,2014-07-27,19.0
69329,2014-07-28,50.0
69330,2014-07-29,33.0
69331,2014-07-30,22.0
69332,2014-07-31,44.0
69333,2014-08-01,22.0
69334,2014-08-02,19.0
69335,2014-08-03,20.0
69336,2014-08-04,24.0
69337,2014-08-05,13.0
69338,2014-08-06,7.0
69339,2014-08-07,11.0
69340,2014-08-08,13.0
69341,2014-08-09,39.0
69342,2014-08-10,17.0
69343,2014-08-11,9.0
69344,2014-08-12,9.0
69345,2014-08-13,7.0
69346,2014-08-14,6.0
69347,2014-08-15,0.0
69348,2014-08-16,6.0
69349,2014-08-17,17.0
69350,2014-08-18,17.0
69351,2014-08-19,20.0
69352,2014-08-20,9.0
69353,2014-08-21,6.0
69354,2014-08-22,17.0
69355,2014-08-23,26.0
69356,2014-08-24,13.0
69357,2014-08-25,13.0
69358,2014-08-26,6.0
69359,2014-08-27,7.0
69360,2014-08-28,9.0
69361,2014-08-29,11.0
69362,2014-08-30,9.0
69363,2014-08-31,39.0
69364,2014-09-01,35.0
69365,2014-09-02,24.0
69366,2014-09-03,13.0
69367,2014-09-04,9.0
69368,2014-09-05,13.0
69369,2014-09-06,9.0
69370,2014-09-07,22.0
69371,2014-09-08,41.0
69372,2014-09-09,57.0
69373,2014-09-10,26.0
69374,2014-09-11,22.0
69375,2014-09-12,13.0
69376,2014-09-13,9.0
69377,2014-09-14,13.0
69378,2014-09-15,9.0
69379,2014-09-16,22.0
69380,2014-09-17,31.0
69381,2014-09-18,22.0
69382,2014-09-19,24.0
69383,2014-09-20,17.0
69384,2014-09-21,9.0
69385,2014-09-22,13.0
69386,2014-09-23,28.0
69387,2014-09-24,37.0
69388,2014-09-25,22.0
69389,2014-09-26,17.0
69390,2014-09-27,22.0
69391,2014-09-28,57.0
69392,2014-09-29,17.0
69393,2014-09-30,37.0
69394,2014-10-01,26.0
69395,2014-10-02,19.0
69396,2014-10-03,9.0
69397,2014-10-04,33.0
69398,2014-10-05,19.0
69399,2014-10-06,24.0
69400,2014-10-07,24.0
69401,2014-10-08,17.0
69402,2014-10-09,11.0
69403,2014-10-10,44.0
69404,2014-10-11,11.0
69405,2014-10-12,2.0
69406,2014-10-13,31.0
69407,2014-10-14,30.0
69408,2014-10-15,6.0
69409,2014-10-16,20.0
69410,2014-10-17,19.0
69411,2014-10-18,30.0
69412,2014-10-19,50.0
69413,2014-10-20,28.0
69414,2014-10-21,13.0
69415,2014-10-22,56.0
69416,2014-10-23,13.0
69417,2014-10-24,9.0
69418,2014-10-25,11.0
69419,2014-10-26,11.0
69420,2014-10-27,20.0
69421,2014-10-28,22.0
69422,2014-10-29,9.0
69423,2014-10-30,13.0
69424,2014-10-31,24.0
69425,2014-11-01,31.0
69426,2014-11-02,30.0
69427,2014-11-03,7.0
69428,2014-11-04,43.0
69429,2014-11-05,30.0
69430,2014-11-06,9.0
69431,2014-11-07,24.0
69432,2014-11-08,57.0
69433,2014-11-09,28.0
69434,2014-11-10,19.0
69435,2014-11-11,26.0
69436,2014-11-12,9.0
69437,2014-11-13,6.0
69438,2014-11-14,24.0
69439,2014-11-15,19.0
69440,2014-11-16,26.0
69441,2014-11-17,26.0
69442,2014-11-18,17.0
69443,2014-11-19,9.0
69444,2014-11-20,59.0
69445,2014-11-21,22.0
69446,2014-11-22,17.0
69447,2014-11-23,7.0
69448,2014-11-24,9.0
69449,2014-11-25,26.0
69450,2014-11-26,13.0
69451,2014-11-27,26.0
69452,2014-11-28,9.0
69453,2014-11-29,7.0
69454,2014-11-30,6.0
69455,2014-12-01,30.0
69456,2014-12-02,0.0
69457,2014-12-03,7.0
69458,2014-12-04,7.0
69459,2014-12-05,15.0
69460,2014-12-06,19.0
69461,2014-12-07,28.0
69462,2014-12-08,19.0
69463,2014-12-09,11.0
69464,2014-12-10,7.0
69465,2014-12-11,20.0
69466,2014-12-12,11.0
69467,2014-12-13,44.0
69468,2014-12-14,43.0
69469,2014-12-15,7.0
69470,2014-12-16,11.0
69471,2014-12-17,19.0
69472,2014-12-18,17.0
69473,2014-12-19,24.0
69474,2014-12-20,13.0
69475,2014-12-21,9.0
69476,2014-12-22,0.0
69477,2014-12-23,19.0
69478,2014-12-24,19.0
69479,2014-12-25,9.0
69480,2014-12-26,28.0
69481,2014-12-27,7.0
69482,2014-12-28,7.0
69483,2014-12-29,22.0
69484,2014-12-30,46.0
69485,2014-12-31,9.0
69486,2015-01-01,24.0
69487,2015-01-02,9.0
69488,2015-01-03,54.0
69489,2015-01-04,20.0
69490,2015-01-05,15.0
69491,2015-01-06,7.0
69492,2015-01-07,35.0
69493,2015-01-08,17.0
69494,2015-01-09,11.0
69495,2015-01-10,7.0
69496,2015-01-11,26.0
69497,2015-01-12,7.0
69498,2015-01-13,24.0
69499,2015-01-14,28.0
69500,2015-01-15,26.0
69501,2015-01-16,9.0
69502,2015-01-17,31.0
69503,2015-01-18,24.0
69504,2015-01-19,17.0
69505,2015-01-20,39.0
69506,2015-01-21,24.0
69507,2015-01-22,0.0
69508,2015-01-23,11.0
69509,2015-01-24,6.0
69510,2015-01-25,28.0
69511,2015-01-26,7.0
69512,2015-01-27,24.0
69513,2015-01-28,30.0
69514,2015-01-29,28.0
69515,2015-01-30,19.0
69516,2015-01-31,20.0
69517,2015-02-01,19.0
69518,2015-02-02,17.0
69519,2015-02-03,15.0
69520,2015-02-04,30.0
69521,2015-02-05,4.0
69522,2015-02-06,9.0
69523,2015-02-07,46.0
69524,2015-02-08,22.0
69525,2015-02-09,24.0
69526,2015-02-10,7.0
69527,2015-02-11,20.0
69528,2015-02-12,24.0
69529,2015-02-13,28.0
69530,2015-02-14,9.0
69531,2015-02-15,15.0
69532,2015-02-16,17.0
69533,2015-02-17,20.0
69534,2015-02-18,13.0
69535,2015-02-19,7.0
69536,2015-02-20,6.0
69537,2015-02-21,15.0
69538,2015-02-22,48.0
69539,2015-02-23,46.0
69540,2015-02-24,30.0
69541,2015-02-25,6.0
69542,2015-02-26,9.0
69543,2015-02-27,11.0
69544,2015-02-28,26.0
69545,2015-03-01,19.0
69546,2015-03-02,6.0
69547,2015-03-03,13.0
69548,2015-03-04,17.0
69549,2015-03-05,26.0
69550,2015-03-06,30.0
69551,2015-03-07,13.0
69552,2015-03-08,7.0
69553,2015-03-09,13.0
69554,2015-03-10,9.0
69555,2015-03-11,15.0
69556,2015-03-12,26.0
69557,2015-03-13,19.0
69558,2015-03-14,33.0
69559,2015-03-15,26.0
69560,2015-03-16,15.0
69561,2015-03-17,39.0
69562,2015-03-18,13.0
69563,2015-03-19,56.0
69564,2015-03-20,13.0
69565,2015-03-21,17.0
69566,2015-03-22,9.0
69567,2015-03-23,41.0
69568,2015-03-24,20.0
69569,2015-03-25,7.0
69570,2015-03-26,15.0
69571,2015-03-27,31.0
69572,2015-03-28,9.0
69573,2015-03-29,19.0
69574,2015-03-30,11.0
69575,2015-03-31,9.0
69576,2015-04-01,41.0
69577,2015-04-02,24.0
69578,2015-04-03,0.0
69579,2015-04-04,17.0
69580,2015-04-05,13.0
69581,2015-04-06,6.0
69582,2015-04-07,15.0
69583,2015-04-08,24.0
69584,2015-04-09,11.0
69585,2015-04-10,4.0
69586,2015-04-11,9.0
69587,2015-04-12,11.0
69588,2015-04-13,7.0
69589,2015-04-14,11.0
69590,2015-04-15,19.0
69591,2015-04-16,24.0
69592,2015-04-17,6.0
69593,2015-04-18,7.0
69594,2015-04-19,26.0
69595,2015-04-20,9.0
69596,2015-04-21,11.0
69597,2015-04-22,13.0
69598,2015-04-23,15.0
69599,2015-04-24,13.0
69600,2015-04-25,0.0
69601,2015-04-26,20.0
69602,2015-04-27,22.0
69603,2015-04-28,9.0
69604,2015-04-29,6.0
69605,2015-04-30,11.0
69606,2015-05-01,13.0
69607,2015-05-02,28.0
69608,2015-05-03,9.0
69609,2015-05-04,11.0
69610,2015-05-05,26.0
69611,2015-05-06,30.0
69612,2015-05-07,30.0
69613,2015-05-08,13.0
69614,2015-05-09,22.0
69615,2015-05-10,11.0
69616,2015-05-11,33.0
69617,2015-05-12,20.0
69618,2015-05-13,24.0
69619,2015-05-14,30.0
69620,2015-05-15,15.0
69621,2015-05-16,7.0
69622,2015-05-17,13.0
69623,2015-05-18,19.0
69624,2015-05-19,28.0
69625,2015-05-20,35.0
69626,2015-05-21,11.0
69627,2015-05-22,13.0
69628,2015-05-23,11.0
69629,2015-05-24,13.0
69630,2015-05-25,19.0
69631,2015-05-26,17.0
69632,2015-05-27,30.0
69633,2015-05-28,39.0
69634,2015-05-29,19.0
69635,2015-05-30,20.0
69636,2015-05-31,22.0
69637,2015-06-01,15.0
69638,2015-06-02,17.0
69639,2015-06-03,0.0
69640,2015-06-04,33.0
69641,2015-06-05,26.0
69642,2015-06-06,28.0
69643,2015-06-07,57.0
69644,2015-06-08,26.0
69645,2015-06-09,17.0
69646,2015-06-10,11.0
69647,2015-06-11,13.0
69648,2015-06-12,7.0
69649,2015-06-13,28.0
69650,2015-06-14,19.0
69651,2015-06-15,0.0
69652,2015-06-16,9.0
69653,2015-06-17,0.0
69654,2015-06-18,22.0
69655,2015-06-19,9.0
69656,2015-06-20,13.0
69657,2015-06-21,19.0
69658,2015-06-22,43.0
69659,2015-06-23,28.0
69660,2015-06-24,20.0
69661,2015-06-25,15.0
69662,2015-06-26,11.0
69663,2015-06-27,19.0
69664,2015-06-28,13.0
69665,2015-06-29,0.0
69666,2015-06-30,13.0
69667,2015-07-01,15.0
69668,2015-07-02,22.0
69669,2015-07-03,9.0
69670,2015-07-04,31.0
69671,2015-07-05,28.0
69672,2015-07-06,20.0
69673,2015-07-07,9.0
69674,2015-07-08,19.0
69675,2015-07-09,22.0
69676,2015-07-10,26.0
69677,2015-07-11,28.0
69678,2015-07-12,17.0
69679,2015-07-13,35.0
69680,2015-07-14,13.0
69681,2015-07-15,9.0
69682,2015-07-16,17.0
69683,2015-07-17,20.0
69684,2015-07-18,7.0
69685,2015-07-19,15.0
69686,2015-07-20,13.0
69687,2015-07-21,43.0
69688,2015-07-22,13.0
69689,2015-07-23,24.0
69690,2015-07-24,30.0
69691,2015-07-25,22.0
69692,2015-07-26,28.0
69693,2015-07-27,22.0
69694,2015-07-28,19.0
69695,2015-07-29,22.0
69696,2015-07-30,30.0
69697,2015-07-31,11.0
69698,2015-08-01,22.0
69699,2015-08-02,19.0
69700,2015-08-03,24.0
69701,2015-08-04,20.0
69702,2015-08-05,19.0
69703,2015-08-06,19.0
69704,2015-08-07,11.0
69705,2015-08-08,6.0
69706,2015-08-09,26.0
69707,2015-08-10,52.0
69708,2015-08-11,28.0
69709,2015-08-12,0.0
69710,2015-08-13,19.0
69711,2015-08-14,13.0
69712,2015-08-15,0.0
69713,2015-08-16,15.0
69714,2015-08-17,20.0
69715,2015-08-18,15.0
69716,2015-08-19,9.0
69717,2015-08-20,43.0
69718,2015-08-21,43.0
69719,2015-08-22,20.0
69720,2015-08-23,13.0
69721,2015-08-24,9.0
69722,2015-08-25,28.0
69723,2015-08-26,9.0
69724,2015-08-27,11.0
69725,2015-08-28,15.0
69726,2015-08-29,22.0
69727,2015-08-30,20.0
69728,2015-08-31,13.0
69729,2015-09-01,9.0
69730,2015-09-02,24.0
69731,2015-09-03,22.0
69732,2015-09-04,9.0
69733,2015-09-05,11.0
69734,2015-09-06,31.0
69735,2015-09-07,33.0
69736,2015-09-08,24.0
69737,2015-09-09,20.0
69738,2015-09-10,15.0
69739,2015-09-11,28.0
69740,2015-09-12,43.0
69741,2015-09-13,35.0
69742,2015-09-14,39.0
69743,2015-09-15,31.0
69744,2015-09-16,11.0
69745,2015-09-17,11.0
69746,2015-09-18,11.0
69747,2015-09-19,7.0
69748,2015-09-20,37.0
69749,2015-09-21,30.0
69750,2015-09-22,31.0
69751,2015-09-23,30.0
69752,2015-09-24,17.0
69753,2015-09-25,9.0
69754,2015-09-26,11.0
69755,2015-09-27,2.0
69756,2015-09-28,30.0
69757,2015-09-29,17.0
69758,2015-09-30,15.0
69759,2015-10-01,9.0
69760,2015-10-02,26.0
69761,2015-10-03,46.0
69762,2015-10-04,0.0
69763,2015-10-05,28.0
69764,2015-10-06,37.0
69765,2015-10-07,33.0
69766,2015-10-08,11.0
69767,2015-10-09,30.0
69768,2015-10-10,35.0
69769,2015-10-11,11.0
69770,2015-10-12,13.0
69771,2015-10-13,7.0
69772,2015-10-14,19.0
69773,2015-10-15,35.0
69774,2015-10-16,22.0
69775,2015-10-17,13.0
69776,2015-10-18,17.0
69777,2015-10-19,9.0
69778,2015-10-20,28.0
69779,2015-10-21,9.0
69780,2015-10-22,17.0
69781,2015-10-23,17.0
69782,2015-10-24,7.0
69783,2015-10-25,39.0
69784,2015-10-26,31.0
69785,2015-10-27,24.0
69786,2015-10-28,43.0
69787,2015-10-29,9.0
69788,2015-10-30,13.0
69789,2015-10-31,11.0
69790,2015-11-01,46.0
69791,2015-11-02,13.0
69792,2015-11-03,22.0
69793,2015-11-04,7.0
69794,2015-11-05,4.0
69795,2015-11-06,20.0
69796,2015-11-07,35.0
69797,2015-11-08,13.0
69798,2015-11-09,31.0
69799,2015-11-10,22.0
69800,2015-11-11,19.0
69801,2015-11-12,6.0
69802,2015-11-13,19.0
69803,2015-11-14,19.0
69804,2015-11-15,20.0
69805,2015-11-16,9.0
69806,2015-11-17,39.0
69807,2015-11-18,6.0
69808,2015-11-19,20.0
69809,2015-11-20,11.0
69810,2015-11-21,20.0
69811,2015-11-22,15.0
69812,2015-11-23,17.0
69813,2015-11-24,13.0
69814,2015-11-25,31.0
69815,2015-11-26,39.0
69816,2015-11-27,28.0
69817,2015-11-28,13.0
69818,2015-11-29,13.0
69819,2015-11-30,35.0
69820,2015-12-01,19.0
69821,2015-12-02,26.0
69822,2015-12-03,9.0
69823,2015-12-04,7.0
69824,2015-12-05,9.0
69825,2015-12-06,9.0
69826,2015-12-07,6.0
69827,2015-12-08,30.0
69828,2015-12-09,20.0
69829,2015-12-10,7.0
69830,2015-12-11,30.0
69831,2015-12-12,24.0
69832,2015-12-13,9.0
69833,2015-12-14,9.0
69834,2015-12-15,13.0
69835,2015-12-16,9.0
69836,2015-12-17,44.0
69837,2015-12-18,35.0
69838,2015-12-19,46.0
69839,2015-12-20,39.0
69840,2015-12-21,24.0
69841,2015-12-22,13.0
69842,2015-12-23,7.0
69843,2015-12-24,33.0
69844,2015-12-25,48.0
69845,2015-12-26,24.0
69846,2015-12-27,13.0
69847,2015-12-28,20.0
69848,2015-12-29,9.0
69849,2015-12-30,6.0
69850,2015-12-31,31.0
69851,2016-01-01,19.0
69852,2016-01-02,17.0
69853,2016-01-03,11.0
69854,2016-01-04,11.0
69855,2016-01-05,7.0
69856,2016-01-06,17.0
69857,2016-01-07,19.0
69858,2016-01-08,19.0
69859,2016-01-09,15.0
69860,2016-01-10,9.0
69861,2016-01-11,13.0
69862,2016-01-12,17.0
69863,2016-01-13,19.0
69864,2016-01-14,20.0
69865,2016-01-15,26.0
69866,2016-01-16,9.0
69867,2016-01-17,39.0
69868,2016-01-18,37.0
69869,2016-01-19,9.0
69870,2016-01-20,13.0
69871,2016-01-21,11.0
69872,2016-01-22,15.0
69873,2016-01-23,19.0
69874,2016-01-24,19.0
69875,2016-01-25,20.0
69876,2016-01-26,7.0
69877,2016-01-27,13.0
69878,2016-01-28,44.0
69879,2016-01-29,9.0
69880,2016-01-30,13.0
69881,2016-01-31,31.0
69882,2016-02-01,9.0
69883,2016-02-02,13.0
69884,2016-02-03,20.0
69885,2016-02-04,24.0
69886,2016-02-05,11.0
69887,2016-02-06,28.0
69888,2016-02-07,28.0
69889,2016-02-08,13.0
69890,2016-02-09,15.0
69891,2016-02-10,11.0
69892,2016-02-11,17.0
69893,2016-02-12,13.0
69894,2016-02-13,20.0
69895,2016-02-14,19.0
69896,2016-02-15,15.0
69897,2016-02-16,28.0
69898,2016-02-17,26.0
69899,2016-02-18,19.0
69900,2016-02-19,13.0
69901,2016-02-20,11.0
69902,2016-02-21,9.0
69903,2016-02-22,24.0
69904,2016-02-23,50.0
69905,2016-02-24,24.0
69906,2016-02-25,11.0
69907,2016-02-26,19.0
69908,2016-02-27,19.0
69909,2016-02-28,20.0
69910,2016-02-29,19.0
69911,2016-03-01,7.0
69912,2016-03-02,11.0
69913,2016-03-03,13.0
69914,2016-03-04,7.0
69915,2016-03-05,13.0
69916,2016-03-06,7.0
69917,2016-03-07,0.0
69918,2016-03-08,6.0
69919,2016-03-09,33.0
69920,2016-03-10,15.0
69921,2016-03-11,4.0
69922,2016-03-12,4.0
69923,2016-03-13,11.0
69924,2016-03-14,20.0
69925,2016-03-15,11.0
69926,2016-03-16,4.0
69927,2016-03-17,46.0
69928,2016-03-18,11.0
69929,2016-03-19,22.0
69930,2016-03-20,13.0
69931,2016-03-21,7.0
69932,2016-03-22,7.0
69933,2016-03-23,24.0
69934,2016-03-24,9.0
69935,2016-03-25,15.0
69936,2016-03-26,13.0
69937,2016-03-27,13.0
69938,2016-03-28,9.0
69939,2016-03-29,22.0
69940,2016-03-30,13.0
69941,2016-03-31,9.0
69942,2016-04-01,24.0
69943,2016-04-02,9.0
69944,2016-04-03,15.0
69945,2016-04-04,9.0
69946,2016-04-05,26.0
69947,2016-04-06,17.0
69948,2016-04-07,9.0
69949,2016-04-08,7.0
69950,2016-04-09,19.0
69951,2016-04-10,26.0
69952,2016-04-11,28.0
69953,2016-04-12,22.0
69954,2016-04-13,13.0
69955,2016-04-14,9.0
69956,2016-04-15,20.0
69957,2016-04-16,9.0
69958,2016-04-17,22.0
69959,2016-04-18,15.0
69960,2016-04-19,35.0
69961,2016-04-20,30.0
69962,2016-04-21,24.0
69963,2016-04-22,26.0
69964,2016-04-23,7.0
69965,2016-04-24,6.0
69966,2016-04-25,30.0
69967,2016-04-26,20.0
69968,2016-04-27,41.0
69969,2016-04-28,33.0
69970,2016-04-29,22.0
69971,2016-04-30,31.0
69972,2016-05-01,19.0
69973,2016-05-02,19.0
69974,2016-05-03,20.0
69975,2016-05-04,11.0
69976,2016-05-05,20.0
69977,2016-05-06,24.0
69978,2016-05-07,17.0
69979,2016-05-08,4.0
69980,2016-05-09,11.0
69981,2016-05-10,15.0
69982,2016-05-11,15.0
69983,2016-05-12,11.0
69984,2016-05-13,9.0
69985,2016-05-14,22.0
69986,2016-05-15,13.0
69987,2016-05-16,9.0
69988,2016-05-17,19.0
69989,2016-05-18,13.0
69990,2016-05-19,15.0
69991,2016-05-20,7.0
69992,2016-05-21,11.0
69993,2016-05-22,17.0
69994,2016-05-23,17.0
69995,2016-05-24,7.0
69996,2016-05-25,15.0
69997,2016-05-26,11.0
69998,2016-05-27,11.0
69999,2016-05-28,2.0
70000,2016-05-29,9.0
70001,2016-05-30,0.0
70002,2016-05-31,9.0
70003,2016-06-01,9.0
70004,2016-06-02,9.0
70005,2016-06-03,2.0
70006,2016-06-04,0.0
70007,2016-06-05,0.0
70008,2016-06-06,17.0
70009,2016-06-07,11.0
70010,2016-06-08,17.0
70011,2016-06-09,11.0
70012,2016-06-10,15.0
70013,2016-06-11,9.0
70014,2016-06-12,7.0
70015,2016-06-13,20.0
70016,2016-06-14,19.0
70017,2016-06-15,9.0
70018,2016-06-16,15.0
70019,2016-06-17,11.0
70020,2016-06-18,0.0
70021,2016-06-19,0.0
70022,2016-06-20,9.0
70023,2016-06-21,13.0
70024,2016-06-22,13.0
70025,2016-06-23,22.0
70026,2016-06-24,13.0
70027,2016-06-25,6.0
70028,2016-06-26,11.0
70029,2016-06-27,9.0
70030,2016-06-28,9.0
70031,2016-06-29,13.0
70032,2016-06-30,24.0
70033,2016-07-01,9.0
70034,2016-07-02,9.0
70035,2016-07-03,11.0
70036,2016-07-04,15.0
70037,2016-07-05,6.0
70038,2016-07-06,15.0
70039,2016-07-07,7.0
70040,2016-07-08,7.0
70041,2016-07-09,9.0
70042,2016-07-10,2.0
70043,2016-07-11,20.0
70044,2016-07-12,26.0
70045,2016-07-13,15.0
70046,2016-07-14,13.0
70047,2016-07-15,11.0
70048,2016-07-16,6.0
70049,2016-07-17,20.0
70050,2016-07-18,26.0
70051,2016-07-19,0.0
70052,2016-07-20,2.0
70053,2016-07-21,6.0
70054,2016-07-22,15.0
70055,2016-07-23,11.0
70056,2016-07-24,15.0
70057,2016-07-25,13.0
70058,2016-07-26,15.0
70059,2016-07-27,9.0
70060,2016-07-28,15.0
70061,2016-07-29,15.0
70062,2016-07-30,19.0
70063,2016-07-31,11.0
70064,2016-08-01,15.0
70065,2016-08-02,15.0
70066,2016-08-03,9.0
70067,2016-08-04,7.0
70068,2016-08-05,7.0
70069,2016-08-06,6.0
70070,2016-08-07,7.0
70071,2016-08-08,9.0
70072,2016-08-09,20.0
70073,2016-08-10,22.0
70074,2016-08-11,11.0
70075,2016-08-12,19.0
70076,2016-08-13,17.0
70077,2016-08-14,9.0
70078,2016-08-15,13.0
70079,2016-08-16,15.0
70080,2016-08-17,6.0
70081,2016-08-18,13.0
70082,2016-08-19,26.0
70083,2016-08-20,13.0
70084,2016-08-21,11.0
70085,2016-08-22,7.0
70086,2016-08-23,0.0
70087,2016-08-24,9.0
70088,2016-08-25,13.0
70089,2016-08-26,9.0
70090,2016-08-27,15.0
70091,2016-08-28,9.0
70092,2016-08-29,9.0
70093,2016-08-30,9.0
70094,2016-08-31,11.0
70095,2016-09-01,6.0
70096,2016-09-02,9.0
70097,2016-09-03,9.0
70098,2016-09-04,13.0
70099,2016-09-05,11.0
70100,2016-09-06,9.0
70101,2016-09-07,11.0
70102,2016-09-08,26.0
70103,2016-09-09,20.0
70104,2016-09-10,11.0
70105,2016-09-11,13.0
70106,2016-09-12,9.0
70107,2016-09-13,9.0
70108,2016-09-14,9.0
70109,2016-09-15,11.0
70110,2016-09-16,9.0
70111,2016-09-17,20.0
70112,2016-09-18,7.0
70113,2016-09-19,9.0
70114,2016-09-20,20.0
70115,2016-09-21,4.0
70116,2016-09-22,13.0
70117,2016-09-23,7.0
70118,2016-09-24,19.0
70119,2016-09-25,13.0
70120,2016-09-26,11.0
70121,2016-09-27,11.0
70122,2016-09-28,17.0
70123,2016-09-29,17.0
70124,2016-09-30,13.0
70125,2016-10-01,11.0
70126,2016-10-02,15.0
70127,2016-10-03,19.0
70128,2016-10-04,15.0
70129,2016-10-05,17.0
70130,2016-10-06,13.0
70131,2016-10-07,22.0
70132,2016-10-08,7.0
70133,2016-10-09,24.0
70134,2016-10-10,15.0
70135,2016-10-11,13.0
70136,2016-10-12,13.0
70137,2016-10-13,9.0
70138,2016-10-14,9.0
70139,2016-10-15,26.0
70140,2016-10-16,26.0
70141,2016-10-17,9.0
70142,2016-10-18,13.0
70143,2016-10-19,9.0
70144,2016-10-20,22.0
70145,2016-10-21,28.0
70146,2016-10-22,13.0
70147,2016-10-23,7.0
70148,2016-10-24,6.0
70149,2016-10-25,19.0
70150,2016-10-26,9.0
70151,2016-10-27,15.0
70152,2016-10-28,2.0
70153,2016-10-29,2.0
70154,2016-10-30,19.0
70155,2016-10-31,15.0
70156,2016-11-01,11.0
70157,2016-11-02,11.0
70158,2016-11-03,11.0
70159,2016-11-04,20.0
70160,2016-11-05,17.0
70161,2016-11-06,20.0
70162,2016-11-07,30.0
70163,2016-11-08,11.0
70164,2016-11-09,13.0
70165,2016-11-10,7.0
70166,2016-11-11,7.0
70167,2016-11-12,7.0
70168,2016-11-13,17.0
70169,2016-11-14,19.0
70170,2016-11-15,7.0
70171,2016-11-16,4.0
70172,2016-11-17,13.0
70173,2016-11-18,11.0
70174,2016-11-19,6.0
70175,2016-11-20,2.0
70176,2016-11-21,20.0
70177,2016-11-22,9.0
70178,2016-11-23,6.0
70179,2016-11-24,13.0
70180,2016-11-25,11.0
70181,2016-11-26,9.0
70182,2016-11-27,0.0
70183,2016-11-28,4.0
70184,2016-11-29,7.0
70185,2016-11-30,11.0
70186,2016-12-01,6.0
70187,2016-12-02,7.0
70188,2016-12-03,6.0
70189,2016-12-04,6.0
70190,2016-12-05,9.0
70191,2016-12-06,4.0
70192,2016-12-07,6.0
70193,2016-12-08,19.0
70194,2016-12-09,19.0
70195,2016-12-10,6.0
70196,2016-12-11,11.0
70197,2016-12-12,7.0
70198,2016-12-13,20.0
70199,2016-12-14,11.0
70200,2016-12-15,17.0
70201,2016-12-16,7.0
70202,2016-12-17,15.0
70203,2016-12-18,9.0
70204,2016-12-19,13.0
70205,2016-12-20,13.0
70206,2016-12-21,9.0
70207,2016-12-22,11.0
70208,2016-12-23,7.0
70209,2016-12-24,2.0
70210,2016-12-25,11.0
70211,2016-12-26,4.0
70212,2016-12-27,6.0
70213,2016-12-28,17.0
70214,2016-12-29,19.0
70215,2016-12-30,9.0
70216,2016-12-31,7.0
70217,2017-01-01,7.0
70218,2017-01-02,9.0
70219,2017-01-03,9.0
70220,2017-01-04,6.0
70221,2017-01-05,19.0
70222,2017-01-06,4.0
70223,2017-01-07,17.0
70224,2017-01-08,20.0
70225,2017-01-09,6.0
70226,2017-01-10,6.0
70227,2017-01-11,11.0
70228,2017-01-12,7.0
70229,2017-01-13,0.0
70230,2017-01-14,9.0
70231,2017-01-15,9.0
70232,2017-01-16,9.0
70233,2017-01-17,11.0
70234,2017-01-18,17.0
70235,2017-01-19,13.0
70236,2017-01-20,11.0
70237,2017-01-21,7.0
70238,2017-01-22,2.0
70239,2017-01-23,9.0
70240,2017-01-24,13.0
70241,2017-01-25,13.0
70242,2017-01-26,11.0
70243,2017-01-27,11.0
70244,2017-01-28,9.0
70245,2017-01-29,7.0
70246,2017-01-30,17.0
70247,2017-01-31,13.0
70248,2017-02-01,11.0
70249,2017-02-02,7.0
70250,2017-02-03,9.0
70251,2017-02-04,6.0
70252,2017-02-05,13.0
70253,2017-02-06,11.0
70254,2017-02-07,15.0
70255,2017-02-08,6.0
70256,2017-02-09,20.0
70257,2017-02-10,2.0
70258,2017-02-11,9.0
70259,2017-02-12,11.0
70260,2017-02-13,13.0
70261,2017-02-14,7.0
70262,2017-02-15,9.0
70263,2017-02-16,9.0
70264,2017-02-17,7.0
70265,2017-02-18,9.0
70266,2017-02-19,11.0
70267,2017-02-20,13.0
70268,2017-02-21,6.0
70269,2017-02-22,11.0
70270,2017-02-23,11.0
70271,2017-02-24,9.0
70272,2017-02-25,15.0
70273,2017-02-26,6.0
70274,2017-02-27,9.0
70275,2017-02-28,11.0
70276,2017-03-01,6.0
70277,2017-03-02,0.0
70278,2017-03-03,7.0
70279,2017-03-04,4.0
70280,2017-03-05,0.0
70281,2017-03-06,13.0
70282,2017-03-07,4.0
70283,2017-03-08,9.0
70284,2017-03-09,13.0
70285,2017-03-10,9.0
70286,2017-03-11,6.0
70287,2017-03-12,0.0
70288,2017-03-13,2.0
70289,2017-03-14,9.0
70290,2017-03-15,19.0
70291,2017-03-16,19.0
70292,2017-03-17,11.0
70293,2017-03-18,6.0
70294,2017-03-19,7.0
70295,2017-03-20,9.0
70296,2017-03-21,0.0
70297,2017-03-22,13.0
70298,2017-03-23,15.0
70299,2017-03-24,7.0
70300,2017-03-25,20.0
70301,2017-03-26,7.0
70302,2017-03-27,13.0
70303,2017-03-28,9.0
70304,2017-03-29,19.0
70305,2017-03-30,9.0
70306,2017-03-31,7.0
70307,2017-04-01,9.0
70308,2017-04-02,9.0
70309,2017-04-03,9.0
70310,2017-04-04,7.0
70311,2017-04-05,11.0
70312,2017-04-06,11.0
70313,2017-04-07,9.0
70314,2017-04-08,19.0
70315,2017-04-09,17.0
70316,2017-04-10,26.0
70317,2017-04-11,13.0
70318,2017-04-12,9.0
70319,2017-04-13,7.0
70320,2017-04-14,7.0
70321,2017-04-15,7.0
70322,2017-04-16,9.0
70323,2017-04-17,7.0
70324,2017-04-18,4.0
70325,2017-04-19,7.0
70326,2017-04-20,11.0
70327,2017-04-21,11.0
70328,2017-04-22,13.0
70329,2017-04-23,2.0
70330,2017-04-24,9.0
70331,2017-04-25,9.0
70332,2017-04-26,20.0
70333,2017-04-27,7.0
70334,2017-04-28,9.0
70335,2017-04-29,7.0
70336,2017-04-30,7.0
70337,2017-05-01,15.0
70338,2017-05-02,7.0
70339,2017-05-03,9.0
70340,2017-05-04,6.0
70341,2017-05-05,9.0
70342,2017-05-06,19.0
70343,2017-05-07,7.0
70344,2017-05-08,6.0
70345,2017-05-09,4.0
70346,2017-05-10,7.0
70347,2017-05-11,9.0
70348,2017-05-12,9.0
70349,2017-05-13,4.0
70350,2017-05-14,2.0
70351,2017-05-15,6.0
70352,2017-05-16,9.0
70353,2017-05-17,9.0
70354,2017-05-18,2.0
70355,2017-05-19,2.0
70356,2017-05-20,2.0
70357,2017-05-21,11.0
70358,2017-05-22,11.0
70359,2017-05-23,17.0
70360,2017-05-24,13.0
70361,2017-05-25,11.0
70362,2017-05-26,6.0
70363,2017-05-27,20.0
70364,2017-05-28,13.0
70365,2017-05-29,11.0
70366,2017-05-30,11.0
70367,2017-05-31,7.0
70368,2017-06-01,6.0
70369,2017-06-02,4.0
70370,2017-06-03,6.0
70371,2017-06-04,9.0
70372,2017-06-05,9.0
70373,2017-06-06,11.0
70374,2017-06-07,2.0
70375,2017-06-08,7.0
70376,2017-06-09,2.0
70377,2017-06-10,9.0
70378,2017-06-11,11.0
70379,2017-06-12,6.0
70380,2017-06-13,4.0
70381,2017-06-14,2.0
70382,2017-06-15,9.0
70383,2017-06-16,9.0
70384,2017-06-17,9.0
70385,2017-06-18,2.0
70386,2017-06-19,11.0
70387,2017-06-20,11.0
70388,2017-06-21,2.0
70389,2017-06-22,9.0
70390,2017-06-23,17.0
70391,2017-06-24,11.0
70392,2017-06-25,13.0
