,Date,MinTemp,MaxTemp
67200,2008-07-01,9.5,15.4
67201,2008-07-02,11.0,14.5
67202,2008-07-03,8.4,14.1
67203,2008-07-04,9.1,14.5
67204,2008-07-05,4.3,15.5
67205,2008-07-06,5.5,15.4
67206,2008-07-07,11.5,14.3
67207,2008-07-08,6.9,10.4
67208,2008-07-09,3.6,14.8
67209,2008-07-10,4.2,13.5
67210,2008-07-11,7.4,13.5
67211,2008-07-12,6.6,11.3
67212,2008-07-13,8.4,14.3
67213,2008-07-14,7.4,18.9
67214,2008-07-15,8.4,17.6
67215,2008-07-16,6.2,16.4
67216,2008-07-17,7.5,13.6
67217,2008-07-18,9.1,12.4
67218,2008-07-19,6.4,14.1
67219,2008-07-20,8.3,14.0
67220,2008-07-21,8.5,13.4
67221,2008-07-22,6.2,12.6
67222,2008-07-23,6.6,11.9
67223,2008-07-24,4.2,16.1
67224,2008-07-25,3.8,16.1
67225,2008-07-26,4.7,13.3
67226,2008-07-27,6.6,10.2
67227,2008-07-28,6.0,13.8
67228,2008-07-29,3.4,14.4
67229,2008-07-30,4.4,15.2
67230,2008-07-31,6.5,15.4
67231,2008-08-01,9.7,14.7
67232,2008-08-02,8.6,15.3
67233,2008-08-03,7.9,14.9
67234,2008-08-04,9.7,13.6
67235,2008-08-05,5.6,15.0
67236,2008-08-06,7.2,16.6
67237,2008-08-07,6.8,15.4
67238,2008-08-08,4.4,14.7
67239,2008-08-09,5.3,13.4
67240,2008-08-10,5.6,12.2
67241,2008-08-11,5.1,13.5
67242,2008-08-12,7.3,13.2
67243,2008-08-13,5.5,13.0
67244,2008-08-14,7.4,14.1
67245,2008-08-15,9.9,14.2
67246,2008-08-16,8.5,14.3
67247,2008-08-17,7.8,12.9
67248,2008-08-18,6.7,14.3
67249,2008-08-19,6.2,15.2
67250,2008-08-20,9.7,15.3
67251,2008-08-21,9.7,9.9
67252,2008-08-22,5.9,12.8
67253,2008-08-23,4.8,14.2
67254,2008-08-24,7.4,14.2
67255,2008-08-25,3.2,14.3
67256,2008-08-26,5.9,17.3
67257,2008-08-27,7.4,15.3
67258,2008-08-28,9.3,14.9
67259,2008-08-29,7.3,19.3
67260,2008-08-30,8.6,18.2
67261,2008-08-31,13.0,18.6
67262,2008-09-01,8.0,16.4
67263,2008-09-02,10.1,17.2
67264,2008-09-03,9.2,15.8
67265,2008-09-04,5.4,18.5
67266,2008-09-05,7.5,19.0
67267,2008-09-06,7.3,18.9
67268,2008-09-07,10.2,17.5
67269,2008-09-08,9.7,15.2
67270,2008-09-09,10.3,14.6
67271,2008-09-10,6.0,19.7
67272,2008-09-11,9.3,18.9
67273,2008-09-12,14.0,24.5
67274,2008-09-13,16.3,25.5
67275,2008-09-14,15.5,18.8
67276,2008-09-15,12.5,16.8
67277,2008-09-16,7.2,14.3
67278,2008-09-17,4.8,18.4
67279,2008-09-18,8.9,18.9
67280,2008-09-19,14.4,24.9
67281,2008-09-20,10.8,19.2
67282,2008-09-21,6.5,19.8
67283,2008-09-22,12.9,23.1
67284,2008-09-23,5.1,18.2
67285,2008-09-24,7.2,18.6
67286,2008-09-25,8.0,23.4
67287,2008-09-26,14.7,28.2
67288,2008-09-27,11.7,24.0
67289,2008-09-28,11.6,20.7
67290,2008-09-29,9.0,15.2
67291,2008-09-30,8.3,17.5
67292,2008-10-01,6.7,22.4
67293,2008-10-02,14.4,24.5
67294,2008-10-03,10.9,26.2
67295,2008-10-04,11.5,17.6
67296,2008-10-05,5.7,21.8
67297,2008-10-06,10.0,14.3
67298,2008-10-07,8.0,16.0
67299,2008-10-08,10.1,16.2
67300,2008-10-09,10.1,20.0
67301,2008-10-10,8.0,26.3
67302,2008-10-11,9.7,27.9
67303,2008-10-12,14.2,30.6
67304,2008-10-13,15.7,19.3
67305,2008-10-14,10.1,17.5
67306,2008-10-15,9.9,20.1
67307,2008-10-16,12.3,20.6
67308,2008-10-17,10.7,22.7
67309,2008-10-18,12.3,31.7
67310,2008-10-19,15.0,18.1
67311,2008-10-20,11.6,17.5
67312,2008-10-21,11.1,17.5
67313,2008-10-22,9.3,16.5
67314,2008-10-23,6.6,21.2
67315,2008-10-24,10.3,25.3
67316,2008-10-25,11.9,28.9
67317,2008-10-26,21.5,30.5
67318,2008-10-27,17.7,22.0
67319,2008-10-28,13.0,19.3
67320,2008-10-29,10.7,21.7
67321,2008-10-30,13.2,29.9
67322,2008-10-31,16.1,21.2
67323,2008-11-01,12.4,18.4
67324,2008-11-02,12.5,29.1
67325,2008-11-03,14.6,18.3
67326,2008-11-04,10.7,17.3
67327,2008-11-05,8.6,26.7
67328,2008-11-06,11.5,24.0
67329,2008-11-07,12.5,21.5
67330,2008-11-08,12.8,19.7
67331,2008-11-09,11.3,27.1
67332,2008-11-10,13.0,23.4
67333,2008-11-11,12.9,32.0
67334,2008-11-12,16.7,35.4
67335,2008-11-13,20.7,34.2
67336,2008-11-14,14.9,21.4
67337,2008-11-15,12.0,22.7
67338,2008-11-16,11.7,17.4
67339,2008-11-17,11.7,19.2
67340,2008-11-18,10.2,19.9
67341,2008-11-19,14.0,21.0
67342,2008-11-20,14.9,16.9
67343,2008-11-21,10.8,20.6
67344,2008-11-22,7.9,15.5
67345,2008-11-23,8.2,18.2
67346,2008-11-24,12.7,17.6
67347,2008-11-25,10.3,26.2
67348,2008-11-26,11.9,29.8
67349,2008-11-27,17.4,30.6
67350,2008-11-28,15.5,20.7
67351,2008-11-29,13.7,19.6
67352,2008-11-30,10.2,25.2
67353,2008-12-01,11.8,20.8
67354,2008-12-02,10.7,23.1
67355,2008-12-03,14.3,19.9
67356,2008-12-04,10.4,25.6
67357,2008-12-05,15.1,32.9
67358,2008-12-06,15.9,25.0
67359,2008-12-07,11.1,19.4
67360,2008-12-08,11.4,22.4
67361,2008-12-09,11.5,19.5
67362,2008-12-10,13.1,19.6
67363,2008-12-11,11.9,22.8
67364,2008-12-12,14.1,22.5
67365,2008-12-13,15.7,17.1
67366,2008-12-14,12.8,19.7
67367,2008-12-15,13.2,21.4
67368,2008-12-16,13.0,19.9
67369,2008-12-17,13.7,21.3
67370,2008-12-18,14.1,20.3
67371,2008-12-19,10.9,18.7
67372,2008-12-20,9.9,21.2
67373,2008-12-21,12.5,30.4
67374,2008-12-22,17.3,35.2
67375,2008-12-23,16.1,21.1
67376,2008-12-24,12.7,24.4
67377,2008-12-25,14.9,22.9
67378,2008-12-26,13.9,28.9
67379,2008-12-27,16.8,27.2
67380,2008-12-28,14.8,27.8
67381,2008-12-29,14.8,21.5
67382,2008-12-30,14.5,24.2
67383,2008-12-31,12.9,24.1
67384,2009-01-01,14.7,20.4
67385,2009-01-02,10.0,18.6
67386,2009-01-03,9.2,20.4
67387,2009-01-04,11.6,27.6
67388,2009-01-05,13.6,26.1
67389,2009-01-06,15.8,30.2
67390,2009-01-07,17.6,20.9
67391,2009-01-08,12.6,19.8
67392,2009-01-09,12.6,21.8
67393,2009-01-10,13.3,23.4
67394,2009-01-11,14.3,23.4
67395,2009-01-12,13.7,25.0
67396,2009-01-13,13.9,37.8
67397,2009-01-14,20.4,32.6
67398,2009-01-15,15.7,24.6
67399,2009-01-16,15.1,21.5
67400,2009-01-17,14.5,20.1
67401,2009-01-18,12.1,25.1
67402,2009-01-19,13.7,35.8
67403,2009-01-20,19.8,40.5
67404,2009-01-21,17.2,28.8
67405,2009-01-22,18.2,35.6
67406,2009-01-23,14.6,31.8
67407,2009-01-24,16.3,23.4
67408,2009-01-25,13.0,27.1
67409,2009-01-26,14.4,25.5
67410,2009-01-27,16.6,36.4
67411,2009-01-28,18.8,43.4
67412,2009-01-29,25.7,44.3
67413,2009-01-30,25.7,45.1
67414,2009-01-31,22.5,30.5
67415,2009-02-01,20.3,33.8
67416,2009-02-02,20.8,28.5
67417,2009-02-03,20.5,30.2
67418,2009-02-04,16.8,30.2
67419,2009-02-05,19.8,29.2
67420,2009-02-06,17.9,33.1
67421,2009-02-07,18.7,46.4
67422,2009-02-08,18.6,22.5
67423,2009-02-09,16.1,21.4
67424,2009-02-10,14.1,21.2
67425,2009-02-11,14.3,20.2
67426,2009-02-12,14.4,23.7
67427,2009-02-13,12.8,28.0
67428,2009-02-14,14.0,28.4
67429,2009-02-15,14.8,29.6
67430,2009-02-16,16.0,30.1
67431,2009-02-17,15.8,31.7
67432,2009-02-18,17.0,27.8
67433,2009-02-19,16.8,30.5
67434,2009-02-20,18.0,24.6
67435,2009-02-21,17.4,23.8
67436,2009-02-22,16.9,25.5
67437,2009-02-23,16.2,35.0
67438,2009-02-24,14.3,21.3
67439,2009-02-25,14.1,21.6
67440,2009-02-26,14.2,31.2
67441,2009-02-27,14.3,34.0
67442,2009-02-28,16.1,23.2
67443,2009-03-01,14.5,19.8
67444,2009-03-02,15.3,25.6
67445,2009-03-03,16.8,32.5
67446,2009-03-04,14.0,19.0
67447,2009-03-05,12.5,17.6
67448,2009-03-06,12.6,20.1
67449,2009-03-07,13.0,20.4
67450,2009-03-08,14.7,21.2
67451,2009-03-09,9.7,25.2
67452,2009-03-10,13.5,26.2
67453,2009-03-11,15.8,29.8
67454,2009-03-12,18.2,25.2
67455,2009-03-13,17.7,29.0
67456,2009-03-14,18.6,23.3
67457,2009-03-15,12.0,18.9
67458,2009-03-16,12.7,21.9
67459,2009-03-17,13.9,20.1
67460,2009-03-18,14.3,28.5
67461,2009-03-19,14.8,33.1
67462,2009-03-20,16.8,23.8
67463,2009-03-21,15.4,34.6
67464,2009-03-22,20.4,25.6
67465,2009-03-23,14.7,19.9
67466,2009-03-24,13.8,21.1
67467,2009-03-25,15.7,23.9
67468,2009-03-26,15.4,24.0
67469,2009-03-27,12.7,20.5
67470,2009-03-28,9.7,26.7
67471,2009-03-29,11.3,24.7
67472,2009-03-30,14.0,22.5
67473,2009-03-31,14.5,30.1
67474,2009-04-01,15.4,29.8
67475,2009-04-02,16.9,32.8
67476,2009-04-03,21.2,24.7
67477,2009-04-04,11.3,19.6
67478,2009-04-05,12.5,20.1
67479,2009-04-06,9.2,17.2
67480,2009-04-07,11.4,18.4
67481,2009-04-08,12.3,19.9
67482,2009-04-09,13.7,24.4
67483,2009-04-10,13.9,19.5
67484,2009-04-11,14.4,22.5
67485,2009-04-12,12.3,21.9
67486,2009-04-13,9.8,26.2
67487,2009-04-14,12.1,28.8
67488,2009-04-15,12.9,17.7
67489,2009-04-16,7.3,20.5
67490,2009-04-17,13.2,21.9
67491,2009-04-18,13.8,19.2
67492,2009-04-19,14.0,19.1
67493,2009-04-20,8.7,22.0
67494,2009-04-21,9.4,24.6
67495,2009-04-22,9.8,25.1
67496,2009-04-23,11.3,22.8
67497,2009-04-24,15.1,18.2
67498,2009-04-25,12.3,19.0
67499,2009-04-26,9.1,13.6
67500,2009-04-27,8.4,14.4
67501,2009-04-28,7.7,14.4
67502,2009-04-29,6.0,13.8
67503,2009-04-30,2.9,18.0
67504,2009-05-01,5.8,14.9
67505,2009-05-02,7.5,18.6
67506,2009-05-03,5.9,19.2
67507,2009-05-04,8.9,16.8
67508,2009-05-05,7.0,17.2
67509,2009-05-06,8.4,17.0
67510,2009-05-07,11.0,17.5
67511,2009-05-08,12.6,16.9
67512,2009-05-09,13.0,16.5
67513,2009-05-10,11.2,18.2
67514,2009-05-11,8.2,17.8
67515,2009-05-12,9.5,17.5
67516,2009-05-13,9.8,17.0
67517,2009-05-14,12.3,17.0
67518,2009-05-15,14.0,19.7
67519,2009-05-16,11.5,16.4
67520,2009-05-17,11.6,17.4
67521,2009-05-18,8.4,18.0
67522,2009-05-19,8.2,21.1
67523,2009-05-20,9.1,21.3
67524,2009-05-21,9.2,15.7
67525,2009-05-22,5.9,20.3
67526,2009-05-23,7.3,22.8
67527,2009-05-24,11.5,20.8
67528,2009-05-25,18.0,21.7
67529,2009-05-26,12.8,18.4
67530,2009-05-27,7.6,15.8
67531,2009-05-28,9.5,16.4
67532,2009-05-29,6.3,16.3
67533,2009-05-30,9.0,16.1
67534,2009-05-31,6.5,15.0
67535,2009-06-01,6.8,14.8
67536,2009-06-02,10.3,15.1
67537,2009-06-03,11.7,18.2
67538,2009-06-04,12.3,17.5
67539,2009-06-05,6.9,17.8
67540,2009-06-06,5.5,14.3
67541,2009-06-07,6.9,14.6
67542,2009-06-08,10.1,14.3
67543,2009-06-09,7.1,12.6
67544,2009-06-10,5.7,12.7
67545,2009-06-11,6.0,12.4
67546,2009-06-12,5.3,10.8
67547,2009-06-13,6.9,13.0
67548,2009-06-14,8.3,16.2
67549,2009-06-15,5.6,15.7
67550,2009-06-16,7.2,14.5
67551,2009-06-17,6.0,13.5
67552,2009-06-18,4.6,17.6
67553,2009-06-19,5.1,18.2
67554,2009-06-20,6.9,15.3
67555,2009-06-21,10.8,16.1
67556,2009-06-22,9.9,17.6
67557,2009-06-23,8.6,16.6
67558,2009-06-24,11.0,17.6
67559,2009-06-25,5.5,15.0
67560,2009-06-26,7.1,16.4
67561,2009-06-27,7.9,14.9
67562,2009-06-28,5.0,16.1
67563,2009-06-29,5.6,17.8
67564,2009-06-30,13.0,19.4
67565,2009-07-01,10.9,15.6
67566,2009-07-02,9.5,13.5
67567,2009-07-03,8.1,13.3
67568,2009-07-04,8.9,15.1
67569,2009-07-05,8.8,13.2
67570,2009-07-06,7.1,13.7
67571,2009-07-07,7.6,14.2
67572,2009-07-08,3.4,15.0
67573,2009-07-09,4.2,16.9
67574,2009-07-10,5.8,15.1
67575,2009-07-11,9.3,14.3
67576,2009-07-12,10.8,15.7
67577,2009-07-13,9.0,15.6
67578,2009-07-14,8.1,13.9
67579,2009-07-15,9.0,13.6
67580,2009-07-16,6.5,14.7
67581,2009-07-17,5.0,15.0
67582,2009-07-18,6.6,13.6
67583,2009-07-19,8.2,15.5
67584,2009-07-20,10.8,19.0
67585,2009-07-21,12.8,19.6
67586,2009-07-22,12.3,16.8
67587,2009-07-23,7.1,14.5
67588,2009-07-24,3.9,13.3
67589,2009-07-25,5.7,13.6
67590,2009-07-26,7.4,15.7
67591,2009-07-27,8.6,16.4
67592,2009-07-28,8.5,15.1
67593,2009-07-29,9.4,16.4
67594,2009-07-30,10.2,16.1
67595,2009-07-31,9.3,16.2
67596,2009-08-01,10.6,16.6
67597,2009-08-02,11.3,16.9
67598,2009-08-03,8.8,15.4
67599,2009-08-04,8.5,15.0
67600,2009-08-05,8.3,16.6
67601,2009-08-06,10.1,19.1
67602,2009-08-07,11.0,14.6
67603,2009-08-08,3.8,16.5
67604,2009-08-09,6.6,14.6
67605,2009-08-10,9.0,13.8
67606,2009-08-11,9.5,16.2
67607,2009-08-12,6.0,14.5
67608,2009-08-13,9.3,18.5
67609,2009-08-14,8.9,19.1
67610,2009-08-15,10.5,19.3
67611,2009-08-16,12.7,17.2
67612,2009-08-17,9.7,17.0
67613,2009-08-18,8.4,16.7
67614,2009-08-19,9.8,18.6
67615,2009-08-20,11.1,18.2
67616,2009-08-21,11.1,18.8
67617,2009-08-22,6.6,16.3
67618,2009-08-23,9.2,19.0
67619,2009-08-24,11.1,17.5
67620,2009-08-25,7.1,14.8
67621,2009-08-26,7.7,15.7
67622,2009-08-27,8.5,18.8
67623,2009-08-28,10.7,19.7
67624,2009-08-29,12.3,15.5
67625,2009-08-30,6.7,16.0
67626,2009-08-31,9.1,16.6
67627,2009-09-01,7.5,16.0
67628,2009-09-02,8.6,19.7
67629,2009-09-03,11.9,21.9
67630,2009-09-04,9.8,17.3
67631,2009-09-05,6.5,17.2
67632,2009-09-06,8.1,16.7
67633,2009-09-07,9.6,15.9
67634,2009-09-08,10.2,15.3
67635,2009-09-09,9.7,14.4
67636,2009-09-10,10.5,14.8
67637,2009-09-11,7.7,22.5
67638,2009-09-12,13.0,29.9
67639,2009-09-13,15.8,19.8
67640,2009-09-14,6.7,17.0
67641,2009-09-15,5.5,20.4
67642,2009-09-16,8.0,22.9
67643,2009-09-17,15.7,18.9
67644,2009-09-18,10.6,18.5
67645,2009-09-19,12.1,20.9
67646,2009-09-20,10.4,18.7
67647,2009-09-21,8.7,19.7
67648,2009-09-22,10.6,18.9
67649,2009-09-23,11.6,18.4
67650,2009-09-24,11.6,20.8
67651,2009-09-25,12.4,16.2
67652,2009-09-26,7.8,14.2
67653,2009-09-27,7.7,12.6
67654,2009-09-28,8.5,14.7
67655,2009-09-29,9.1,19.4
67656,2009-09-30,12.1,23.6
67657,2009-10-01,13.5,16.6
67658,2009-10-02,11.0,14.7
67659,2009-10-03,11.0,18.0
67660,2009-10-04,9.6,18.7
67661,2009-10-05,11.1,17.2
67662,2009-10-06,9.2,15.7
67663,2009-10-07,7.8,16.2
67664,2009-10-08,8.9,16.0
67665,2009-10-09,7.5,18.2
67666,2009-10-10,5.9,20.0
67667,2009-10-11,7.0,22.2
67668,2009-10-12,11.8,22.6
67669,2009-10-13,9.7,19.2
67670,2009-10-14,9.6,16.4
67671,2009-10-15,10.8,16.3
67672,2009-10-16,7.6,18.0
67673,2009-10-17,10.3,17.1
67674,2009-10-18,8.1,16.5
67675,2009-10-19,10.6,21.5
67676,2009-10-20,13.6,28.5
67677,2009-10-21,13.7,18.7
67678,2009-10-22,10.1,18.8
67679,2009-10-23,12.7,18.8
67680,2009-10-24,8.2,19.6
67681,2009-10-25,12.0,18.2
67682,2009-10-26,9.5,21.2
67683,2009-10-27,9.4,21.7
67684,2009-10-28,12.0,21.1
67685,2009-10-29,11.1,30.6
67686,2009-10-30,16.7,26.5
67687,2009-10-31,19.3,33.1
67688,2009-11-01,15.0,20.1
67689,2009-11-02,13.9,29.4
67690,2009-11-03,14.8,21.9
67691,2009-11-04,11.4,18.1
67692,2009-11-05,12.0,19.3
67693,2009-11-06,9.4,25.4
67694,2009-11-07,13.0,32.2
67695,2009-11-08,19.4,34.2
67696,2009-11-09,19.7,35.5
67697,2009-11-10,20.2,36.3
67698,2009-11-11,20.8,34.4
67699,2009-11-12,18.8,29.8
67700,2009-11-13,15.6,27.2
67701,2009-11-14,16.5,30.3
67702,2009-11-15,15.4,25.9
67703,2009-11-16,17.1,22.7
67704,2009-11-17,14.9,22.6
67705,2009-11-18,15.6,33.4
67706,2009-11-19,18.7,34.6
67707,2009-11-20,22.9,38.3
67708,2009-11-21,18.6,25.9
67709,2009-11-22,15.2,18.4
67710,2009-11-23,11.3,22.0
67711,2009-11-24,12.0,26.6
67712,2009-11-25,15.6,25.4
67713,2009-11-26,17.3,30.0
67714,2009-11-27,18.8,28.8
67715,2009-11-28,16.3,22.7
67716,2009-11-29,12.7,21.8
67717,2009-11-30,14.0,20.8
67718,2009-12-01,12.1,22.7
67719,2009-12-02,11.5,29.9
67720,2009-12-03,16.3,32.3
67721,2009-12-04,12.1,22.4
67722,2009-12-05,13.2,22.0
67723,2009-12-06,13.2,26.3
67724,2009-12-07,15.3,23.1
67725,2009-12-08,14.5,17.8
67726,2009-12-09,9.6,25.9
67727,2009-12-10,15.3,24.4
67728,2009-12-11,10.7,20.5
67729,2009-12-12,14.5,22.6
67730,2009-12-13,14.9,21.5
67731,2009-12-14,14.5,21.1
67732,2009-12-15,13.6,31.3
67733,2009-12-16,17.4,39.2
67734,2009-12-17,19.7,23.1
67735,2009-12-18,11.1,23.8
67736,2009-12-19,14.0,21.4
67737,2009-12-20,14.7,22.1
67738,2009-12-21,12.5,28.2
67739,2009-12-22,15.9,27.5
67740,2009-12-23,16.2,39.0
67741,2009-12-24,20.9,25.7
67742,2009-12-25,14.4,21.2
67743,2009-12-26,12.9,22.1
67744,2009-12-27,14.7,23.1
67745,2009-12-28,17.5,24.8
67746,2009-12-29,16.5,24.3
67747,2009-12-30,16.1,38.3
67748,2009-12-31,20.5,36.7
67749,2010-01-01,19.2,20.8
67750,2010-01-02,15.5,22.5
67751,2010-01-03,14.5,21.4
67752,2010-01-04,13.4,27.6
67753,2010-01-05,16.0,25.0
67754,2010-01-06,16.1,23.6
67755,2010-01-07,14.8,24.7
67756,2010-01-08,14.8,36.6
67757,2010-01-09,20.6,38.7
67758,2010-01-10,17.1,29.6
67759,2010-01-11,19.0,43.6
67760,2010-01-12,24.2,35.6
67761,2010-01-13,17.4,23.0
67762,2010-01-14,15.3,23.4
67763,2010-01-15,16.3,26.8
67764,2010-01-16,16.9,33.1
67765,2010-01-17,13.8,21.0
67766,2010-01-18,10.4,20.6
67767,2010-01-19,11.3,22.9
67768,2010-01-20,14.5,28.2
67769,2010-01-21,16.0,28.5
67770,2010-01-22,19.5,37.5
67771,2010-01-23,17.4,22.3
67772,2010-01-24,12.7,22.3
67773,2010-01-25,13.6,23.8
67774,2010-01-26,13.8,24.5
67775,2010-01-27,16.2,22.2
67776,2010-01-28,15.8,26.1
67777,2010-01-29,17.5,23.5
67778,2010-01-30,13.4,36.2
67779,2010-01-31,17.1,37.2
67780,2010-02-01,16.9,24.9
67781,2010-02-02,16.7,35.2
67782,2010-02-03,21.6,34.8
67783,2010-02-04,25.5,30.8
67784,2010-02-05,17.6,20.9
67785,2010-02-06,15.5,26.5
67786,2010-02-07,14.9,33.2
67787,2010-02-08,19.0,35.3
67788,2010-02-09,19.3,32.1
67789,2010-02-10,20.1,32.7
67790,2010-02-11,22.2,31.4
67791,2010-02-12,19.5,22.8
67792,2010-02-13,18.2,21.3
67793,2010-02-14,17.7,28.3
67794,2010-02-15,19.0,27.3
67795,2010-02-16,16.0,27.3
67796,2010-02-17,15.9,25.9
67797,2010-02-18,17.5,24.1
67798,2010-02-19,17.1,32.8
67799,2010-02-20,23.0,34.3
67800,2010-02-21,21.6,28.6
67801,2010-02-22,19.1,29.6
67802,2010-02-23,13.3,23.6
67803,2010-02-24,12.7,23.3
67804,2010-02-25,14.2,25.1
67805,2010-02-26,16.2,33.4
67806,2010-02-27,22.4,22.6
67807,2010-02-28,16.3,20.7
67808,2010-03-01,14.1,21.4
67809,2010-03-02,14.1,22.4
67810,2010-03-03,15.8,27.7
67811,2010-03-04,16.5,31.3
67812,2010-03-05,20.5,26.7
67813,2010-03-06,19.8,26.8
67814,2010-03-07,17.9,27.3
67815,2010-03-08,16.4,22.5
67816,2010-03-09,16.2,21.2
67817,2010-03-10,13.7,20.4
67818,2010-03-11,13.7,22.2
67819,2010-03-12,11.1,26.4
67820,2010-03-13,13.7,28.3
67821,2010-03-14,13.8,28.8
67822,2010-03-15,15.3,30.4
67823,2010-03-16,18.5,32.2
67824,2010-03-17,21.5,33.0
67825,2010-03-18,20.9,31.9
67826,2010-03-19,23.0,28.4
67827,2010-03-20,18.8,26.7
67828,2010-03-21,17.5,24.7
67829,2010-03-22,13.1,22.5
67830,2010-03-23,13.3,23.7
67831,2010-03-24,15.8,23.4
67832,2010-03-25,12.8,31.5
67833,2010-03-26,14.8,30.7
67834,2010-03-27,17.2,22.7
67835,2010-03-28,17.8,27.2
67836,2010-03-29,17.9,23.3
67837,2010-03-30,15.1,22.6
67838,2010-03-31,13.4,23.9
67839,2010-04-01,13.8,24.0
67840,2010-04-02,16.1,21.9
67841,2010-04-03,13.9,24.4
67842,2010-04-04,12.7,25.8
67843,2010-04-05,14.9,26.9
67844,2010-04-06,18.4,25.3
67845,2010-04-07,17.2,25.7
67846,2010-04-08,17.7,22.9
67847,2010-04-09,13.5,21.7
67848,2010-04-10,15.0,22.6
67849,2010-04-11,11.8,17.7
67850,2010-04-12,11.2,17.8
67851,2010-04-13,13.1,17.8
67852,2010-04-14,13.2,18.4
67853,2010-04-15,14.0,19.1
67854,2010-04-16,13.2,25.9
67855,2010-04-17,13.6,27.3
67856,2010-04-18,16.0,27.7
67857,2010-04-19,16.1,27.6
67858,2010-04-20,17.5,29.4
67859,2010-04-21,17.3,24.5
67860,2010-04-22,16.4,30.1
67861,2010-04-23,20.8,26.4
67862,2010-04-24,19.0,24.5
67863,2010-04-25,12.2,20.1
67864,2010-04-26,8.7,20.4
67865,2010-04-27,11.7,17.8
67866,2010-04-28,8.8,18.1
67867,2010-04-29,12.8,18.4
67868,2010-04-30,13.0,16.6
67869,2010-05-01,8.2,20.9
67870,2010-05-02,13.5,17.7
67871,2010-05-03,9.2,23.0
67872,2010-05-04,11.6,23.5
67873,2010-05-05,9.1,17.3
67874,2010-05-06,11.4,18.0
67875,2010-05-07,10.4,19.8
67876,2010-05-08,12.9,19.9
67877,2010-05-09,13.0,22.5
67878,2010-05-10,14.5,20.6
67879,2010-05-11,7.6,15.8
67880,2010-05-12,8.5,16.1
67881,2010-05-13,9.5,15.1
67882,2010-05-14,11.5,15.0
67883,2010-05-15,12.6,17.7
67884,2010-05-16,6.2,18.5
67885,2010-05-17,7.3,17.2
67886,2010-05-18,6.9,18.6
67887,2010-05-19,6.1,18.8
67888,2010-05-20,7.6,18.1
67889,2010-05-21,9.9,16.1
67890,2010-05-22,4.3,16.1
67891,2010-05-23,4.0,18.6
67892,2010-05-24,6.2,15.6
67893,2010-05-25,11.9,15.0
67894,2010-05-26,11.3,19.6
67895,2010-05-27,10.8,18.7
67896,2010-05-28,10.9,17.0
67897,2010-05-29,12.6,17.2
67898,2010-05-30,12.1,18.1
67899,2010-05-31,11.5,18.7
67900,2010-06-01,7.9,17.6
67901,2010-06-02,10.3,17.9
67902,2010-06-03,7.1,15.7
67903,2010-06-04,6.2,12.4
67904,2010-06-05,8.2,13.9
67905,2010-06-06,8.9,15.7
67906,2010-06-07,8.3,13.6
67907,2010-06-08,9.1,14.3
67908,2010-06-09,8.2,14.1
67909,2010-06-10,7.7,16.1
67910,2010-06-11,9.1,14.0
67911,2010-06-12,8.0,13.2
67912,2010-06-13,8.6,13.1
67913,2010-06-14,7.9,15.3
67914,2010-06-15,5.8,15.0
67915,2010-06-16,4.0,16.1
67916,2010-06-17,7.8,14.3
67917,2010-06-18,7.3,14.8
67918,2010-06-19,8.0,16.8
67919,2010-06-20,12.0,14.7
67920,2010-06-21,5.8,15.1
67921,2010-06-22,3.6,14.3
67922,2010-06-23,5.1,17.2
67923,2010-06-24,8.6,18.3
67924,2010-06-25,12.8,14.7
67925,2010-06-26,6.7,13.3
67926,2010-06-27,6.1,12.9
67927,2010-06-28,3.9,11.4
67928,2010-06-29,5.7,10.8
67929,2010-06-30,6.8,12.8
67930,2010-07-01,7.6,12.3
67931,2010-07-02,8.2,12.4
67932,2010-07-03,8.3,14.0
67933,2010-07-04,8.4,12.8
67934,2010-07-05,5.9,14.3
67935,2010-07-06,4.3,14.6
67936,2010-07-07,4.1,15.0
67937,2010-07-08,7.4,14.1
67938,2010-07-09,3.6,16.5
67939,2010-07-10,4.5,15.9
67940,2010-07-11,10.8,16.1
67941,2010-07-12,9.3,16.7
67942,2010-07-13,9.7,16.8
67943,2010-07-14,9.9,12.7
67944,2010-07-15,6.9,13.7
67945,2010-07-16,8.6,14.5
67946,2010-07-17,5.8,13.6
67947,2010-07-18,7.1,13.6
67948,2010-07-19,7.4,14.0
67949,2010-07-20,3.2,13.5
67950,2010-07-21,5.7,14.4
67951,2010-07-22,6.9,12.9
67952,2010-07-23,9.5,12.6
67953,2010-07-24,8.9,13.4
67954,2010-07-25,6.0,15.8
67955,2010-07-26,5.5,16.2
67956,2010-07-27,3.9,15.1
67957,2010-07-28,5.9,14.9
67958,2010-07-29,7.5,14.9
67959,2010-07-30,12.0,17.7
67960,2010-07-31,12.0,17.9
67961,2010-08-01,8.1,13.9
67962,2010-08-02,8.1,16.5
67963,2010-08-03,9.6,13.3
67964,2010-08-04,9.5,13.8
67965,2010-08-05,6.5,14.1
67966,2010-08-06,7.3,14.5
67967,2010-08-07,4.9,15.2
67968,2010-08-08,5.7,14.6
67969,2010-08-09,6.7,16.9
67970,2010-08-10,6.4,11.4
67971,2010-08-11,7.3,11.4
67972,2010-08-12,8.2,15.0
67973,2010-08-13,9.6,13.6
67974,2010-08-14,10.2,15.9
67975,2010-08-15,10.8,15.7
67976,2010-08-16,8.5,12.8
67977,2010-08-17,4.8,14.8
67978,2010-08-18,8.0,13.5
67979,2010-08-19,10.2,16.6
67980,2010-08-20,6.4,13.4
67981,2010-08-21,7.4,16.4
67982,2010-08-22,7.1,16.2
67983,2010-08-23,6.1,17.1
67984,2010-08-24,9.1,14.6
67985,2010-08-25,4.2,11.8
67986,2010-08-26,7.0,14.9
67987,2010-08-27,7.2,13.8
67988,2010-08-28,7.9,16.1
67989,2010-08-29,8.9,15.0
67990,2010-08-30,5.8,18.6
67991,2010-08-31,8.9,14.1
67992,2010-09-01,11.1,13.3
67993,2010-09-02,9.3,15.4
67994,2010-09-03,7.3,16.6
67995,2010-09-04,8.8,19.0
67996,2010-09-05,10.9,17.1
67997,2010-09-06,8.4,15.4
67998,2010-09-07,7.4,15.8
67999,2010-09-08,5.2,17.2
68000,2010-09-09,9.1,18.3
68001,2010-09-10,9.4,14.4
68002,2010-09-11,8.5,18.5
68003,2010-09-12,10.5,16.5
68004,2010-09-13,10.9,15.5
68005,2010-09-14,6.4,15.6
68006,2010-09-15,9.4,16.5
68007,2010-09-16,8.4,14.9
68008,2010-09-17,8.7,14.9
68009,2010-09-18,10.1,17.0
68010,2010-09-19,9.3,16.7
68011,2010-09-20,10.1,16.8
68012,2010-09-21,10.9,15.4
68013,2010-09-22,9.8,16.6
68014,2010-09-23,10.9,16.2
68015,2010-09-24,9.8,17.0
68016,2010-09-25,10.9,19.9
68017,2010-09-26,9.9,22.1
68018,2010-09-27,12.8,17.3
68019,2010-09-28,8.0,15.2
68020,2010-09-29,5.8,15.3
68021,2010-09-30,5.8,15.6
68022,2010-10-01,7.5,18.4
68023,2010-10-02,6.2,21.0
68024,2010-10-03,11.1,25.0
68025,2010-10-04,15.5,23.5
68026,2010-10-05,13.2,20.6
68027,2010-10-06,11.2,23.9
68028,2010-10-07,7.7,17.5
68029,2010-10-08,10.2,17.4
68030,2010-10-09,9.3,19.1
68031,2010-10-10,10.4,25.2
68032,2010-10-11,11.7,25.2
68033,2010-10-12,18.3,23.4
68034,2010-10-13,14.3,14.8
68035,2010-10-14,11.2,21.2
68036,2010-10-15,12.1,12.7
68037,2010-10-16,4.7,14.6
68038,2010-10-17,6.9,17.7
68039,2010-10-18,10.0,18.9
68040,2010-10-19,9.6,17.4
68041,2010-10-20,7.1,19.6
68042,2010-10-21,8.4,25.7
68043,2010-10-22,12.2,28.9
68044,2010-10-23,12.8,17.3
68045,2010-10-24,11.1,17.4
68046,2010-10-25,7.9,20.5
68047,2010-10-26,10.7,22.5
68048,2010-10-27,12.7,19.0
68049,2010-10-28,10.2,23.9
68050,2010-10-29,13.9,28.4
68051,2010-10-30,18.8,22.3
68052,2010-10-31,11.7,17.2
68053,2010-11-01,9.2,16.7
68054,2010-11-02,10.5,19.0
68055,2010-11-03,10.3,16.6
68056,2010-11-04,9.1,18.2
68057,2010-11-05,8.8,22.7
68058,2010-11-06,10.3,24.6
68059,2010-11-07,14.8,24.4
68060,2010-11-08,14.0,23.8
68061,2010-11-09,13.5,29.1
68062,2010-11-10,18.2,25.6
68063,2010-11-11,14.0,30.7
68064,2010-11-12,16.3,31.0
68065,2010-11-13,15.0,15.8
68066,2010-11-14,13.1,19.8
68067,2010-11-15,11.7,19.4
68068,2010-11-16,10.1,18.6
68069,2010-11-17,8.9,23.4
68070,2010-11-18,13.7,17.6
68071,2010-11-19,9.6,20.3
68072,2010-11-20,9.9,22.8
68073,2010-11-21,11.9,22.0
68074,2010-11-22,13.7,33.3
68075,2010-11-23,20.6,32.3
68076,2010-11-24,21.7,31.5
68077,2010-11-25,19.6,23.5
68078,2010-11-26,16.0,25.1
68079,2010-11-27,17.3,23.8
68080,2010-11-28,13.0,16.6
68081,2010-11-29,13.6,22.2
68082,2010-11-30,13.2,25.4
68083,2010-12-01,16.5,26.6
68084,2010-12-02,17.2,27.2
68085,2010-12-03,17.2,30.0
68086,2010-12-04,19.4,30.8
68087,2010-12-05,18.3,29.7
68088,2010-12-06,18.2,30.9
68089,2010-12-07,21.5,28.2
68090,2010-12-08,22.6,25.5
68091,2010-12-09,16.4,25.0
68092,2010-12-10,14.0,21.1
68093,2010-12-11,13.5,23.1
68094,2010-12-12,13.2,19.4
68095,2010-12-13,11.8,23.1
68096,2010-12-14,14.4,28.0
68097,2010-12-15,18.1,25.9
68098,2010-12-16,12.7,22.0
68099,2010-12-17,12.1,23.8
68100,2010-12-18,12.2,19.0
68101,2010-12-19,11.3,19.1
68102,2010-12-20,9.9,19.3
68103,2010-12-21,11.1,18.3
68104,2010-12-22,10.6,25.7
68105,2010-12-23,14.1,20.6
68106,2010-12-24,11.5,23.5
68107,2010-12-25,14.0,26.2
68108,2010-12-26,15.8,20.4
68109,2010-12-27,10.5,18.0
68110,2010-12-28,9.0,22.8
68111,2010-12-29,13.7,30.3
68112,2010-12-30,14.2,23.7
68113,2010-12-31,14.9,41.1
68114,2011-01-01,17.1,23.1
68115,2011-01-02,15.3,21.6
68116,2011-01-03,14.5,20.9
68117,2011-01-04,12.7,22.0
68118,2011-01-05,14.6,21.9
68119,2011-01-06,15.9,30.8
68120,2011-01-07,17.9,33.4
68121,2011-01-08,23.0,34.5
68122,2011-01-09,18.1,22.7
68123,2011-01-10,18.7,25.0
68124,2011-01-11,20.1,26.3
68125,2011-01-12,20.9,27.6
68126,2011-01-13,22.5,27.8
68127,2011-01-14,20.5,26.9
68128,2011-01-15,18.5,29.5
68129,2011-01-16,18.3,26.2
68130,2011-01-17,15.6,21.3
68131,2011-01-18,15.5,21.9
68132,2011-01-19,15.3,22.5
68133,2011-01-20,13.3,28.4
68134,2011-01-21,16.6,32.3
68135,2011-01-22,16.9,27.5
68136,2011-01-23,18.3,29.0
68137,2011-01-24,15.1,21.7
68138,2011-01-25,14.5,27.7
68139,2011-01-26,16.0,21.6
68140,2011-01-27,14.9,25.7
68141,2011-01-28,16.4,23.1
68142,2011-01-29,13.4,28.0
68143,2011-01-30,16.4,38.1
68144,2011-01-31,20.1,32.5
68145,2011-02-01,24.5,40.2
68146,2011-02-02,17.5,27.8
68147,2011-02-03,18.6,25.6
68148,2011-02-04,18.2,30.4
68149,2011-02-05,18.1,20.3
68150,2011-02-06,12.4,20.4
68151,2011-02-07,10.8,21.5
68152,2011-02-08,14.6,22.1
68153,2011-02-09,12.9,27.9
68154,2011-02-10,14.7,29.5
68155,2011-02-11,20.9,25.8
68156,2011-02-12,15.4,21.1
68157,2011-02-13,13.4,22.1
68158,2011-02-14,14.2,24.6
68159,2011-02-15,16.6,30.3
68160,2011-02-16,18.8,29.5
68161,2011-02-17,19.5,27.9
68162,2011-02-18,19.3,29.4
68163,2011-02-19,19.8,28.7
68164,2011-02-20,16.6,22.0
68165,2011-02-21,11.8,19.6
68166,2011-02-22,13.9,21.3
68167,2011-02-23,15.5,23.8
68168,2011-02-24,13.7,25.0
68169,2011-02-25,15.8,23.8
68170,2011-02-26,15.6,29.8
68171,2011-02-27,18.0,19.1
68172,2011-02-28,16.0,18.0
68173,2011-03-01,14.3,19.5
68174,2011-03-02,11.1,19.8
68175,2011-03-03,13.6,20.1
68176,2011-03-04,13.6,18.6
68177,2011-03-05,10.8,24.5
68178,2011-03-06,11.3,28.0
68179,2011-03-07,15.6,29.2
68180,2011-03-08,19.4,27.2
68181,2011-03-09,19.4,23.8
68182,2011-03-10,15.2,18.7
68183,2011-03-11,15.4,27.1
68184,2011-03-12,17.7,30.7
68185,2011-03-13,20.8,32.5
68186,2011-03-14,15.0,23.7
68187,2011-03-15,12.3,25.6
68188,2011-03-16,15.4,22.0
68189,2011-03-17,14.4,18.9
68190,2011-03-18,14.2,19.5
68191,2011-03-19,12.8,23.5
68192,2011-03-20,13.6,30.1
68193,2011-03-21,16.8,24.9
68194,2011-03-22,19.1,24.0
68195,2011-03-23,16.4,23.1
68196,2011-03-24,15.2,19.7
68197,2011-03-25,13.6,19.0
68198,2011-03-26,15.0,18.0
68199,2011-03-27,14.6,20.3
68200,2011-03-28,13.7,24.3
68201,2011-03-29,12.9,29.0
68202,2011-03-30,14.4,22.6
68203,2011-03-31,13.8,19.8
68204,2011-05-01,13.2,21.0
68205,2011-05-02,13.1,18.8
68206,2011-05-03,11.1,18.6
68207,2011-05-04,10.8,17.8
68208,2011-05-05,12.5,14.8
68209,2011-05-06,11.4,15.5
68210,2011-05-07,6.1,16.0
68211,2011-05-08,7.8,15.6
68212,2011-05-09,9.5,15.1
68213,2011-05-10,3.5,14.6
68214,2011-05-11,6.9,12.2
68215,2011-05-12,5.6,14.0
68216,2011-05-13,8.4,15.9
68217,2011-05-14,7.7,14.9
68218,2011-05-15,8.3,15.1
68219,2011-05-16,11.0,15.1
68220,2011-05-17,10.6,16.1
68221,2011-05-18,6.7,15.5
68222,2011-05-19,10.1,18.3
68223,2011-05-20,11.9,19.5
68224,2011-05-21,11.9,21.3
68225,2011-05-22,13.8,19.0
68226,2011-05-23,13.4,18.3
68227,2011-05-24,9.8,16.6
68228,2011-05-25,10.0,15.6
68229,2011-05-26,9.6,14.5
68230,2011-05-27,10.0,15.5
68231,2011-05-28,10.5,13.8
68232,2011-05-29,10.5,14.3
68233,2011-05-30,5.8,16.5
68234,2011-05-31,6.9,16.0
68235,2011-06-01,3.4,18.3
68236,2011-06-02,6.1,19.5
68237,2011-06-03,12.2,17.0
68238,2011-06-04,11.7,16.9
68239,2011-06-05,7.7,16.3
68240,2011-06-06,5.6,13.8
68241,2011-06-07,7.0,10.9
68242,2011-06-08,4.9,12.0
68243,2011-06-09,6.8,15.8
68244,2011-06-10,9.8,16.2
68245,2011-06-11,10.1,16.3
68246,2011-06-12,6.7,15.3
68247,2011-06-13,7.3,15.6
68248,2011-06-14,7.5,14.1
68249,2011-06-15,4.6,15.0
68250,2011-06-16,4.0,15.7
68251,2011-06-17,6.3,14.4
68252,2011-06-18,9.4,16.8
68253,2011-06-19,10.4,17.0
68254,2011-06-20,11.0,16.2
68255,2011-06-21,7.6,12.5
68256,2011-06-22,7.3,13.9
68257,2011-06-23,9.4,16.2
68258,2011-06-24,11.0,18.2
68259,2011-06-25,11.5,17.0
68260,2011-06-26,8.9,15.0
68261,2011-06-27,9.1,17.0
68262,2011-06-28,6.8,15.2
68263,2011-06-29,4.5,18.4
68264,2011-06-30,6.5,17.6
68265,2011-07-01,8.3,17.3
68266,2011-07-02,8.7,16.5
68267,2011-07-03,10.3,13.6
68268,2011-07-04,10.0,15.8
68269,2011-07-05,9.3,12.7
68270,2011-07-06,8.9,14.2
68271,2011-07-07,6.4,11.5
68272,2011-07-08,6.6,12.5
68273,2011-07-09,8.4,14.8
68274,2011-07-10,7.6,13.4
68275,2011-07-11,7.4,13.5
68276,2011-07-12,9.1,13.6
68277,2011-07-13,9.7,13.7
68278,2011-07-14,7.3,14.8
68279,2011-07-15,5.4,14.1
68280,2011-07-16,2.8,15.8
68281,2011-07-17,4.6,14.1
68282,2011-07-18,9.1,12.8
68283,2011-07-19,9.5,16.4
68284,2011-07-20,10.4,12.9
68285,2011-07-21,7.8,13.4
68286,2011-07-22,8.9,17.5
68287,2011-07-23,5.5,13.0
68288,2011-07-24,6.7,12.8
68289,2011-07-25,9.1,14.0
68290,2011-07-26,7.9,14.1
68291,2011-07-27,2.7,15.1
68292,2011-07-28,4.6,16.0
68293,2011-07-29,7.4,17.5
68294,2011-07-30,8.4,15.4
68295,2011-07-31,10.9,19.4
68296,2011-08-01,11.2,18.6
68297,2011-08-02,11.7,20.2
68298,2011-08-03,12.6,23.2
68299,2011-08-04,15.5,21.0
68300,2011-08-05,13.3,18.4
68301,2011-08-06,10.4,15.1
68302,2011-08-07,6.1,14.4
68303,2011-08-08,8.3,14.5
68304,2011-08-09,7.0,12.6
68305,2011-08-10,8.1,12.6
68306,2011-08-11,9.7,16.1
68307,2011-08-12,3.5,13.3
68308,2011-08-13,4.5,13.8
68309,2011-08-14,6.9,17.9
68310,2011-08-15,8.6,15.5
68311,2011-08-16,10.2,21.2
68312,2011-08-17,13.9,15.5
68313,2011-08-18,8.0,14.1
68314,2011-08-19,10.0,17.3
68315,2011-08-20,9.8,18.5
68316,2011-08-21,6.1,21.4
68317,2011-08-22,6.5,19.8
68318,2011-08-23,9.1,19.9
68319,2011-08-24,7.5,20.5
68320,2011-08-25,11.4,21.7
68321,2011-08-26,8.0,16.5
68322,2011-08-27,8.9,19.1
68323,2011-08-28,8.0,19.2
68324,2011-08-29,11.1,15.9
68325,2011-08-30,5.1,15.3
68326,2011-08-31,8.6,15.4
68327,2011-09-01,9.5,16.7
68328,2011-09-02,8.9,21.7
68329,2011-09-03,10.3,22.1
68330,2011-09-04,16.1,21.5
68331,2011-09-05,8.8,22.3
68332,2011-09-06,12.1,16.7
68333,2011-09-07,6.9,16.1
68334,2011-09-08,5.4,16.6
68335,2011-09-09,7.6,15.6
68336,2011-09-10,7.1,16.1
68337,2011-09-11,8.4,16.0
68338,2011-09-12,9.5,14.4
68339,2011-09-13,10.8,19.2
68340,2011-09-14,11.6,18.5
68341,2011-09-15,5.7,17.8
68342,2011-09-16,9.7,22.3
68343,2011-09-17,8.1,25.4
68344,2011-09-18,12.4,20.4
68345,2011-09-19,9.5,28.3
68346,2011-09-20,10.7,17.6
68347,2011-09-21,9.5,20.7
68348,2011-09-22,12.4,25.0
68349,2011-09-23,11.3,16.4
68350,2011-09-24,8.5,15.3
68351,2011-09-25,8.9,19.7
68352,2011-09-26,7.1,20.9
68353,2011-09-27,12.1,22.5
68354,2011-09-28,13.7,22.3
68355,2011-09-29,11.7,16.3
68356,2011-09-30,9.5,17.6
68357,2011-10-01,9.0,14.0
68358,2011-10-02,9.2,17.6
68359,2011-10-03,5.6,19.0
68360,2011-10-04,7.2,22.5
68361,2011-10-05,11.0,21.9
68362,2011-10-06,12.8,20.7
68363,2011-10-07,13.1,20.5
68364,2011-10-08,12.7,19.9
68365,2011-10-09,12.1,16.1
68366,2011-10-10,7.4,16.1
68367,2011-10-11,10.1,16.8
68368,2011-10-12,9.4,17.4
68369,2011-10-13,7.8,21.2
68370,2011-10-14,10.4,26.3
68371,2011-10-15,15.6,24.0
68372,2011-10-16,10.5,18.4
68373,2011-10-17,7.7,18.7
68374,2011-10-18,7.5,25.1
68375,2011-10-19,12.9,29.2
68376,2011-10-20,19.7,29.2
68377,2011-10-21,14.8,16.0
68378,2011-10-22,13.2,18.1
68379,2011-10-23,13.4,30.3
68380,2011-10-24,13.8,18.4
68381,2011-10-25,10.7,17.6
68382,2011-10-26,10.3,20.7
68383,2011-10-27,11.9,25.9
68384,2011-10-28,16.8,26.4
68385,2011-10-29,15.4,22.9
68386,2011-10-30,10.5,17.4
68387,2011-10-31,10.9,17.0
68388,2011-11-01,11.8,17.9
68389,2011-11-02,12.6,15.8
68390,2011-11-03,11.3,18.1
68391,2011-11-04,12.6,20.5
68392,2011-11-05,10.1,30.6
68393,2011-11-06,17.7,26.7
68394,2011-11-07,14.6,28.8
68395,2011-11-08,16.8,26.9
68396,2011-11-09,18.3,29.1
68397,2011-11-10,14.5,22.7
68398,2011-11-11,11.8,24.2
68399,2011-11-12,14.9,24.4
68400,2011-11-13,15.0,25.3
68401,2011-11-14,15.9,26.0
68402,2011-11-15,12.7,30.1
68403,2011-11-16,13.6,20.8
68404,2011-11-17,10.4,28.2
68405,2011-11-18,15.2,35.0
68406,2011-11-19,18.7,22.2
68407,2011-11-20,13.1,23.3
68408,2011-11-21,10.7,22.4
68409,2011-11-22,12.9,20.2
68410,2011-11-23,12.2,20.4
68411,2011-11-24,11.3,25.3
68412,2011-11-25,14.6,24.8
68413,2011-11-26,16.9,19.1
68414,2011-11-27,13.0,22.9
68415,2011-11-28,15.2,28.9
68416,2011-11-29,18.4,34.7
68417,2011-11-30,15.9,19.3
68418,2011-12-01,9.9,18.7
68419,2011-12-02,10.7,20.6
68420,2011-12-03,13.1,20.2
68421,2011-12-04,11.8,18.6
68422,2011-12-05,8.6,21.4
68423,2011-12-06,10.5,25.9
68424,2011-12-07,12.9,29.3
68425,2011-12-08,15.7,32.4
68426,2011-12-09,19.3,31.7
68427,2011-12-10,19.0,29.0
68428,2011-12-11,14.8,20.5
68429,2011-12-12,12.7,20.9
68430,2011-12-13,14.2,20.0
68431,2011-12-14,13.7,20.2
68432,2011-12-15,12.7,23.3
68433,2011-12-16,13.7,29.3
68434,2011-12-17,16.4,32.3
68435,2011-12-18,21.9,26.1
68436,2011-12-19,17.7,23.3
68437,2011-12-20,15.5,22.4
68438,2011-12-21,15.5,25.5
68439,2011-12-22,14.2,27.6
68440,2011-12-23,17.7,30.9
68441,2011-12-24,18.2,27.1
68442,2011-12-25,18.5,29.6
68443,2011-12-26,17.5,20.7
68444,2011-12-27,16.0,22.2
68445,2011-12-28,14.0,22.1
68446,2011-12-29,15.1,23.0
68447,2011-12-30,15.7,28.0
68448,2011-12-31,16.4,35.6
68449,2012-01-01,18.3,33.9
68450,2012-01-02,20.1,40.0
68451,2012-01-03,23.5,29.8
68452,2012-01-04,18.5,23.0
68453,2012-01-05,14.4,21.8
68454,2012-01-06,13.8,24.4
68455,2012-01-07,14.8,29.9
68456,2012-01-08,19.5,29.8
68457,2012-01-09,14.7,24.6
68458,2012-01-10,13.8,20.1
68459,2012-01-11,13.0,19.0
68460,2012-01-12,12.5,21.5
68461,2012-01-13,13.3,20.9
68462,2012-01-14,13.8,19.9
68463,2012-01-15,15.1,24.0
68464,2012-01-16,14.6,33.6
68465,2012-01-17,23.7,34.3
68466,2012-01-18,22.4,24.6
68467,2012-01-19,15.6,24.0
68468,2012-01-20,16.3,21.5
68469,2012-01-21,17.4,28.2
68470,2012-01-22,16.8,33.0
68471,2012-01-23,18.6,33.5
68472,2012-01-24,20.4,35.0
68473,2012-01-25,20.3,25.0
68474,2012-01-26,16.1,24.5
68475,2012-01-27,16.6,30.7
68476,2012-01-28,20.0,30.4
68477,2012-01-29,20.5,34.9
68478,2012-01-30,22.3,32.5
68479,2012-01-31,15.1,20.8
68480,2012-02-01,12.9,24.5
68481,2012-02-02,13.7,27.1
68482,2012-02-03,15.3,27.1
68483,2012-02-04,16.3,32.9
68484,2012-02-05,20.7,32.1
68485,2012-02-06,13.5,23.8
68486,2012-02-07,14.5,22.0
68487,2012-02-08,13.7,22.2
68488,2012-02-09,12.4,25.2
68489,2012-02-10,15.5,26.9
68490,2012-02-11,15.6,21.9
68491,2012-02-12,15.6,23.7
68492,2012-02-13,16.8,24.7
68493,2012-02-14,16.0,29.0
68494,2012-02-15,17.4,34.0
68495,2012-02-16,21.9,27.4
68496,2012-02-17,18.4,23.9
68497,2012-02-18,16.4,26.2
68498,2012-02-19,16.9,30.0
68499,2012-02-20,19.5,23.9
68500,2012-02-21,17.8,24.4
68501,2012-02-22,14.7,26.1
68502,2012-02-23,16.0,25.8
68503,2012-02-24,15.0,37.1
68504,2012-02-25,18.8,37.1
68505,2012-02-26,24.7,33.2
68506,2012-02-27,21.6,25.1
68507,2012-02-28,17.7,21.1
68508,2012-02-29,16.2,23.3
68509,2012-03-01,15.7,20.8
68510,2012-03-02,14.9,23.7
68511,2012-03-03,16.1,18.9
68512,2012-03-04,15.0,27.1
68513,2012-03-05,15.5,22.5
68514,2012-03-06,15.5,22.3
68515,2012-03-07,13.7,22.0
68516,2012-03-08,14.9,21.8
68517,2012-03-09,16.6,25.9
68518,2012-03-10,15.6,21.9
68519,2012-03-11,12.7,21.8
68520,2012-03-12,15.5,24.3
68521,2012-03-13,13.5,29.9
68522,2012-03-14,16.8,31.6
68523,2012-03-15,21.2,27.2
68524,2012-03-16,18.0,23.4
68525,2012-03-17,12.6,22.2
68526,2012-03-18,13.9,23.2
68527,2012-03-19,13.0,28.2
68528,2012-03-20,15.8,27.6
68529,2012-03-21,17.9,21.1
68530,2012-03-22,11.4,20.8
68531,2012-03-23,12.8,18.0
68532,2012-03-24,12.2,18.2
68533,2012-03-25,12.4,19.1
68534,2012-03-26,9.4,21.0
68535,2012-03-27,11.2,21.0
68536,2012-03-28,14.1,23.6
68537,2012-03-29,12.3,26.7
68538,2012-03-30,14.2,28.2
68539,2012-03-31,16.0,29.2
68540,2012-04-01,16.4,21.7
68541,2012-04-02,10.9,25.5
68542,2012-04-03,15.3,26.0
68543,2012-04-04,13.5,26.3
68544,2012-04-05,13.7,27.4
68545,2012-04-06,16.0,28.5
68546,2012-04-07,11.5,19.2
68547,2012-04-08,10.2,19.8
68548,2012-04-09,12.2,16.8
68549,2012-04-10,8.4,16.5
68550,2012-04-11,10.8,19.6
68551,2012-04-12,8.2,23.2
68552,2012-04-13,10.2,25.4
68553,2012-04-14,12.5,24.8
68554,2012-04-15,16.9,27.2
68555,2012-04-16,14.7,21.2
68556,2012-04-17,11.1,23.4
68557,2012-04-18,12.0,25.3
68558,2012-04-19,15.3,24.2
68559,2012-04-20,14.6,22.6
68560,2012-04-21,13.4,23.8
68561,2012-04-22,13.6,23.3
68562,2012-04-23,14.5,19.2
68563,2012-04-24,7.9,15.1
68564,2012-04-25,9.3,15.9
68565,2012-04-26,11.2,18.2
68566,2012-04-27,10.3,20.0
68567,2012-04-28,9.3,21.6
68568,2012-04-29,11.9,17.9
68569,2012-04-30,6.2,18.3
68570,2012-05-01,8.2,22.6
68571,2012-05-02,11.8,15.2
68572,2012-05-03,8.4,13.0
68573,2012-05-04,10.8,17.1
68574,2012-05-05,9.7,14.1
68575,2012-05-06,9.9,16.2
68576,2012-05-07,10.7,15.4
68577,2012-05-08,12.4,20.7
68578,2012-05-09,14.4,22.3
68579,2012-05-10,10.7,20.6
68580,2012-05-11,12.0,18.5
68581,2012-05-12,8.8,16.8
68582,2012-05-13,10.3,15.0
68583,2012-05-14,10.4,17.4
68584,2012-05-15,10.6,18.2
68585,2012-05-16,11.9,17.8
68586,2012-05-17,9.4,19.2
68587,2012-05-18,10.3,17.0
68588,2012-05-19,11.2,15.9
68589,2012-05-20,8.5,16.5
68590,2012-05-21,4.6,17.0
68591,2012-05-22,9.4,18.3
68592,2012-05-23,11.4,20.5
68593,2012-05-24,10.9,15.7
68594,2012-05-25,9.3,11.0
68595,2012-05-26,8.5,16.1
68596,2012-05-27,10.1,15.1
68597,2012-05-28,10.9,15.1
68598,2012-05-29,10.1,14.8
68599,2012-05-30,9.5,15.1
68600,2012-05-31,5.7,17.5
68601,2012-06-01,6.2,17.7
68602,2012-06-02,4.8,16.3
68603,2012-06-03,6.6,14.3
68604,2012-06-04,9.7,14.1
68605,2012-06-05,10.8,12.6
68606,2012-06-06,8.9,15.3
68607,2012-06-07,10.4,14.1
68608,2012-06-08,10.7,15.0
68609,2012-06-09,10.0,12.8
68610,2012-06-10,8.8,13.1
68611,2012-06-11,4.2,11.6
68612,2012-06-12,3.4,16.5
68613,2012-06-13,5.2,16.6
68614,2012-06-14,8.9,15.4
68615,2012-06-15,11.3,16.6
68616,2012-06-16,8.7,14.8
68617,2012-06-17,10.1,15.3
68618,2012-06-18,9.3,15.6
68619,2012-06-19,8.1,14.8
68620,2012-06-20,4.7,13.6
68621,2012-06-21,8.7,10.5
68622,2012-06-22,8.4,12.5
68623,2012-06-23,5.9,14.2
68624,2012-06-24,7.1,16.5
68625,2012-06-25,11.4,15.6
68626,2012-06-26,7.7,12.5
68627,2012-06-27,4.4,14.3
68628,2012-06-28,6.1,14.3
68629,2012-06-29,10.7,14.0
68630,2012-06-30,7.8,12.6
68631,2012-07-01,6.4,10.5
68632,2012-07-02,7.1,12.4
68633,2012-07-03,8.9,14.4
68634,2012-07-04,8.7,14.0
68635,2012-07-05,5.4,13.6
68636,2012-07-06,5.7,12.1
68637,2012-07-07,2.3,14.5
68638,2012-07-08,3.2,15.3
68639,2012-07-09,5.4,16.5
68640,2012-07-10,10.3,14.3
68641,2012-07-11,11.4,15.8
68642,2012-07-12,11.7,14.0
68643,2012-07-13,9.6,14.9
68644,2012-07-14,10.4,14.0
68645,2012-07-15,7.7,15.5
68646,2012-07-16,8.8,17.2
68647,2012-07-17,11.3,16.6
68648,2012-07-18,8.9,15.0
68649,2012-07-19,4.1,15.0
68650,2012-07-20,6.8,16.4
68651,2012-07-21,7.2,17.6
68652,2012-07-22,8.3,16.7
68653,2012-07-23,4.0,16.5
68654,2012-07-24,5.6,15.1
68655,2012-07-25,8.1,15.9
68656,2012-07-26,9.3,13.3
68657,2012-07-27,9.9,14.6
68658,2012-07-28,8.2,16.1
68659,2012-07-29,7.2,13.2
68660,2012-07-30,7.3,15.8
68661,2012-07-31,8.5,15.1
68662,2012-08-01,3.7,14.2
68663,2012-08-02,3.1,12.5
68664,2012-08-03,6.5,16.2
68665,2012-08-04,10.0,16.7
68666,2012-08-05,10.0,17.2
68667,2012-08-06,6.8,13.8
68668,2012-08-07,6.3,16.0
68669,2012-08-08,9.3,10.8
68670,2012-08-09,8.1,11.6
68671,2012-08-10,8.0,15.1
68672,2012-08-11,9.6,15.5
68673,2012-08-12,9.7,15.8
68674,2012-08-13,5.5,16.6
68675,2012-08-14,7.0,14.6
68676,2012-08-15,5.8,15.4
68677,2012-08-16,6.8,15.2
68678,2012-08-17,8.6,11.4
68679,2012-08-18,8.9,13.4
68680,2012-08-19,9.1,13.8
68681,2012-08-20,8.4,14.0
68682,2012-08-21,7.8,16.2
68683,2012-08-22,11.1,21.2
68684,2012-08-23,13.1,17.9
68685,2012-08-24,7.9,14.4
68686,2012-08-25,6.7,14.8
68687,2012-08-26,8.8,15.1
68688,2012-08-27,6.6,15.3
68689,2012-08-28,9.3,17.8
68690,2012-08-29,11.6,20.9
68691,2012-08-30,7.9,14.0
68692,2012-08-31,7.7,15.1
68693,2012-09-01,9.0,15.3
68694,2012-09-02,5.3,19.2
68695,2012-09-03,9.9,22.3
68696,2012-09-04,12.5,24.1
68697,2012-09-05,15.9,20.0
68698,2012-09-06,13.3,19.2
68699,2012-09-07,8.3,15.4
68700,2012-09-08,9.7,16.7
68701,2012-09-09,10.1,19.0
68702,2012-09-10,7.5,18.9
68703,2012-09-11,7.7,21.8
68704,2012-09-12,11.0,20.9
68705,2012-09-13,8.7,14.8
68706,2012-09-14,6.1,15.9
68707,2012-09-15,10.2,15.8
68708,2012-09-16,7.6,17.0
68709,2012-09-17,10.9,16.7
68710,2012-09-18,8.7,17.1
68711,2012-09-19,11.3,17.6
68712,2012-09-20,11.6,22.4
68713,2012-09-21,13.3,18.2
68714,2012-09-22,11.6,21.3
68715,2012-09-23,13.2,20.0
68716,2012-09-24,7.9,15.2
68717,2012-09-25,6.3,18.0
68718,2012-09-26,7.0,21.5
68719,2012-09-27,15.2,26.6
68720,2012-09-28,13.5,16.7
68721,2012-09-29,6.3,13.5
68722,2012-09-30,7.2,15.8
68723,2012-10-01,10.0,18.2
68724,2012-10-02,11.6,22.2
68725,2012-10-03,9.9,27.2
68726,2012-10-04,16.9,31.4
68727,2012-10-05,11.9,18.0
68728,2012-10-06,11.3,13.9
68729,2012-10-07,6.8,15.7
68730,2012-10-08,9.2,16.3
68731,2012-10-09,8.3,18.1
68732,2012-10-10,7.3,15.8
68733,2012-10-11,6.9,13.4
68734,2012-10-12,8.8,15.2
68735,2012-10-13,10.2,17.1
68736,2012-10-14,8.3,22.5
68737,2012-10-15,12.1,26.7
68738,2012-10-16,12.0,20.6
68739,2012-10-17,8.6,17.2
68740,2012-10-18,9.0,21.4
68741,2012-10-19,11.7,28.4
68742,2012-10-20,12.8,22.2
68743,2012-10-21,11.2,19.2
68744,2012-10-22,8.1,18.6
68745,2012-10-23,8.5,23.4
68746,2012-10-24,13.0,22.7
68747,2012-10-25,17.9,21.2
68748,2012-10-26,10.5,15.7
68749,2012-10-27,9.2,15.5
68750,2012-10-28,10.9,18.0
68751,2012-10-29,9.3,25.4
68752,2012-10-30,13.2,32.0
68753,2012-10-31,18.6,30.2
68754,2012-11-01,12.8,16.0
68755,2012-11-02,10.6,16.8
68756,2012-11-03,10.4,22.0
68757,2012-11-04,12.1,29.1
68758,2012-11-05,19.9,26.8
68759,2012-11-06,20.1,22.9
68760,2012-11-07,14.8,19.6
68761,2012-11-08,12.3,23.0
68762,2012-11-09,12.5,18.9
68763,2012-11-10,9.5,19.3
68764,2012-11-11,8.2,27.4
68765,2012-11-12,17.2,26.8
68766,2012-11-13,11.9,19.8
68767,2012-11-14,10.4,19.6
68768,2012-11-15,10.8,19.8
68769,2012-11-16,12.3,19.3
68770,2012-11-17,12.5,19.0
68771,2012-11-18,10.6,19.7
68772,2012-11-19,11.3,24.0
68773,2012-11-20,12.3,28.1
68774,2012-11-21,17.0,20.9
68775,2012-11-22,11.8,21.7
68776,2012-11-23,14.5,21.8
68777,2012-11-24,13.3,34.5
68778,2012-11-25,16.4,21.8
68779,2012-11-26,13.7,22.2
68780,2012-11-27,15.2,22.9
68781,2012-11-28,15.3,28.1
68782,2012-11-29,17.8,39.6
68783,2012-11-30,24.1,27.7
68784,2013-01-01,15.4,25.3
68785,2013-01-02,15.3,22.2
68786,2013-01-03,13.7,37.1
68787,2013-01-04,19.5,41.1
68788,2013-01-05,20.0,25.7
68789,2013-01-06,16.7,25.7
68790,2013-01-07,16.2,30.3
68791,2013-01-08,18.3,30.3
68792,2013-01-09,13.1,21.0
68793,2013-01-10,14.2,27.2
68794,2013-01-11,17.3,39.4
68795,2013-01-12,16.6,24.1
68796,2013-01-13,16.2,20.8
68797,2013-01-14,14.1,21.8
68798,2013-01-15,12.5,27.7
68799,2013-01-16,14.9,25.5
68800,2013-01-17,15.6,40.8
68801,2013-01-18,20.5,25.9
68802,2013-01-19,16.9,23.0
68803,2013-01-20,14.5,25.0
68804,2013-01-21,17.1,25.7
68805,2013-01-22,17.9,26.3
68806,2013-01-23,16.5,24.6
68807,2013-01-24,15.0,36.6
68808,2013-01-25,19.4,27.4
68809,2013-01-26,16.3,21.7
68810,2013-01-27,15.0,24.1
68811,2013-01-28,15.9,24.4
68812,2013-01-29,14.5,21.7
68813,2013-01-30,12.2,29.1
68814,2013-01-31,16.2,24.7
68815,2013-03-01,14.4,25.1
68816,2013-03-02,14.9,26.9
68817,2013-03-03,13.9,29.1
68818,2013-03-04,17.3,32.7
68819,2013-03-05,18.0,33.6
68820,2013-03-06,18.8,33.8
68821,2013-03-07,22.0,35.5
68822,2013-03-08,21.1,33.0
68823,2013-03-09,21.9,35.8
68824,2013-03-10,23.3,35.4
68825,2013-03-11,20.6,37.1
68826,2013-03-12,22.3,36.2
68827,2013-03-13,26.5,27.2
68828,2013-03-14,16.1,24.2
68829,2013-03-15,17.8,23.9
68830,2013-03-16,17.0,23.0
68831,2013-03-17,11.5,19.9
68832,2013-03-18,12.5,21.9
68833,2013-03-19,11.4,24.0
68834,2013-03-20,13.0,28.8
68835,2013-03-21,16.2,23.8
68836,2013-03-22,14.7,20.5
68837,2013-03-23,14.8,24.2
68838,2013-03-24,16.5,25.7
68839,2013-03-25,13.7,23.8
68840,2013-03-26,16.2,31.4
68841,2013-03-27,19.2,35.6
68842,2013-03-28,15.6,22.3
68843,2013-03-29,10.9,18.5
68844,2013-03-30,12.0,22.4
68845,2013-03-31,13.9,19.2
68846,2013-04-01,9.5,20.1
68847,2013-04-02,11.7,19.9
68848,2013-04-03,14.0,17.8
68849,2013-04-04,10.2,21.0
68850,2013-04-05,10.0,25.2
68851,2013-04-06,11.9,28.2
68852,2013-04-07,14.1,27.4
68853,2013-04-08,16.9,23.3
68854,2013-04-09,14.1,23.5
68855,2013-04-10,12.3,24.8
68856,2013-04-11,14.6,18.4
68857,2013-04-12,12.0,25.1
68858,2013-04-13,15.3,24.3
68859,2013-04-14,16.4,22.5
68860,2013-04-15,13.8,16.0
68861,2013-04-16,11.5,20.2
68862,2013-04-17,11.6,19.3
68863,2013-04-18,11.1,18.5
68864,2013-04-19,9.8,18.4
68865,2013-04-20,9.8,19.0
68866,2013-04-21,6.9,20.7
68867,2013-04-22,10.9,17.2
68868,2013-04-23,12.0,19.7
68869,2013-04-24,13.6,20.9
68870,2013-04-25,10.8,21.2
68871,2013-04-26,13.9,23.6
68872,2013-04-27,14.7,24.5
68873,2013-04-28,16.6,19.5
68874,2013-04-29,10.6,18.4
68875,2013-04-30,7.9,19.3
68876,2013-05-01,9.3,16.5
68877,2013-05-02,7.0,18.3
68878,2013-05-03,9.3,19.0
68879,2013-05-04,11.3,17.1
68880,2013-05-05,11.3,15.1
68881,2013-05-06,5.7,19.0
68882,2013-05-07,7.2,20.2
68883,2013-05-08,10.5,23.0
68884,2013-05-09,13.5,25.5
68885,2013-05-10,12.7,25.1
68886,2013-05-11,13.5,24.9
68887,2013-05-12,16.5,22.1
68888,2013-05-13,14.3,17.0
68889,2013-05-14,7.8,13.6
68890,2013-05-15,9.3,16.1
68891,2013-05-16,10.3,16.0
68892,2013-05-17,9.8,16.4
68893,2013-05-18,10.0,15.3
68894,2013-05-19,9.1,17.3
68895,2013-05-20,10.7,13.9
68896,2013-05-21,7.4,17.0
68897,2013-05-22,6.3,15.4
68898,2013-05-23,5.6,17.0
68899,2013-05-24,4.9,16.7
68900,2013-05-25,7.9,19.1
68901,2013-05-26,11.1,16.3
68902,2013-05-27,11.7,15.7
68903,2013-05-28,5.2,18.3
68904,2013-05-29,7.2,18.9
68905,2013-05-30,12.1,15.7
68906,2013-05-31,14.0,18.6
68907,2013-06-01,13.7,16.3
68908,2013-06-02,10.3,17.8
68909,2013-06-03,10.3,15.8
68910,2013-06-04,11.8,15.3
68911,2013-06-05,12.0,14.2
68912,2013-06-06,12.5,17.3
68913,2013-06-07,10.9,15.9
68914,2013-06-08,4.9,16.1
68915,2013-06-09,6.1,14.3
68916,2013-06-10,6.8,16.4
68917,2013-06-11,9.7,14.9
68918,2013-06-12,9.4,13.5
68919,2013-06-13,10.8,13.0
68920,2013-06-14,11.0,15.6
68921,2013-06-15,9.7,14.8
68922,2013-06-16,9.3,14.9
68923,2013-06-17,7.2,12.1
68924,2013-06-18,8.5,15.9
68925,2013-06-19,4.8,15.0
68926,2013-06-20,2.3,15.2
68927,2013-06-21,3.2,15.4
68928,2013-06-22,2.9,14.8
68929,2013-06-23,1.5,14.2
68930,2013-06-24,2.1,12.1
68931,2013-06-25,4.0,17.2
68932,2013-06-26,2.9,17.5
68933,2013-06-27,4.7,17.6
68934,2013-06-28,6.7,16.9
68935,2013-06-29,6.7,14.5
68936,2013-06-30,5.4,18.3
68937,2013-07-01,7.4,18.1
68938,2013-07-02,12.7,19.2
68939,2013-07-03,9.9,16.0
68940,2013-07-04,9.6,16.3
68941,2013-07-05,9.0,13.9
68942,2013-07-06,9.4,16.2
68943,2013-07-07,6.3,13.6
68944,2013-07-08,4.3,15.1
68945,2013-07-09,3.1,14.5
68946,2013-07-10,3.1,15.2
68947,2013-07-11,4.2,16.0
68948,2013-07-12,5.9,17.5
68949,2013-07-13,8.0,15.1
68950,2013-07-14,10.8,16.1
68951,2013-07-15,12.5,19.5
68952,2013-07-16,10.6,16.7
68953,2013-07-17,10.5,18.2
68954,2013-07-18,12.9,23.3
68955,2013-07-19,14.3,17.0
68956,2013-07-20,7.9,9.7
68957,2013-07-21,5.7,11.1
68958,2013-07-22,6.4,14.3
68959,2013-07-23,8.0,13.9
68960,2013-07-24,10.6,14.4
68961,2013-07-25,4.1,12.4
68962,2013-07-26,7.8,15.1
68963,2013-07-27,9.3,14.1
68964,2013-07-28,10.5,18.2
68965,2013-07-29,12.2,19.5
68966,2013-07-30,10.3,16.2
68967,2013-07-31,3.6,15.7
68968,2013-08-01,5.2,14.8
68969,2013-08-02,7.7,13.9
68970,2013-08-03,7.2,12.9
68971,2013-08-04,8.3,14.1
68972,2013-08-05,9.4,16.1
68973,2013-08-06,11.0,16.8
68974,2013-08-07,6.9,13.7
68975,2013-08-08,7.0,15.4
68976,2013-08-09,8.3,11.7
68977,2013-08-10,8.8,18.3
68978,2013-08-11,8.4,16.5
68979,2013-08-12,10.5,14.7
68980,2013-08-13,8.4,16.5
68981,2013-08-14,10.7,14.4
68982,2013-08-15,7.4,17.9
68983,2013-08-16,10.5,17.5
68984,2013-08-17,9.4,15.8
68985,2013-08-18,10.9,17.7
68986,2013-08-19,7.6,14.0
68987,2013-08-20,5.3,13.5
68988,2013-08-21,6.8,14.1
68989,2013-08-22,9.4,15.4
68990,2013-08-23,11.1,15.1
68991,2013-08-24,10.3,16.8
68992,2013-08-25,11.5,17.4
68993,2013-08-26,10.9,19.1
68994,2013-08-27,9.1,20.6
68995,2013-08-28,11.3,22.5
68996,2013-08-29,13.9,23.1
68997,2013-08-30,14.6,19.3
68998,2013-08-31,10.6,22.5
68999,2013-09-01,14.5,23.8
69000,2013-09-02,14.8,21.2
69001,2013-09-03,10.6,24.6
69002,2013-09-04,14.2,23.9
69003,2013-09-05,19.7,19.8
69004,2013-09-06,11.8,15.3
69005,2013-09-07,8.8,20.1
69006,2013-09-08,8.8,18.3
69007,2013-09-09,11.5,22.9
69008,2013-09-10,11.9,17.2
69009,2013-09-11,11.2,17.9
69010,2013-09-12,8.5,16.0
69011,2013-09-13,3.9,16.0
69012,2013-09-14,7.8,19.2
69013,2013-09-15,10.4,21.8
69014,2013-09-16,13.0,16.7
69015,2013-09-17,12.0,19.6
69016,2013-09-18,13.1,20.1
69017,2013-09-19,10.2,17.3
69018,2013-09-20,10.3,18.4
69019,2013-09-21,6.4,19.3
69020,2013-09-22,11.2,21.2
69021,2013-09-23,9.9,24.0
69022,2013-09-24,14.9,24.6
69023,2013-09-25,16.5,24.8
69024,2013-09-26,11.6,16.2
69025,2013-09-27,7.2,20.2
69026,2013-09-28,8.8,16.4
69027,2013-09-29,7.6,21.4
69028,2013-09-30,14.3,23.7
69029,2013-10-01,11.6,17.7
69030,2013-10-02,9.8,17.1
69031,2013-10-03,8.2,16.5
69032,2013-10-04,5.8,21.5
69033,2013-10-05,12.8,25.5
69034,2013-10-06,13.5,17.9
69035,2013-10-07,9.3,17.9
69036,2013-10-08,11.0,21.8
69037,2013-10-09,13.6,26.7
69038,2013-10-10,16.4,16.6
69039,2013-10-11,10.0,21.3
69040,2013-10-12,11.3,25.5
69041,2013-10-13,12.3,17.4
69042,2013-10-14,7.6,15.0
69043,2013-10-15,9.4,19.5
69044,2013-10-16,12.9,27.4
69045,2013-10-17,10.8,16.0
69046,2013-10-18,6.6,22.1
69047,2013-10-19,12.2,26.5
69048,2013-10-20,17.3,31.6
69049,2013-10-21,14.8,17.6
69050,2013-10-22,12.3,17.2
69051,2013-10-23,12.9,16.1
69052,2013-10-24,7.2,16.0
69053,2013-10-25,7.5,16.3
69054,2013-10-26,10.2,17.2
69055,2013-10-27,9.9,18.2
69056,2013-10-28,11.3,18.2
69057,2013-10-29,11.7,18.4
69058,2013-10-30,12.2,19.9
69059,2013-10-31,12.3,18.4
69060,2013-11-01,9.5,22.7
69061,2013-11-02,12.8,26.1
69062,2013-11-03,13.3,17.7
69063,2013-11-04,10.3,17.8
69064,2013-11-05,9.1,26.0
69065,2013-11-06,12.2,30.7
69066,2013-11-07,20.2,25.8
69067,2013-11-08,14.4,18.6
69068,2013-11-09,10.3,17.5
69069,2013-11-10,9.7,18.1
69070,2013-11-11,9.8,19.4
69071,2013-11-12,12.4,15.9
69072,2013-11-13,10.0,14.7
69073,2013-11-14,10.7,17.5
69074,2013-11-15,11.6,19.0
69075,2013-11-16,10.7,19.0
69076,2013-11-17,9.6,20.6
69077,2013-11-18,11.5,27.7
69078,2013-11-19,14.7,31.6
69079,2013-11-20,14.4,18.9
69080,2013-11-21,11.9,24.1
69081,2013-11-22,13.3,23.0
69082,2013-11-23,13.1,20.2
69083,2013-11-24,11.7,19.6
69084,2013-11-25,13.2,22.9
69085,2013-11-26,10.3,29.1
69086,2013-11-27,15.7,33.1
69087,2013-11-28,21.8,24.2
69088,2013-11-29,12.0,19.3
69089,2013-11-30,12.3,19.8
69090,2013-12-01,10.1,31.0
69091,2013-12-02,16.6,36.0
69092,2013-12-03,16.9,24.9
69093,2013-12-04,17.2,21.0
69094,2013-12-05,10.7,16.8
69095,2013-12-06,7.9,19.1
69096,2013-12-07,11.0,27.1
69097,2013-12-08,16.3,27.8
69098,2013-12-09,16.3,18.4
69099,2013-12-10,12.5,21.0
69100,2013-12-11,13.7,21.1
69101,2013-12-12,11.0,24.0
69102,2013-12-13,14.4,22.7
69103,2013-12-14,14.4,20.0
69104,2013-12-15,14.0,21.7
69105,2013-12-16,14.8,21.4
69106,2013-12-17,14.2,22.1
69107,2013-12-18,13.9,26.9
69108,2013-12-19,15.7,39.9
69109,2013-12-20,21.3,24.2
69110,2013-12-21,15.1,21.4
69111,2013-12-22,16.6,28.4
69112,2013-12-23,14.6,18.2
69113,2013-12-24,13.5,23.3
69114,2013-12-25,12.3,31.8
69115,2013-12-26,17.7,27.6
69116,2013-12-27,16.4,22.4
69117,2013-12-28,14.8,36.5
69118,2013-12-29,14.4,20.9
69119,2013-12-30,11.6,22.6
69120,2013-12-31,12.0,25.4
69121,2014-01-01,16.2,26.3
69122,2014-01-02,15.2,23.6
69123,2014-01-03,13.9,22.3
69124,2014-01-04,13.4,20.7
69125,2014-01-05,10.9,26.7
69126,2014-01-06,12.7,20.2
69127,2014-01-07,14.0,20.8
69128,2014-01-08,11.7,27.5
69129,2014-01-09,14.3,33.3
69130,2014-01-10,18.3,34.7
69131,2014-01-11,17.8,22.7
69132,2014-01-12,16.5,22.8
69133,2014-01-13,15.2,31.1
69134,2014-01-14,18.3,42.8
69135,2014-01-15,28.6,41.7
69136,2014-01-16,27.0,43.9
69137,2014-01-17,25.6,43.9
69138,2014-01-18,21.5,24.0
69139,2014-01-19,16.2,22.8
69140,2014-01-20,17.0,24.8
69141,2014-01-21,16.8,23.7
69142,2014-01-22,16.2,24.3
69143,2014-01-23,13.6,30.4
69144,2014-01-24,16.9,23.0
69145,2014-01-25,15.5,21.0
69146,2014-01-26,13.0,27.2
69147,2014-01-27,16.9,35.3
69148,2014-01-28,24.5,42.0
69149,2014-01-29,18.4,25.1
69150,2014-01-30,16.0,30.0
69151,2014-01-31,18.6,27.0
69152,2014-02-01,18.6,30.2
69153,2014-02-02,18.3,39.0
69154,2014-02-03,22.7,34.0
69155,2014-02-04,14.8,26.2
69156,2014-02-05,13.9,31.1
69157,2014-02-06,17.4,35.6
69158,2014-02-07,22.9,36.6
69159,2014-02-08,18.6,41.0
69160,2014-02-09,22.2,40.4
69161,2014-02-10,15.9,24.9
69162,2014-02-11,14.6,27.0
69163,2014-02-12,17.1,27.2
69164,2014-02-13,18.9,26.9
69165,2014-02-14,19.4,27.0
69166,2014-02-15,21.0,28.9
69167,2014-02-16,17.1,24.1
69168,2014-02-17,16.2,25.9
69169,2014-02-18,14.5,30.4
69170,2014-02-19,17.5,25.4
69171,2014-02-20,12.6,20.8
69172,2014-02-21,13.2,20.8
69173,2014-02-22,14.2,20.2
69174,2014-02-23,14.2,23.8
69175,2014-02-24,14.6,25.2
69176,2014-02-25,15.5,33.0
69177,2014-02-26,15.1,22.6
69178,2014-02-27,14.4,22.3
69179,2014-02-28,13.8,23.5
69180,2014-03-01,15.9,24.2
69181,2014-03-02,16.9,23.4
69182,2014-03-03,15.7,25.3
69183,2014-03-04,16.0,33.7
69184,2014-03-05,19.5,23.0
69185,2014-03-06,14.3,21.4
69186,2014-03-07,14.3,23.1
69187,2014-03-08,15.0,28.4
69188,2014-03-09,16.5,33.1
69189,2014-03-10,21.3,32.7
69190,2014-03-11,19.3,31.2
69191,2014-03-12,16.7,22.2
69192,2014-03-13,13.7,22.9
69193,2014-03-14,14.9,27.3
69194,2014-03-15,17.3,29.6
69195,2014-03-16,13.7,20.5
69196,2014-03-17,14.2,24.9
69197,2014-03-18,15.9,25.1
69198,2014-03-19,13.7,22.7
69199,2014-03-20,11.2,30.9
69200,2014-03-21,14.6,23.6
69201,2014-03-22,13.3,19.6
69202,2014-03-23,13.9,19.3
69203,2014-03-24,12.5,19.0
69204,2014-03-25,12.1,24.6
69205,2014-03-26,14.1,27.0
69206,2014-03-27,17.1,25.4
69207,2014-03-28,17.1,22.1
69208,2014-03-29,12.7,24.4
69209,2014-03-30,14.6,26.5
69210,2014-03-31,16.6,30.9
69211,2014-04-01,18.9,33.4
69212,2014-04-02,23.0,24.9
69213,2014-04-03,15.1,18.3
69214,2014-04-04,14.6,20.7
69215,2014-04-05,15.0,24.5
69216,2014-04-06,12.5,25.4
69217,2014-04-07,13.3,24.9
69218,2014-04-08,16.6,22.0
69219,2014-04-09,16.7,18.0
69220,2014-04-10,16.5,19.3
69221,2014-04-11,17.0,19.2
69222,2014-04-12,15.5,23.0
69223,2014-04-13,13.0,22.5
69224,2014-04-14,12.5,21.1
69225,2014-04-15,12.6,21.9
69226,2014-04-16,10.0,22.3
69227,2014-04-17,11.2,25.1
69228,2014-04-18,13.9,19.0
69229,2014-04-19,11.7,18.1
69230,2014-04-20,12.7,19.1
69231,2014-04-21,12.5,18.5
69232,2014-04-22,13.3,16.8
69233,2014-04-23,11.9,19.4
69234,2014-04-24,12.3,18.8
69235,2014-04-25,6.5,20.9
69236,2014-04-26,9.0,19.3
69237,2014-04-27,9.5,17.6
69238,2014-04-28,6.5,22.4
69239,2014-04-29,13.9,20.0
69240,2014-04-30,10.5,17.8
69241,2014-05-01,6.3,16.2
69242,2014-05-02,9.1,14.3
69243,2014-05-03,10.1,17.6
69244,2014-05-04,8.7,14.2
69245,2014-05-05,9.8,16.7
69246,2014-05-06,10.7,16.5
69247,2014-05-07,9.7,16.5
69248,2014-05-08,4.3,18.9
69249,2014-05-09,7.0,18.6
69250,2014-05-10,12.1,16.6
69251,2014-05-11,9.7,20.0
69252,2014-05-12,7.8,20.1
69253,2014-05-13,8.3,20.4
69254,2014-05-14,8.7,20.5
69255,2014-05-15,13.9,22.5
69256,2014-05-16,16.8,23.2
69257,2014-05-17,16.8,20.1
69258,2014-05-18,17.3,21.5
69259,2014-05-19,17.4,23.5
69260,2014-05-20,14.2,21.8
69261,2014-05-21,11.0,23.8
69262,2014-05-22,12.5,21.1
69263,2014-05-23,15.5,20.7
69264,2014-05-24,10.9,18.1
69265,2014-05-25,12.2,20.5
69266,2014-05-26,12.3,22.1
69267,2014-05-27,15.8,20.1
69268,2014-05-28,13.0,19.0
69269,2014-05-29,9.8,15.9
69270,2014-05-30,6.4,17.9
69271,2014-05-31,7.0,18.8
69272,2014-06-01,11.4,15.1
69273,2014-06-02,11.5,17.4
69274,2014-06-03,12.6,16.6
69275,2014-06-04,10.8,18.6
69276,2014-06-05,11.9,17.1
69277,2014-06-06,8.5,16.6
69278,2014-06-07,10.5,17.5
69279,2014-06-08,11.2,15.9
69280,2014-06-09,8.6,15.6
69281,2014-06-10,9.7,19.0
69282,2014-06-11,6.9,16.6
69283,2014-06-12,9.2,16.3
69284,2014-06-13,12.2,17.0
69285,2014-06-14,10.3,15.8
69286,2014-06-15,9.9,16.4
69287,2014-06-16,10.4,17.0
69288,2014-06-17,10.1,16.3
69289,2014-06-18,11.1,14.3
69290,2014-06-19,8.0,12.3
69291,2014-06-20,9.3,15.5
69292,2014-06-21,11.3,15.7
69293,2014-06-22,7.7,15.8
69294,2014-06-23,8.5,14.7
69295,2014-06-24,7.1,14.5
69296,2014-06-25,8.6,16.0
69297,2014-06-26,11.2,16.8
69298,2014-06-27,11.0,14.7
69299,2014-06-28,9.6,13.0
69300,2014-06-29,8.8,11.3
69301,2014-06-30,6.5,13.3
69302,2014-07-01,8.3,13.4
69303,2014-07-02,10.8,17.3
69304,2014-07-03,7.7,12.7
69305,2014-07-04,8.2,12.9
69306,2014-07-05,8.6,15.4
69307,2014-07-06,10.3,14.1
69308,2014-07-07,9.0,16.0
69309,2014-07-08,9.2,14.9
69310,2014-07-09,9.3,11.2
69311,2014-07-10,7.7,15.6
69312,2014-07-11,8.0,14.4
69313,2014-07-12,7.2,11.6
69314,2014-07-13,5.2,15.0
69315,2014-07-14,6.9,13.4
69316,2014-07-15,8.3,13.1
69317,2014-07-16,9.7,14.7
69318,2014-07-17,8.8,12.3
69319,2014-07-18,5.9,14.3
69320,2014-07-19,8.5,13.5
69321,2014-07-20,7.9,13.7
69322,2014-07-21,4.9,13.2
69323,2014-07-22,5.6,12.5
69324,2014-07-23,4.5,13.7
69325,2014-07-24,4.5,15.0
69326,2014-07-25,8.8,16.1
69327,2014-07-26,12.3,15.3
69328,2014-07-27,7.0,17.0
69329,2014-07-28,9.7,16.9
69330,2014-07-29,11.4,16.5
69331,2014-07-30,11.9,19.1
69332,2014-07-31,13.7,19.9
69333,2014-08-01,6.0,10.3
69334,2014-08-02,4.7,13.6
69335,2014-08-03,1.4,14.8
69336,2014-08-04,1.8,15.3
69337,2014-08-05,4.4,16.8
69338,2014-08-06,10.6,16.5
69339,2014-08-07,10.7,14.0
69340,2014-08-08,10.7,16.4
69341,2014-08-09,8.1,15.1
69342,2014-08-10,9.4,14.0
69343,2014-08-11,5.8,13.6
69344,2014-08-12,6.4,13.0
69345,2014-08-13,8.1,15.7
69346,2014-08-14,10.0,15.1
69347,2014-08-15,4.0,17.5
69348,2014-08-16,5.9,13.4
69349,2014-08-17,7.5,16.7
69350,2014-08-18,9.9,13.6
69351,2014-08-19,10.7,13.9
69352,2014-08-20,10.2,13.6
69353,2014-08-21,8.4,18.1
69354,2014-08-22,7.2,21.2
69355,2014-08-23,7.3,20.5
69356,2014-08-24,11.0,16.3
69357,2014-08-25,10.7,16.7
69358,2014-08-26,7.8,19.4
69359,2014-08-27,7.1,19.9
69360,2014-08-28,8.1,20.2
69361,2014-08-29,8.0,15.3
69362,2014-08-30,11.2,21.4
69363,2014-08-31,10.8,21.6
69364,2014-09-01,15.0,15.4
69365,2014-09-02,9.1,16.4
69366,2014-09-03,7.8,15.4
69367,2014-09-04,5.7,16.4
69368,2014-09-05,5.0,16.9
69369,2014-09-06,6.3,19.4
69370,2014-09-07,6.6,21.2
69371,2014-09-08,10.8,21.2
69372,2014-09-09,15.6,20.4
69373,2014-09-10,11.4,19.7
69374,2014-09-11,11.5,17.4
69375,2014-09-12,6.3,16.3
69376,2014-09-13,6.6,18.9
69377,2014-09-14,7.3,20.9
69378,2014-09-15,9.3,18.7
69379,2014-09-16,11.2,15.0
69380,2014-09-17,8.9,16.7
69381,2014-09-18,7.7,14.0
69382,2014-09-19,8.6,15.7
69383,2014-09-20,10.0,17.5
69384,2014-09-21,11.7,17.5
69385,2014-09-22,5.6,23.7
69386,2014-09-23,10.2,25.8
69387,2014-09-24,15.2,23.7
69388,2014-09-25,13.6,17.1
69389,2014-09-26,10.7,19.5
69390,2014-09-27,8.8,23.4
69391,2014-09-28,15.5,28.0
69392,2014-09-29,14.4,23.6
69393,2014-09-30,14.2,24.2
69394,2014-10-01,7.1,16.6
69395,2014-10-02,9.4,17.9
69396,2014-10-03,10.8,19.4
69397,2014-10-04,9.0,26.5
69398,2014-10-05,13.9,19.5
69399,2014-10-06,9.3,25.3
69400,2014-10-07,12.2,18.4
69401,2014-10-08,8.8,18.8
69402,2014-10-09,9.8,23.3
69403,2014-10-10,13.6,24.9
69404,2014-10-11,13.9,21.6
69405,2014-10-12,10.3,30.0
69406,2014-10-13,10.2,16.7
69407,2014-10-14,8.6,17.3
69408,2014-10-15,8.4,17.5
69409,2014-10-16,10.8,17.2
69410,2014-10-17,10.6,18.4
69411,2014-10-18,8.7,24.4
69412,2014-10-19,14.7,29.1
69413,2014-10-20,10.8,21.2
69414,2014-10-21,8.3,29.1
69415,2014-10-22,14.0,31.8
69416,2014-10-23,15.2,22.7
69417,2014-10-24,15.2,30.6
69418,2014-10-25,14.6,20.3
69419,2014-10-26,13.9,24.6
69420,2014-10-27,13.8,20.0
69421,2014-10-28,11.5,20.5
69422,2014-10-29,10.9,23.2
69423,2014-10-30,13.7,22.3
69424,2014-10-31,10.8,32.9
69425,2014-11-01,13.6,17.9
69426,2014-11-02,9.0,16.8
69427,2014-11-03,10.5,23.3
69428,2014-11-04,13.3,29.4
69429,2014-11-05,13.0,18.8
69430,2014-11-06,11.0,23.9
69431,2014-11-07,11.6,33.0
69432,2014-11-08,19.3,35.2
69433,2014-11-09,13.1,20.0
69434,2014-11-10,11.6,21.1
69435,2014-11-11,12.8,19.2
69436,2014-11-12,9.5,25.1
69437,2014-11-13,13.3,31.3
69438,2014-11-14,18.9,20.9
69439,2014-11-15,12.4,18.1
69440,2014-11-16,10.9,19.3
69441,2014-11-17,12.4,21.1
69442,2014-11-18,11.3,21.2
69443,2014-11-19,11.6,30.1
69444,2014-11-20,16.2,28.7
69445,2014-11-21,16.8,23.9
69446,2014-11-22,13.4,31.4
69447,2014-11-23,17.0,25.5
69448,2014-11-24,15.7,19.9
69449,2014-11-25,11.0,22.3
69450,2014-11-26,11.8,19.8
69451,2014-11-27,13.2,20.2
69452,2014-11-28,12.1,21.0
69453,2014-11-29,13.3,25.0
69454,2014-11-30,15.5,34.8
69455,2014-12-01,21.1,29.3
69456,2014-12-02,16.7,26.1
69457,2014-12-03,16.5,23.9
69458,2014-12-04,17.6,27.7
69459,2014-12-05,17.7,21.4
69460,2014-12-06,15.6,22.9
69461,2014-12-07,13.8,17.9
69462,2014-12-08,14.0,21.8
69463,2014-12-09,15.5,21.7
69464,2014-12-10,13.7,21.3
69465,2014-12-11,16.3,22.1
69466,2014-12-12,14.3,27.8
69467,2014-12-13,15.1,31.5
69468,2014-12-14,21.4,26.2
69469,2014-12-15,16.7,24.2
69470,2014-12-16,16.6,32.6
69471,2014-12-17,12.2,22.7
69472,2014-12-18,12.1,24.6
69473,2014-12-19,11.3,21.1
69474,2014-12-20,12.6,23.8
69475,2014-12-21,13.7,33.8
69476,2014-12-22,17.9,25.2
69477,2014-12-23,19.9,26.8
69478,2014-12-24,14.4,23.0
69479,2014-12-25,14.4,24.1
69480,2014-12-26,10.9,21.1
69481,2014-12-27,12.2,23.0
69482,2014-12-28,13.4,32.1
69483,2014-12-29,17.5,26.4
69484,2014-12-30,13.4,24.6
69485,2014-12-31,11.9,25.8
69486,2015-01-01,14.0,27.3
69487,2015-01-02,15.9,39.4
69488,2015-01-03,20.8,38.4
69489,2015-01-04,16.4,23.9
69490,2015-01-05,15.6,23.9
69491,2015-01-06,17.6,
69492,2015-01-07,,
69493,2015-01-08,,
69494,2015-01-09,,
69495,2015-01-10,,
69496,2015-01-11,,
69497,2015-01-12,,
69498,2015-01-13,,
69499,2015-01-14,,
69500,2015-01-15,,
69501,2015-01-16,,
69502,2015-01-17,,
69503,2015-01-18,,
69504,2015-01-19,,
69505,2015-01-20,,
69506,2015-01-21,,
69507,2015-01-22,,
69508,2015-01-23,,
69509,2015-01-24,,
69510,2015-01-25,,
69511,2015-01-26,,
69512,2015-01-27,,
69513,2015-01-28,,
69514,2015-01-29,,
69515,2015-01-30,,
69516,2015-01-31,,
69517,2015-02-01,,
69518,2015-02-02,,
69519,2015-02-03,,
69520,2015-02-04,,
69521,2015-02-05,,
69522,2015-02-06,,
69523,2015-02-07,,
69524,2015-02-08,,
69525,2015-02-09,,
69526,2015-02-10,,
69527,2015-02-11,,
69528,2015-02-12,,
69529,2015-02-13,,
69530,2015-02-14,,
69531,2015-02-15,,
69532,2015-02-16,,
69533,2015-02-17,,
69534,2015-02-18,,
69535,2015-02-19,,
69536,2015-02-20,,
69537,2015-02-21,,
69538,2015-02-22,,
69539,2015-02-23,,
69540,2015-02-24,,
69541,2015-02-25,,
69542,2015-02-26,,
69543,2015-02-27,,
69544,2015-02-28,,
69545,2015-03-01,,
69546,2015-03-02,,
69547,2015-03-03,,
69548,2015-03-04,,
69549,2015-03-05,,
69550,2015-03-06,,
69551,2015-03-07,,
69552,2015-03-08,,
69553,2015-03-09,,
69554,2015-03-10,,
69555,2015-03-11,,
69556,2015-03-12,,
69557,2015-03-13,,
69558,2015-03-14,,
69559,2015-03-15,,
69560,2015-03-16,,
69561,2015-03-17,,
69562,2015-03-18,,
69563,2015-03-19,,
69564,2015-03-20,,
69565,2015-03-21,,
69566,2015-03-22,,
69567,2015-03-23,,
69568,2015-03-24,,
69569,2015-03-25,,
69570,2015-03-26,,
69571,2015-03-27,,
69572,2015-03-28,,
69573,2015-03-29,,
69574,2015-03-30,,
69575,2015-03-31,,
69576,2015-04-01,,
69577,2015-04-02,,
69578,2015-04-03,,
69579,2015-04-04,,
69580,2015-04-05,,
69581,2015-04-06,,
69582,2015-04-07,,
69583,2015-04-08,,
69584,2015-04-09,,
69585,2015-04-10,,
69586,2015-04-11,,
69587,2015-04-12,,
69588,2015-04-13,,
69589,2015-04-14,,
69590,2015-04-15,,
69591,2015-04-16,,
69592,2015-04-17,,
69593,2015-04-18,,
69594,2015-04-19,,
69595,2015-04-20,,
69596,2015-04-21,,
69597,2015-04-22,,
69598,2015-04-23,,
69599,2015-04-24,,
69600,2015-04-25,,
69601,2015-04-26,,
69602,2015-04-27,,
69603,2015-04-28,,
69604,2015-04-29,,
69605,2015-04-30,,
69606,2015-05-01,,
69607,2015-05-02,,
69608,2015-05-03,,
69609,2015-05-04,,
69610,2015-05-05,,
69611,2015-05-06,,
69612,2015-05-07,,
69613,2015-05-08,,
69614,2015-05-09,,
69615,2015-05-10,,
69616,2015-05-11,,
69617,2015-05-12,,
69618,2015-05-13,,
69619,2015-05-14,,
69620,2015-05-15,,
69621,2015-05-16,,
69622,2015-05-17,,
69623,2015-05-18,,
69624,2015-05-19,,
69625,2015-05-20,,
69626,2015-05-21,,
69627,2015-05-22,,
69628,2015-05-23,,
69629,2015-05-24,,
69630,2015-05-25,,
69631,2015-05-26,,
69632,2015-05-27,,
69633,2015-05-28,,
69634,2015-05-29,,
69635,2015-05-30,,
69636,2015-05-31,,
69637,2015-06-01,,
69638,2015-06-02,,
69639,2015-06-03,,
69640,2015-06-04,,
69641,2015-06-05,,
69642,2015-06-06,,
69643,2015-06-07,,
69644,2015-06-08,,
69645,2015-06-09,,
69646,2015-06-10,,
69647,2015-06-11,,
69648,2015-06-12,,
69649,2015-06-13,,
69650,2015-06-14,,
69651,2015-06-15,,
69652,2015-06-16,,
69653,2015-06-17,,
69654,2015-06-18,,
69655,2015-06-19,,
69656,2015-06-20,,
69657,2015-06-21,,
69658,2015-06-22,,
69659,2015-06-23,,
69660,2015-06-24,,
69661,2015-06-25,,
69662,2015-06-26,,
69663,2015-06-27,,
69664,2015-06-28,,
69665,2015-06-29,,
69666,2015-06-30,,
69667,2015-07-01,,
69668,2015-07-02,,
69669,2015-07-03,,
69670,2015-07-04,,
69671,2015-07-05,,
69672,2015-07-06,,
69673,2015-07-07,,
69674,2015-07-08,,
69675,2015-07-09,,
69676,2015-07-10,,
69677,2015-07-11,,
69678,2015-07-12,,
69679,2015-07-13,,
69680,2015-07-14,,
69681,2015-07-15,,
69682,2015-07-16,,
69683,2015-07-17,,
69684,2015-07-18,,
69685,2015-07-19,,
69686,2015-07-20,,
69687,2015-07-21,,
69688,2015-07-22,,
69689,2015-07-23,,
69690,2015-07-24,,
69691,2015-07-25,,
69692,2015-07-26,,
69693,2015-07-27,,
69694,2015-07-28,,
69695,2015-07-29,,
69696,2015-07-30,,
69697,2015-07-31,,
69698,2015-08-01,,
69699,2015-08-02,,
69700,2015-08-03,,
69701,2015-08-04,,
69702,2015-08-05,,
69703,2015-08-06,,
69704,2015-08-07,,
69705,2015-08-08,,
69706,2015-08-09,,
69707,2015-08-10,,
69708,2015-08-11,,
69709,2015-08-12,,
69710,2015-08-13,,
69711,2015-08-14,,
69712,2015-08-15,,
69713,2015-08-16,,
69714,2015-08-17,,
69715,2015-08-18,,
69716,2015-08-19,,
69717,2015-08-20,,
69718,2015-08-21,,
69719,2015-08-22,,
69720,2015-08-23,,
69721,2015-08-24,,
69722,2015-08-25,,
69723,2015-08-26,,
69724,2015-08-27,,
69725,2015-08-28,,
69726,2015-08-29,,
69727,2015-08-30,,
69728,2015-08-31,,
69729,2015-09-01,,
69730,2015-09-02,,
69731,2015-09-03,,
69732,2015-09-04,,
69733,2015-09-05,,
69734,2015-09-06,,
69735,2015-09-07,,
69736,2015-09-08,,
69737,2015-09-09,,
69738,2015-09-10,,
69739,2015-09-11,,
69740,2015-09-12,,
69741,2015-09-13,,
69742,2015-09-14,,
69743,2015-09-15,,
69744,2015-09-16,,
69745,2015-09-17,,
69746,2015-09-18,,
69747,2015-09-19,,
69748,2015-09-20,,
69749,2015-09-21,,
69750,2015-09-22,,
69751,2015-09-23,,
69752,2015-09-24,,
69753,2015-09-25,,
69754,2015-09-26,,
69755,2015-09-27,,
69756,2015-09-28,,
69757,2015-09-29,,
69758,2015-09-30,,
69759,2015-10-01,,
69760,2015-10-02,,
69761,2015-10-03,,
69762,2015-10-04,,
69763,2015-10-05,,
69764,2015-10-06,,
69765,2015-10-07,,
69766,2015-10-08,,
69767,2015-10-09,,
69768,2015-10-10,,
69769,2015-10-11,,
69770,2015-10-12,,
69771,2015-10-13,,
69772,2015-10-14,,
69773,2015-10-15,,
69774,2015-10-16,,
69775,2015-10-17,,
69776,2015-10-18,,
69777,2015-10-19,,
69778,2015-10-20,,
69779,2015-10-21,,
69780,2015-10-22,,
69781,2015-10-23,,
69782,2015-10-24,,
69783,2015-10-25,,
69784,2015-10-26,,
69785,2015-10-27,,
69786,2015-10-28,,
69787,2015-10-29,,
69788,2015-10-30,,
69789,2015-10-31,,
69790,2015-11-01,,
69791,2015-11-02,,
69792,2015-11-03,,
69793,2015-11-04,,
69794,2015-11-05,,
69795,2015-11-06,,
69796,2015-11-07,,
69797,2015-11-08,,
69798,2015-11-09,,
69799,2015-11-10,,
69800,2015-11-11,,
69801,2015-11-12,,
69802,2015-11-13,,
69803,2015-11-14,,
69804,2015-11-15,,
69805,2015-11-16,,
69806,2015-11-17,,
69807,2015-11-18,,
69808,2015-11-19,,
69809,2015-11-20,,
69810,2015-11-21,,
69811,2015-11-22,,
69812,2015-11-23,,
69813,2015-11-24,,
69814,2015-11-25,,
69815,2015-11-26,,
69816,2015-11-27,,
69817,2015-11-28,,
69818,2015-11-29,,
69819,2015-11-30,,
69820,2015-12-01,,
69821,2015-12-02,,
69822,2015-12-03,,
69823,2015-12-04,,
69824,2015-12-05,,
69825,2015-12-06,,
69826,2015-12-07,,
69827,2015-12-08,,
69828,2015-12-09,,
69829,2015-12-10,,
69830,2015-12-11,,
69831,2015-12-12,,
69832,2015-12-13,,
69833,2015-12-14,,
69834,2015-12-15,,
69835,2015-12-16,,
69836,2015-12-17,,
69837,2015-12-18,,
69838,2015-12-19,,
69839,2015-12-20,,
69840,2015-12-21,,
69841,2015-12-22,,
69842,2015-12-23,,
69843,2015-12-24,,
69844,2015-12-25,,
69845,2015-12-26,,
69846,2015-12-27,,
69847,2015-12-28,,
69848,2015-12-29,,
69849,2015-12-30,,
69850,2015-12-31,,
69851,2016-01-01,,
69852,2016-01-02,,
69853,2016-01-03,,
69854,2016-01-04,,
69855,2016-01-05,,
69856,2016-01-06,,
69857,2016-01-07,,
69858,2016-01-08,,
69859,2016-01-09,,
69860,2016-01-10,,
69861,2016-01-11,,
69862,2016-01-12,,
69863,2016-01-13,,
69864,2016-01-14,,
69865,2016-01-15,,
69866,2016-01-16,,
69867,2016-01-17,,
69868,2016-01-18,,
69869,2016-01-19,,
69870,2016-01-20,,
69871,2016-01-21,,
69872,2016-01-22,,
69873,2016-01-23,,
69874,2016-01-24,,
69875,2016-01-25,,
69876,2016-01-26,,
69877,2016-01-27,,
69878,2016-01-28,,
69879,2016-01-29,,
69880,2016-01-30,,
69881,2016-01-31,,
69882,2016-02-01,,
69883,2016-02-02,,
69884,2016-02-03,,
69885,2016-02-04,,
69886,2016-02-05,,
69887,2016-02-06,,
69888,2016-02-07,,
69889,2016-02-08,,
69890,2016-02-09,,
69891,2016-02-10,,
69892,2016-02-11,,
69893,2016-02-12,,
69894,2016-02-13,,
69895,2016-02-14,,
69896,2016-02-15,,
69897,2016-02-16,,
69898,2016-02-17,,
69899,2016-02-18,,
69900,2016-02-19,,
69901,2016-02-20,,
69902,2016-02-21,,
69903,2016-02-22,,
69904,2016-02-23,,
69905,2016-02-24,,
69906,2016-02-25,,
69907,2016-02-26,,
69908,2016-02-27,,
69909,2016-02-28,,
69910,2016-02-29,,
69911,2016-03-01,,
69912,2016-03-02,,
69913,2016-03-03,,
69914,2016-03-04,,
69915,2016-03-05,,
69916,2016-03-06,,
69917,2016-03-07,,
69918,2016-03-08,,
69919,2016-03-09,,
69920,2016-03-10,,
69921,2016-03-11,,
69922,2016-03-12,,
69923,2016-03-13,,
69924,2016-03-14,,
69925,2016-03-15,,
69926,2016-03-16,,
69927,2016-03-17,,
69928,2016-03-18,,
69929,2016-03-19,,
69930,2016-03-20,,
69931,2016-03-21,,
69932,2016-03-22,,
69933,2016-03-23,,
69934,2016-03-24,,
69935,2016-03-25,,
69936,2016-03-26,,
69937,2016-03-27,,
69938,2016-03-28,,
69939,2016-03-29,,
69940,2016-03-30,,
69941,2016-03-31,,
69942,2016-04-01,,
69943,2016-04-02,,
69944,2016-04-03,,
69945,2016-04-04,,
69946,2016-04-05,,
69947,2016-04-06,,
69948,2016-04-07,,
69949,2016-04-08,,
69950,2016-04-09,,
69951,2016-04-10,,
69952,2016-04-11,,
69953,2016-04-12,,
69954,2016-04-13,,
69955,2016-04-14,,
69956,2016-04-15,,
69957,2016-04-16,,
69958,2016-04-17,,
69959,2016-04-18,,
69960,2016-04-19,,
69961,2016-04-20,,
69962,2016-04-21,,
69963,2016-04-22,,
69964,2016-04-23,,
69965,2016-04-24,,
69966,2016-04-25,,
69967,2016-04-26,,
69968,2016-04-27,,
69969,2016-04-28,,
69970,2016-04-29,,
69971,2016-04-30,,
69972,2016-05-01,14.4,17.0
69973,2016-05-02,9.0,18.4
69974,2016-05-03,12.3,20.1
69975,2016-05-04,9.8,18.2
69976,2016-05-05,12.6,20.5
69977,2016-05-06,15.9,24.7
69978,2016-05-07,11.4,25.7
69979,2016-05-08,15.5,20.4
69980,2016-05-09,15.4,22.2
69981,2016-05-10,13.7,17.2
69982,2016-05-11,12.2,17.4
69983,2016-05-12,14.1,21.4
69984,2016-05-13,15.9,21.6
69985,2016-05-14,14.5,21.7
69986,2016-05-15,15.0,22.0
69987,2016-05-16,7.7,19.6
69988,2016-05-17,11.4,17.1
69989,2016-05-18,13.0,19.3
69990,2016-05-19,14.6,18.4
69991,2016-05-20,11.6,17.4
69992,2016-05-21,8.1,18.5
69993,2016-05-22,9.2,22.2
69994,2016-05-23,12.8,17.2
69995,2016-05-24,10.7,15.8
69996,2016-05-25,7.6,15.6
69997,2016-05-26,10.3,12.5
69998,2016-05-27,9.2,14.4
69999,2016-05-28,5.7,13.2
70000,2016-05-29,8.7,13.9
70001,2016-05-30,7.2,15.4
70002,2016-05-31,3.6,17.4
70003,2016-06-01,4.8,17.0
70004,2016-06-02,4.8,12.8
70005,2016-06-03,6.8,14.1
70006,2016-06-04,9.8,13.4
70007,2016-06-05,10.5,14.1
70008,2016-06-06,8.9,14.5
70009,2016-06-07,10.5,15.3
70010,2016-06-08,9.7,14.7
70011,2016-06-09,10.8,17.5
70012,2016-06-10,10.4,15.8
70013,2016-06-11,9.0,13.5
70014,2016-06-12,5.0,13.8
70015,2016-06-13,3.8,13.4
70016,2016-06-14,8.6,15.6
70017,2016-06-15,6.0,17.9
70018,2016-06-16,7.8,14.3
70019,2016-06-17,9.3,15.1
70020,2016-06-18,10.0,12.7
70021,2016-06-19,7.3,13.5
70022,2016-06-20,9.1,13.2
70023,2016-06-21,10.4,14.7
70024,2016-06-22,11.2,15.4
70025,2016-06-23,10.4,14.8
70026,2016-06-24,6.9,10.7
70027,2016-06-25,5.6,12.7
70028,2016-06-26,3.0,11.1
70029,2016-06-27,4.8,10.6
70030,2016-06-28,5.0,17.0
70031,2016-06-29,8.9,15.8
70032,2016-06-30,10.3,11.7
70033,2016-07-01,7.3,14.1
70034,2016-07-02,9.9,16.5
70035,2016-07-03,10.9,16.7
70036,2016-07-04,10.4,12.7
70037,2016-07-05,8.2,12.8
70038,2016-07-06,9.8,13.0
70039,2016-07-07,10.5,13.7
70040,2016-07-08,9.7,15.3
70041,2016-07-09,5.3,15.2
70042,2016-07-10,6.5,14.2
70043,2016-07-11,8.3,16.0
70044,2016-07-12,10.7,13.7
70045,2016-07-13,4.5,12.0
70046,2016-07-14,6.6,14.0
70047,2016-07-15,8.8,14.1
70048,2016-07-16,7.8,13.7
70049,2016-07-17,3.1,16.1
70050,2016-07-18,9.6,17.7
70051,2016-07-19,12.6,16.0
70052,2016-07-20,9.8,16.1
70053,2016-07-21,6.9,18.1
70054,2016-07-22,9.2,18.3
70055,2016-07-23,7.5,11.6
70056,2016-07-24,4.7,11.4
70057,2016-07-25,6.3,14.3
70058,2016-07-26,6.5,11.0
70059,2016-07-27,7.5,12.9
70060,2016-07-28,6.9,15.2
70061,2016-07-29,10.2,15.3
70062,2016-07-30,9.1,13.8
70063,2016-07-31,10.3,17.0
70064,2016-08-01,11.2,14.4
70065,2016-08-02,8.5,13.4
70066,2016-08-03,8.7,12.8
70067,2016-08-04,4.9,14.6
70068,2016-08-05,3.4,14.6
70069,2016-08-06,5.8,14.4
70070,2016-08-07,7.6,16.6
70071,2016-08-08,5.0,14.2
70072,2016-08-09,9.7,18.9
70073,2016-08-10,9.6,15.3
70074,2016-08-11,6.8,15.7
70075,2016-08-12,7.7,14.1
70076,2016-08-13,7.9,15.1
70077,2016-08-14,8.5,18.7
70078,2016-08-15,10.2,18.1
70079,2016-08-16,10.0,18.2
70080,2016-08-17,12.5,15.6
70081,2016-08-18,7.1,21.6
70082,2016-08-19,15.3,16.4
70083,2016-08-20,6.9,13.6
70084,2016-08-21,9.5,14.8
70085,2016-08-22,7.8,16.0
70086,2016-08-23,7.0,13.4
70087,2016-08-24,3.7,12.7
70088,2016-08-25,6.5,13.0
70089,2016-08-26,7.2,14.4
70090,2016-08-27,9.3,16.3
70091,2016-08-28,10.5,19.0
70092,2016-08-29,8.7,20.4
70093,2016-08-30,10.2,16.8
70094,2016-08-31,12.8,20.2
70095,2016-09-01,11.6,15.5
70096,2016-09-02,9.6,15.0
70097,2016-09-03,10.0,15.7
70098,2016-09-04,10.1,16.9
70099,2016-09-05,12.8,18.4
70100,2016-09-06,9.2,21.5
70101,2016-09-07,9.6,21.0
70102,2016-09-08,13.1,23.3
70103,2016-09-09,16.0,16.7
70104,2016-09-10,11.5,14.3
70105,2016-09-11,7.3,17.0
70106,2016-09-12,9.9,13.6
70107,2016-09-13,9.6,14.6
70108,2016-09-14,10.5,16.1
70109,2016-09-15,8.7,14.6
70110,2016-09-16,9.0,15.7
70111,2016-09-17,11.1,19.8
70112,2016-09-18,10.8,12.5
70113,2016-09-19,8.5,16.3
70114,2016-09-20,9.1,18.8
70115,2016-09-21,10.9,15.2
70116,2016-09-22,9.6,13.4
70117,2016-09-23,9.8,16.5
70118,2016-09-24,10.0,20.1
70119,2016-09-25,9.5,14.7
70120,2016-09-26,8.1,16.9
70121,2016-09-27,7.4,14.8
70122,2016-09-28,7.5,19.3
70123,2016-09-29,12.5,16.7
70124,2016-09-30,9.3,16.4
70125,2016-10-01,11.6,18.6
70126,2016-10-02,12.1,24.0
70127,2016-10-03,11.1,15.9
70128,2016-10-04,10.6,17.1
70129,2016-10-05,8.0,17.1
70130,2016-10-06,9.7,27.2
70131,2016-10-07,14.1,22.5
70132,2016-10-08,9.7,16.9
70133,2016-10-09,9.5,22.0
70134,2016-10-10,13.0,16.8
70135,2016-10-11,7.5,15.1
70136,2016-10-12,10.2,15.4
70137,2016-10-13,6.8,14.6
70138,2016-10-14,5.2,22.7
70139,2016-10-15,9.4,24.8
70140,2016-10-16,17.4,23.1
70141,2016-10-17,9.8,18.9
70142,2016-10-18,9.6,16.6
70143,2016-10-19,7.5,16.5
70144,2016-10-20,6.8,21.8
70145,2016-10-21,14.8,17.6
70146,2016-10-22,6.9,13.2
70147,2016-10-23,7.9,14.1
70148,2016-10-24,9.4,17.1
70149,2016-10-25,9.6,25.7
70150,2016-10-26,16.5,18.5
70151,2016-10-27,10.1,15.4
70152,2016-10-28,6.3,16.6
70153,2016-10-29,9.3,25.6
70154,2016-10-30,12.7,28.0
70155,2016-10-31,7.9,17.5
70156,2016-11-01,9.4,18.4
70157,2016-11-02,9.7,18.5
70158,2016-11-03,10.0,19.1
70159,2016-11-04,10.2,29.2
70160,2016-11-05,10.0,16.8
70161,2016-11-06,11.5,21.4
70162,2016-11-07,14.6,25.9
70163,2016-11-08,11.0,18.2
70164,2016-11-09,9.2,17.4
70165,2016-11-10,11.9,17.5
70166,2016-11-11,8.4,23.8
70167,2016-11-12,13.2,25.5
70168,2016-11-13,11.7,19.0
70169,2016-11-14,11.5,15.9
70170,2016-11-15,11.0,19.2
70171,2016-11-16,11.9,21.6
70172,2016-11-17,12.0,31.4
70173,2016-11-18,15.3,18.9
70174,2016-11-19,11.7,19.4
70175,2016-11-20,11.9,33.3
70176,2016-11-21,17.9,35.0
70177,2016-11-22,14.5,14.9
70178,2016-11-23,11.0,16.8
70179,2016-11-24,10.3,17.0
70180,2016-11-25,10.9,17.9
70181,2016-11-26,12.2,17.4
70182,2016-11-27,11.6,16.3
70183,2016-11-28,12.2,19.6
70184,2016-11-29,10.4,20.0
70185,2016-11-30,13.3,18.9
70186,2016-12-01,12.9,21.9
70187,2016-12-02,13.0,21.6
70188,2016-12-03,9.9,23.9
70189,2016-12-04,12.7,31.7
70190,2016-12-05,16.9,21.5
70191,2016-12-06,12.8,20.8
70192,2016-12-07,10.5,28.3
70193,2016-12-08,15.4,23.2
70194,2016-12-09,10.0,17.3
70195,2016-12-10,11.2,18.8
70196,2016-12-11,12.9,19.3
70197,2016-12-12,10.7,32.8
70198,2016-12-13,16.5,36.3
70199,2016-12-14,15.7,19.3
70200,2016-12-15,11.7,18.6
70201,2016-12-16,9.7,25.5
70202,2016-12-17,15.1,20.9
70203,2016-12-18,10.0,17.5
70204,2016-12-19,8.8,30.2
70205,2016-12-20,14.4,21.5
70206,2016-12-21,13.5,19.9
70207,2016-12-22,14.6,20.0
70208,2016-12-23,12.5,26.3
70209,2016-12-24,16.2,34.9
70210,2016-12-25,16.4,36.3
70211,2016-12-26,25.4,29.3
70212,2016-12-27,18.0,29.8
70213,2016-12-28,20.3,38.2
70214,2016-12-29,27.0,33.5
70215,2016-12-30,20.1,27.8
70216,2016-12-31,17.3,23.8
70217,2017-01-01,16.8,21.1
70218,2017-01-02,14.8,17.8
70219,2017-01-03,14.6,19.5
70220,2017-01-04,13.3,29.3
70221,2017-01-05,18.5,31.7
70222,2017-01-06,18.3,35.2
70223,2017-01-07,20.9,36.7
70224,2017-01-08,28.0,33.1
70225,2017-01-09,18.5,24.4
70226,2017-01-10,17.7,26.2
70227,2017-01-11,16.6,24.3
70228,2017-01-12,14.9,26.5
70229,2017-01-13,17.5,28.8
70230,2017-01-14,15.2,23.5
70231,2017-01-15,15.2,21.5
70232,2017-01-16,12.2,32.7
70233,2017-01-17,16.4,37.8
70234,2017-01-18,15.6,20.8
70235,2017-01-19,11.0,23.4
70236,2017-01-20,16.1,20.8
70237,2017-01-21,15.3,22.6
70238,2017-01-22,12.7,29.6
70239,2017-01-23,17.8,36.7
70240,2017-01-24,19.1,22.0
70241,2017-01-25,13.5,21.1
70242,2017-01-26,16.4,21.2
70243,2017-01-27,17.0,23.6
70244,2017-01-28,15.0,29.2
70245,2017-01-29,15.1,27.0
70246,2017-01-30,17.8,30.0
70247,2017-01-31,16.5,22.1
70248,2017-02-01,14.3,20.6
70249,2017-02-02,14.2,24.1
70250,2017-02-03,15.4,27.6
70251,2017-02-04,14.6,35.9
70252,2017-02-05,18.5,30.7
70253,2017-02-06,15.1,18.0
70254,2017-02-07,15.4,27.6
70255,2017-02-08,16.5,36.0
70256,2017-02-09,20.3,36.0
70257,2017-02-10,18.7,27.1
70258,2017-02-11,18.5,24.6
70259,2017-02-12,15.1,19.9
70260,2017-02-13,14.0,21.0
70261,2017-02-14,14.5,19.5
70262,2017-02-15,10.0,31.5
70263,2017-02-16,14.9,23.6
70264,2017-02-17,13.7,25.5
70265,2017-02-18,13.3,18.9
70266,2017-02-19,11.7,17.3
70267,2017-02-20,11.6,20.3
70268,2017-02-21,10.1,24.0
70269,2017-02-22,12.8,33.3
70270,2017-02-23,15.9,25.0
70271,2017-02-24,15.8,20.0
70272,2017-02-25,13.7,19.4
70273,2017-02-26,13.2,29.8
70274,2017-02-27,15.6,33.1
70275,2017-02-28,17.3,33.6
70276,2017-03-01,16.6,30.5
70277,2017-03-02,17.7,23.3
70278,2017-03-03,18.1,28.6
70279,2017-03-04,16.1,27.4
70280,2017-03-05,17.6,25.4
70281,2017-03-06,17.7,27.4
70282,2017-03-07,15.0,28.2
70283,2017-03-08,14.2,31.5
70284,2017-03-09,15.0,32.3
70285,2017-03-10,18.5,23.8
70286,2017-03-11,18.0,26.4
70287,2017-03-12,17.9,27.1
70288,2017-03-13,15.7,24.3
70289,2017-03-14,18.8,32.7
70290,2017-03-15,20.8,33.2
70291,2017-03-16,21.7,23.0
70292,2017-03-17,15.8,22.1
70293,2017-03-18,12.4,30.8
70294,2017-03-19,14.5,33.5
70295,2017-03-20,19.3,28.0
70296,2017-03-21,19.9,26.1
70297,2017-03-22,17.8,21.8
70298,2017-03-23,16.2,25.1
70299,2017-03-24,13.9,24.7
70300,2017-03-25,15.3,29.7
70301,2017-03-26,19.3,26.7
70302,2017-03-27,19.3,31.9
70303,2017-03-28,11.9,24.3
70304,2017-03-29,13.9,27.2
70305,2017-03-30,10.2,17.9
70306,2017-03-31,10.1,17.9
70307,2017-04-01,10.0,19.0
70308,2017-04-02,11.7,18.2
70309,2017-04-03,8.2,21.5
70310,2017-04-04,10.0,24.4
70311,2017-04-05,11.0,25.4
70312,2017-04-06,12.0,26.6
70313,2017-04-07,12.7,26.2
70314,2017-04-08,18.6,28.1
70315,2017-04-09,11.7,15.2
70316,2017-04-10,9.0,17.0
70317,2017-04-11,12.3,18.5
70318,2017-04-12,10.8,19.3
70319,2017-04-13,10.9,22.2
70320,2017-04-14,13.0,17.9
70321,2017-04-15,11.8,17.3
70322,2017-04-16,9.9,22.6
70323,2017-04-17,11.1,18.3
70324,2017-04-18,9.5,20.4
70325,2017-04-19,13.0,26.9
70326,2017-04-20,14.6,26.5
70327,2017-04-21,16.5,20.9
70328,2017-04-22,16.9,22.5
70329,2017-04-23,14.4,21.8
70330,2017-04-24,15.9,24.7
70331,2017-04-25,16.2,17.7
70332,2017-04-26,10.1,14.5
70333,2017-04-27,8.3,15.6
70334,2017-04-28,9.4,19.8
70335,2017-04-29,14.9,18.1
70336,2017-04-30,13.6,17.8
70337,2017-05-01,13.6,20.4
70338,2017-05-02,10.4,15.2
70339,2017-05-03,7.4,15.3
70340,2017-05-04,5.8,16.9
70341,2017-05-05,6.2,20.5
70342,2017-05-06,9.6,20.0
70343,2017-05-07,8.9,14.8
70344,2017-05-08,10.1,15.8
70345,2017-05-09,10.9,15.9
70346,2017-05-10,8.1,17.7
70347,2017-05-11,6.1,16.5
70348,2017-05-12,5.9,19.5
70349,2017-05-13,8.4,15.6
70350,2017-05-14,6.4,15.1
70351,2017-05-15,6.3,16.9
70352,2017-05-16,5.6,18.2
70353,2017-05-17,7.6,17.0
70354,2017-05-18,10.7,20.2
70355,2017-05-19,10.2,17.8
70356,2017-05-20,10.2,19.3
70357,2017-05-21,10.8,18.7
70358,2017-05-22,10.4,20.3
70359,2017-05-23,12.8,19.3
70360,2017-05-24,11.7,17.1
70361,2017-05-25,13.7,18.5
70362,2017-05-26,13.1,18.0
70363,2017-05-27,11.9,17.8
70364,2017-05-28,10.2,15.3
70365,2017-05-29,7.7,14.8
70366,2017-05-30,9.3,13.1
70367,2017-05-31,6.7,13.0
70368,2017-06-01,7.9,13.9
70369,2017-06-02,8.0,14.7
70370,2017-06-03,9.9,14.3
70371,2017-06-04,4.4,15.8
70372,2017-06-05,5.6,17.5
70373,2017-06-06,8.7,13.9
70374,2017-06-07,5.9,14.3
70375,2017-06-08,3.6,15.0
70376,2017-06-09,6.6,15.0
70377,2017-06-10,7.0,15.8
70378,2017-06-11,3.4,15.5
70379,2017-06-12,6.0,15.9
70380,2017-06-13,8.8,15.1
70381,2017-06-14,4.0,17.4
70382,2017-06-15,7.7,19.0
70383,2017-06-16,6.6,17.1
70384,2017-06-17,4.2,15.5
70385,2017-06-18,5.4,16.3
70386,2017-06-19,7.1,16.1
70387,2017-06-20,6.4,15.8
70388,2017-06-21,7.8,13.5
70389,2017-06-22,6.7,14.1
70390,2017-06-23,7.4,14.9
70391,2017-06-24,8.3,12.3
70392,2017-06-25,8.6,14.3
