,Date,Rainfall,Day,Month,Year
67384,2009-01-01,0.0,1,1,2009
67385,2009-01-02,0.2,2,1,2009
67386,2009-01-03,0.6,3,1,2009
67387,2009-01-04,0.0,4,1,2009
67388,2009-01-05,0.0,5,1,2009
67389,2009-01-06,0.0,6,1,2009
67390,2009-01-07,0.0,7,1,2009
67391,2009-01-08,0.0,8,1,2009
67392,2009-01-09,0.0,9,1,2009
67393,2009-01-10,0.0,10,1,2009
67394,2009-01-11,0.0,11,1,2009
67395,2009-01-12,0.0,12,1,2009
67396,2009-01-13,0.0,13,1,2009
67397,2009-01-14,0.0,14,1,2009
67398,2009-01-15,0.0,15,1,2009
67399,2009-01-16,0.0,16,1,2009
67400,2009-01-17,0.0,17,1,2009
67401,2009-01-18,0.0,18,1,2009
67402,2009-01-19,0.0,19,1,2009
67403,2009-01-20,0.0,20,1,2009
67404,2009-01-21,0.0,21,1,2009
67405,2009-01-22,0.0,22,1,2009
67406,2009-01-23,0.0,23,1,2009
67407,2009-01-24,0.0,24,1,2009
67408,2009-01-25,0.0,25,1,2009
67409,2009-01-26,0.0,26,1,2009
67410,2009-01-27,0.0,27,1,2009
67411,2009-01-28,0.0,28,1,2009
67412,2009-01-29,0.0,29,1,2009
67413,2009-01-30,0.0,30,1,2009
67414,2009-01-31,0.0,31,1,2009
67415,2009-02-01,0.0,1,2,2009
67416,2009-02-02,0.0,2,2,2009
67417,2009-02-03,0.0,3,2,2009
67418,2009-02-04,0.0,4,2,2009
67419,2009-02-05,0.0,5,2,2009
67420,2009-02-06,0.0,6,2,2009
67421,2009-02-07,0.0,7,2,2009
67422,2009-02-08,0.8,8,2,2009
67423,2009-02-09,0.6,9,2,2009
67424,2009-02-10,0.0,10,2,2009
67425,2009-02-11,0.0,11,2,2009
67426,2009-02-12,0.0,12,2,2009
67427,2009-02-13,0.0,13,2,2009
67428,2009-02-14,0.0,14,2,2009
67429,2009-02-15,0.0,15,2,2009
67430,2009-02-16,0.0,16,2,2009
67431,2009-02-17,0.0,17,2,2009
67432,2009-02-18,0.0,18,2,2009
67433,2009-02-19,0.0,19,2,2009
67434,2009-02-20,0.0,20,2,2009
67435,2009-02-21,0.2,21,2,2009
67436,2009-02-22,0.0,22,2,2009
67437,2009-02-23,0.0,23,2,2009
67438,2009-02-24,0.0,24,2,2009
67439,2009-02-25,1.2,25,2,2009
67440,2009-02-26,0.2,26,2,2009
67441,2009-02-27,0.0,27,2,2009
67442,2009-02-28,0.0,28,2,2009
67443,2009-03-01,1.6,1,3,2009
67444,2009-03-02,0.0,2,3,2009
67445,2009-03-03,0.8,3,3,2009
67446,2009-03-04,2.4,4,3,2009
67447,2009-03-05,2.0,5,3,2009
67448,2009-03-06,6.6,6,3,2009
67449,2009-03-07,0.4,7,3,2009
67450,2009-03-08,0.0,8,3,2009
67451,2009-03-09,0.0,9,3,2009
67452,2009-03-10,0.0,10,3,2009
67453,2009-03-11,0.0,11,3,2009
67454,2009-03-12,5.4,12,3,2009
67455,2009-03-13,3.0,13,3,2009
67456,2009-03-14,0.4,14,3,2009
67457,2009-03-15,20.4,15,3,2009
67458,2009-03-16,0.4,16,3,2009
67459,2009-03-17,0.2,17,3,2009
67460,2009-03-18,0.0,18,3,2009
67461,2009-03-19,0.0,19,3,2009
67462,2009-03-20,0.0,20,3,2009
67463,2009-03-21,0.0,21,3,2009
67464,2009-03-22,0.0,22,3,2009
67465,2009-03-23,1.6,23,3,2009
67466,2009-03-24,0.0,24,3,2009
67467,2009-03-25,2.4,25,3,2009
67468,2009-03-26,0.0,26,3,2009
67469,2009-03-27,0.0,27,3,2009
67470,2009-03-28,0.0,28,3,2009
67471,2009-03-29,0.0,29,3,2009
67472,2009-03-30,0.0,30,3,2009
67473,2009-03-31,0.0,31,3,2009
67474,2009-04-01,0.0,1,4,2009
67475,2009-04-02,0.0,2,4,2009
67476,2009-04-03,0.0,3,4,2009
67477,2009-04-04,18.0,4,4,2009
67478,2009-04-05,0.0,5,4,2009
67479,2009-04-06,0.2,6,4,2009
67480,2009-04-07,2.2,7,4,2009
67481,2009-04-08,1.6,8,4,2009
67482,2009-04-09,0.0,9,4,2009
67483,2009-04-10,0.0,10,4,2009
67484,2009-04-11,0.0,11,4,2009
67485,2009-04-12,0.0,12,4,2009
67486,2009-04-13,0.0,13,4,2009
67487,2009-04-14,0.0,14,4,2009
67488,2009-04-15,1.2,15,4,2009
67489,2009-04-16,0.0,16,4,2009
67490,2009-04-17,0.0,17,4,2009
67491,2009-04-18,0.0,18,4,2009
67492,2009-04-19,0.0,19,4,2009
67493,2009-04-20,0.0,20,4,2009
67494,2009-04-21,0.0,21,4,2009
67495,2009-04-22,0.0,22,4,2009
67496,2009-04-23,0.0,23,4,2009
67497,2009-04-24,0.0,24,4,2009
67498,2009-04-25,3.4,25,4,2009
67499,2009-04-26,2.6,26,4,2009
67500,2009-04-27,1.8,27,4,2009
67501,2009-04-28,6.6,28,4,2009
67502,2009-04-29,1.6,29,4,2009
67503,2009-04-30,0.0,30,4,2009
67504,2009-05-01,0.0,1,5,2009
67505,2009-05-02,0.0,2,5,2009
67506,2009-05-03,0.0,3,5,2009
67507,2009-05-04,0.0,4,5,2009
67508,2009-05-05,0.0,5,5,2009
67509,2009-05-06,0.0,6,5,2009
67510,2009-05-07,0.0,7,5,2009
67511,2009-05-08,0.2,8,5,2009
67512,2009-05-09,3.2,9,5,2009
67513,2009-05-10,0.0,10,5,2009
67514,2009-05-11,0.2,11,5,2009
67515,2009-05-12,0.0,12,5,2009
67516,2009-05-13,0.2,13,5,2009
67517,2009-05-14,0.0,14,5,2009
67518,2009-05-15,0.0,15,5,2009
67519,2009-05-16,0.4,16,5,2009
67520,2009-05-17,0.0,17,5,2009
67521,2009-05-18,0.0,18,5,2009
67522,2009-05-19,0.0,19,5,2009
67523,2009-05-20,0.0,20,5,2009
67524,2009-05-21,0.0,21,5,2009
67525,2009-05-22,0.0,22,5,2009
67526,2009-05-23,0.0,23,5,2009
67527,2009-05-24,0.0,24,5,2009
67528,2009-05-25,0.0,25,5,2009
67529,2009-05-26,4.0,26,5,2009
67530,2009-05-27,0.0,27,5,2009
67531,2009-05-28,0.6,28,5,2009
67532,2009-05-29,1.8,29,5,2009
67533,2009-05-30,0.0,30,5,2009
67534,2009-05-31,0.0,31,5,2009
67535,2009-06-01,0.0,1,6,2009
67536,2009-06-02,0.2,2,6,2009
67537,2009-06-03,1.8,3,6,2009
67538,2009-06-04,1.8,4,6,2009
67539,2009-06-05,0.0,5,6,2009
67540,2009-06-06,0.0,6,6,2009
67541,2009-06-07,0.6,7,6,2009
67542,2009-06-08,1.6,8,6,2009
67543,2009-06-09,3.2,9,6,2009
67544,2009-06-10,7.0,10,6,2009
67545,2009-06-11,6.6,11,6,2009
67546,2009-06-12,0.0,12,6,2009
67547,2009-06-13,0.0,13,6,2009
67548,2009-06-14,0.2,14,6,2009
67549,2009-06-15,0.0,15,6,2009
67550,2009-06-16,0.0,16,6,2009
67551,2009-06-17,0.0,17,6,2009
67552,2009-06-18,0.0,18,6,2009
67553,2009-06-19,0.0,19,6,2009
67554,2009-06-20,0.0,20,6,2009
67555,2009-06-21,0.0,21,6,2009
67556,2009-06-22,1.2,22,6,2009
67557,2009-06-23,0.0,23,6,2009
67558,2009-06-24,1.6,24,6,2009
67559,2009-06-25,0.0,25,6,2009
67560,2009-06-26,0.0,26,6,2009
67561,2009-06-27,0.0,27,6,2009
67562,2009-06-28,0.0,28,6,2009
67563,2009-06-29,0.0,29,6,2009
67564,2009-06-30,0.0,30,6,2009
67565,2009-07-01,2.6,1,7,2009
67566,2009-07-02,0.2,2,7,2009
67567,2009-07-03,7.2,3,7,2009
67568,2009-07-04,1.2,4,7,2009
67569,2009-07-05,1.0,5,7,2009
67570,2009-07-06,0.0,6,7,2009
67571,2009-07-07,0.4,7,7,2009
67572,2009-07-08,0.0,8,7,2009
67573,2009-07-09,0.0,9,7,2009
67574,2009-07-10,0.0,10,7,2009
67575,2009-07-11,2.2,11,7,2009
67576,2009-07-12,0.6,12,7,2009
67577,2009-07-13,0.0,13,7,2009
67578,2009-07-14,1.0,14,7,2009
67579,2009-07-15,0.0,15,7,2009
67580,2009-07-16,0.0,16,7,2009
67581,2009-07-17,0.0,17,7,2009
67582,2009-07-18,0.0,18,7,2009
67583,2009-07-19,0.0,19,7,2009
67584,2009-07-20,0.0,20,7,2009
67585,2009-07-21,0.0,21,7,2009
67586,2009-07-22,0.0,22,7,2009
67587,2009-07-23,15.6,23,7,2009
67588,2009-07-24,0.0,24,7,2009
67589,2009-07-25,0.0,25,7,2009
67590,2009-07-26,0.0,26,7,2009
67591,2009-07-27,0.0,27,7,2009
67592,2009-07-28,0.0,28,7,2009
67593,2009-07-29,0.0,29,7,2009
67594,2009-07-30,0.4,30,7,2009
67595,2009-07-31,7.2,31,7,2009
67596,2009-08-01,0.2,1,8,2009
67597,2009-08-02,0.4,2,8,2009
67598,2009-08-03,3.2,3,8,2009
67599,2009-08-04,0.0,4,8,2009
67600,2009-08-05,5.2,5,8,2009
67601,2009-08-06,0.0,6,8,2009
67602,2009-08-07,1.0,7,8,2009
67603,2009-08-08,0.0,8,8,2009
67604,2009-08-09,0.0,9,8,2009
67605,2009-08-10,0.0,10,8,2009
67606,2009-08-11,0.6,11,8,2009
67607,2009-08-12,5.8,12,8,2009
67608,2009-08-13,0.4,13,8,2009
67609,2009-08-14,1.0,14,8,2009
67610,2009-08-15,0.0,15,8,2009
67611,2009-08-16,0.0,16,8,2009
67612,2009-08-17,5.4,17,8,2009
67613,2009-08-18,0.0,18,8,2009
67614,2009-08-19,0.0,19,8,2009
67615,2009-08-20,2.8,20,8,2009
67616,2009-08-21,1.0,21,8,2009
67617,2009-08-22,0.2,22,8,2009
67618,2009-08-23,0.0,23,8,2009
67619,2009-08-24,0.2,24,8,2009
67620,2009-08-25,5.6,25,8,2009
67621,2009-08-26,4.0,26,8,2009
67622,2009-08-27,0.0,27,8,2009
67623,2009-08-28,0.0,28,8,2009
67624,2009-08-29,0.0,29,8,2009
67625,2009-08-30,4.2,30,8,2009
67626,2009-08-31,0.0,31,8,2009
67627,2009-09-01,1.6,1,9,2009
67628,2009-09-02,0.0,2,9,2009
67629,2009-09-03,0.0,3,9,2009
67630,2009-09-04,1.4,4,9,2009
67631,2009-09-05,2.6,5,9,2009
67632,2009-09-06,0.0,6,9,2009
67633,2009-09-07,0.8,7,9,2009
67634,2009-09-08,4.8,8,9,2009
67635,2009-09-09,0.8,9,9,2009
67636,2009-09-10,0.0,10,9,2009
67637,2009-09-11,0.0,11,9,2009
67638,2009-09-12,0.0,12,9,2009
67639,2009-09-13,0.0,13,9,2009
67640,2009-09-14,0.0,14,9,2009
67641,2009-09-15,0.0,15,9,2009
67642,2009-09-16,0.0,16,9,2009
67643,2009-09-17,0.0,17,9,2009
67644,2009-09-18,12.6,18,9,2009
67645,2009-09-19,0.0,19,9,2009
67646,2009-09-20,2.6,20,9,2009
67647,2009-09-21,0.0,21,9,2009
67648,2009-09-22,16.6,22,9,2009
67649,2009-09-23,0.0,23,9,2009
67650,2009-09-24,0.4,24,9,2009
67651,2009-09-25,8.0,25,9,2009
67652,2009-09-26,11.8,26,9,2009
67653,2009-09-27,2.0,27,9,2009
67654,2009-09-28,3.6,28,9,2009
67655,2009-09-29,1.6,29,9,2009
67656,2009-09-30,0.0,30,9,2009
67657,2009-10-01,0.0,1,10,2009
67658,2009-10-02,0.0,2,10,2009
67659,2009-10-03,0.0,3,10,2009
67660,2009-10-04,0.0,4,10,2009
67661,2009-10-05,0.0,5,10,2009
67662,2009-10-06,3.0,6,10,2009
67663,2009-10-07,0.8,7,10,2009
67664,2009-10-08,0.4,8,10,2009
67665,2009-10-09,0.0,9,10,2009
67666,2009-10-10,0.0,10,10,2009
67667,2009-10-11,0.0,11,10,2009
67668,2009-10-12,0.8,12,10,2009
67669,2009-10-13,0.8,13,10,2009
67670,2009-10-14,3.2,14,10,2009
67671,2009-10-15,1.8,15,10,2009
67672,2009-10-16,5.4,16,10,2009
67673,2009-10-17,1.2,17,10,2009
67674,2009-10-18,0.0,18,10,2009
67675,2009-10-19,0.0,19,10,2009
67676,2009-10-20,0.0,20,10,2009
67677,2009-10-21,0.0,21,10,2009
67678,2009-10-22,0.0,22,10,2009
67679,2009-10-23,0.0,23,10,2009
67680,2009-10-24,0.0,24,10,2009
67681,2009-10-25,0.0,25,10,2009
67682,2009-10-26,0.0,26,10,2009
67683,2009-10-27,0.0,27,10,2009
67684,2009-10-28,0.0,28,10,2009
67685,2009-10-29,0.0,29,10,2009
67686,2009-10-30,0.6,30,10,2009
67687,2009-10-31,4.0,31,10,2009
67688,2009-11-01,4.6,1,11,2009
67689,2009-11-02,0.0,2,11,2009
67690,2009-11-03,0.8,3,11,2009
67691,2009-11-04,0.0,4,11,2009
67692,2009-11-05,0.0,5,11,2009
67693,2009-11-06,0.0,6,11,2009
67694,2009-11-07,0.0,7,11,2009
67695,2009-11-08,0.0,8,11,2009
67696,2009-11-09,0.0,9,11,2009
67697,2009-11-10,0.0,10,11,2009
67698,2009-11-11,0.0,11,11,2009
67699,2009-11-12,0.0,12,11,2009
67700,2009-11-13,0.0,13,11,2009
67701,2009-11-14,0.0,14,11,2009
67702,2009-11-15,0.0,15,11,2009
67703,2009-11-16,0.0,16,11,2009
67704,2009-11-17,0.0,17,11,2009
67705,2009-11-18,0.0,18,11,2009
67706,2009-11-19,0.0,19,11,2009
67707,2009-11-20,0.0,20,11,2009
67708,2009-11-21,1.2,21,11,2009
67709,2009-11-22,45.8,22,11,2009
67710,2009-11-23,16.0,23,11,2009
67711,2009-11-24,0.0,24,11,2009
67712,2009-11-25,0.0,25,11,2009
67713,2009-11-26,3.6,26,11,2009
67714,2009-11-27,5.6,27,11,2009
67715,2009-11-28,4.8,28,11,2009
67716,2009-11-29,10.6,29,11,2009
67717,2009-11-30,10.6,30,11,2009
67718,2009-12-01,0.0,1,12,2009
67719,2009-12-02,0.0,2,12,2009
67720,2009-12-03,0.0,3,12,2009
67721,2009-12-04,0.0,4,12,2009
67722,2009-12-05,0.0,5,12,2009
67723,2009-12-06,0.0,6,12,2009
67724,2009-12-07,0.0,7,12,2009
67725,2009-12-08,8.2,8,12,2009
67726,2009-12-09,13.2,9,12,2009
67727,2009-12-10,0.0,10,12,2009
67728,2009-12-11,11.6,11,12,2009
67729,2009-12-12,0.0,12,12,2009
67730,2009-12-13,0.0,13,12,2009
67731,2009-12-14,0.0,14,12,2009
67732,2009-12-15,0.0,15,12,2009
67733,2009-12-16,0.0,16,12,2009
67734,2009-12-17,0.0,17,12,2009
67735,2009-12-18,11.2,18,12,2009
67736,2009-12-19,0.2,19,12,2009
67737,2009-12-20,0.0,20,12,2009
67738,2009-12-21,0.0,21,12,2009
67739,2009-12-22,0.0,22,12,2009
67740,2009-12-23,0.0,23,12,2009
67741,2009-12-24,0.0,24,12,2009
67742,2009-12-25,15.8,25,12,2009
67743,2009-12-26,0.0,26,12,2009
67744,2009-12-27,0.0,27,12,2009
67745,2009-12-28,0.0,28,12,2009
67746,2009-12-29,0.0,29,12,2009
67747,2009-12-30,0.0,30,12,2009
67748,2009-12-31,0.0,31,12,2009
67749,2010-01-01,10.6,1,1,2010
67750,2010-01-02,5.0,2,1,2010
67751,2010-01-03,0.0,3,1,2010
67752,2010-01-04,0.0,4,1,2010
67753,2010-01-05,0.0,5,1,2010
67754,2010-01-06,0.0,6,1,2010
67755,2010-01-07,0.0,7,1,2010
67756,2010-01-08,0.0,8,1,2010
67757,2010-01-09,0.0,9,1,2010
67758,2010-01-10,0.0,10,1,2010
67759,2010-01-11,0.0,11,1,2010
67760,2010-01-12,0.0,12,1,2010
67761,2010-01-13,0.2,13,1,2010
67762,2010-01-14,0.0,14,1,2010
67763,2010-01-15,0.0,15,1,2010
67764,2010-01-16,0.0,16,1,2010
67765,2010-01-17,0.0,17,1,2010
67766,2010-01-18,2.6,18,1,2010
67767,2010-01-19,7.2,19,1,2010
67768,2010-01-20,0.0,20,1,2010
67769,2010-01-21,0.0,21,1,2010
67770,2010-01-22,0.0,22,1,2010
67771,2010-01-23,0.0,23,1,2010
67772,2010-01-24,0.0,24,1,2010
67773,2010-01-25,0.0,25,1,2010
67774,2010-01-26,0.0,26,1,2010
67775,2010-01-27,0.0,27,1,2010
67776,2010-01-28,0.0,28,1,2010
67777,2010-01-29,0.0,29,1,2010
67778,2010-01-30,0.0,30,1,2010
67779,2010-01-31,0.0,31,1,2010
67780,2010-02-01,1.4,1,2,2010
67781,2010-02-02,0.0,2,2,2010
67782,2010-02-03,0.0,3,2,2010
67783,2010-02-04,0.0,4,2,2010
67784,2010-02-05,15.0,5,2,2010
67785,2010-02-06,2.0,6,2,2010
67786,2010-02-07,0.0,7,2,2010
67787,2010-02-08,0.0,8,2,2010
67788,2010-02-09,0.0,9,2,2010
67789,2010-02-10,0.0,10,2,2010
67790,2010-02-11,0.0,11,2,2010
67791,2010-02-12,35.2,12,2,2010
67792,2010-02-13,0.0,13,2,2010
67793,2010-02-14,9.2,14,2,2010
67794,2010-02-15,0.0,15,2,2010
67795,2010-02-16,0.0,16,2,2010
67796,2010-02-17,0.0,17,2,2010
67797,2010-02-18,0.0,18,2,2010
67798,2010-02-19,0.0,19,2,2010
67799,2010-02-20,0.0,20,2,2010
67800,2010-02-21,0.0,21,2,2010
67801,2010-02-22,0.0,22,2,2010
67802,2010-02-23,0.0,23,2,2010
67803,2010-02-24,0.0,24,2,2010
67804,2010-02-25,0.0,25,2,2010
67805,2010-02-26,0.0,26,2,2010
67806,2010-02-27,0.0,27,2,2010
67807,2010-02-28,0.0,28,2,2010
67808,2010-03-01,0.4,1,3,2010
67809,2010-03-02,0.0,2,3,2010
67810,2010-03-03,0.0,3,3,2010
67811,2010-03-04,0.0,4,3,2010
67812,2010-03-05,1.0,5,3,2010
67813,2010-03-06,1.2,6,3,2010
67814,2010-03-07,39.2,7,3,2010
67815,2010-03-08,27.2,8,3,2010
67816,2010-03-09,7.0,9,3,2010
67817,2010-03-10,0.0,10,3,2010
67818,2010-03-11,0.2,11,3,2010
67819,2010-03-12,0.0,12,3,2010
67820,2010-03-13,0.0,13,3,2010
67821,2010-03-14,0.0,14,3,2010
67822,2010-03-15,0.0,15,3,2010
67823,2010-03-16,0.0,16,3,2010
67824,2010-03-17,0.0,17,3,2010
67825,2010-03-18,0.0,18,3,2010
67826,2010-03-19,0.0,19,3,2010
67827,2010-03-20,0.2,20,3,2010
67828,2010-03-21,0.0,21,3,2010
67829,2010-03-22,0.0,22,3,2010
67830,2010-03-23,0.0,23,3,2010
67831,2010-03-24,0.0,24,3,2010
67832,2010-03-25,0.0,25,3,2010
67833,2010-03-26,0.0,26,3,2010
67834,2010-03-27,0.0,27,3,2010
67835,2010-03-28,0.0,28,3,2010
67836,2010-03-29,8.0,29,3,2010
67837,2010-03-30,0.4,30,3,2010
67838,2010-03-31,0.0,31,3,2010
67839,2010-04-01,0.0,1,4,2010
67840,2010-04-02,0.0,2,4,2010
67841,2010-04-03,0.0,3,4,2010
67842,2010-04-04,0.0,4,4,2010
67843,2010-04-05,0.0,5,4,2010
67844,2010-04-06,0.0,6,4,2010
67845,2010-04-07,6.8,7,4,2010
67846,2010-04-08,0.2,8,4,2010
67847,2010-04-09,0.0,9,4,2010
67848,2010-04-10,0.2,10,4,2010
67849,2010-04-11,3.6,11,4,2010
67850,2010-04-12,0.4,12,4,2010
67851,2010-04-13,0.6,13,4,2010
67852,2010-04-14,0.0,14,4,2010
67853,2010-04-15,0.0,15,4,2010
67854,2010-04-16,0.0,16,4,2010
67855,2010-04-17,0.0,17,4,2010
67856,2010-04-18,0.0,18,4,2010
67857,2010-04-19,0.0,19,4,2010
67858,2010-04-20,0.0,20,4,2010
67859,2010-04-21,1.0,21,4,2010
67860,2010-04-22,0.0,22,4,2010
67861,2010-04-23,0.0,23,4,2010
67862,2010-04-24,5.0,24,4,2010
67863,2010-04-25,0.4,25,4,2010
67864,2010-04-26,0.0,26,4,2010
67865,2010-04-27,0.0,27,4,2010
67866,2010-04-28,0.8,28,4,2010
67867,2010-04-29,2.2,29,4,2010
67868,2010-04-30,0.2,30,4,2010
67869,2010-05-01,0.0,1,5,2010
67870,2010-05-02,0.0,2,5,2010
67871,2010-05-03,0.0,3,5,2010
67872,2010-05-04,0.0,4,5,2010
67873,2010-05-05,4.2,5,5,2010
67874,2010-05-06,2.2,6,5,2010
67875,2010-05-07,0.0,7,5,2010
67876,2010-05-08,4.8,8,5,2010
67877,2010-05-09,0.0,9,5,2010
67878,2010-05-10,0.0,10,5,2010
67879,2010-05-11,3.8,11,5,2010
67880,2010-05-12,0.0,12,5,2010
67881,2010-05-13,0.2,13,5,2010
67882,2010-05-14,1.0,14,5,2010
67883,2010-05-15,0.0,15,5,2010
67884,2010-05-16,0.0,16,5,2010
67885,2010-05-17,0.0,17,5,2010
67886,2010-05-18,0.0,18,5,2010
67887,2010-05-19,0.0,19,5,2010
67888,2010-05-20,0.0,20,5,2010
67889,2010-05-21,0.0,21,5,2010
67890,2010-05-22,0.0,22,5,2010
67891,2010-05-23,0.0,23,5,2010
67892,2010-05-24,0.0,24,5,2010
67893,2010-05-25,4.2,25,5,2010
67894,2010-05-26,1.8,26,5,2010
67895,2010-05-27,0.0,27,5,2010
67896,2010-05-28,0.4,28,5,2010
67897,2010-05-29,1.8,29,5,2010
67898,2010-05-30,0.6,30,5,2010
67899,2010-05-31,0.0,31,5,2010
67900,2010-06-01,0.0,1,6,2010
67901,2010-06-02,0.0,2,6,2010
67902,2010-06-03,0.0,3,6,2010
67903,2010-06-04,0.0,4,6,2010
67904,2010-06-05,0.0,5,6,2010
67905,2010-06-06,16.8,6,6,2010
67906,2010-06-07,4.8,7,6,2010
67907,2010-06-08,0.0,8,6,2010
67908,2010-06-09,2.6,9,6,2010
67909,2010-06-10,2.8,10,6,2010
67910,2010-06-11,0.6,11,6,2010
67911,2010-06-12,2.8,12,6,2010
67912,2010-06-13,0.2,13,6,2010
67913,2010-06-14,0.0,14,6,2010
67914,2010-06-15,0.0,15,6,2010
67915,2010-06-16,0.0,16,6,2010
67916,2010-06-17,0.0,17,6,2010
67917,2010-06-18,4.6,18,6,2010
67918,2010-06-19,3.8,19,6,2010
67919,2010-06-20,0.6,20,6,2010
67920,2010-06-21,1.8,21,6,2010
67921,2010-06-22,0.0,22,6,2010
67922,2010-06-23,0.0,23,6,2010
67923,2010-06-24,0.0,24,6,2010
67924,2010-06-25,0.4,25,6,2010
67925,2010-06-26,11.8,26,6,2010
67926,2010-06-27,8.0,27,6,2010
67927,2010-06-28,0.0,28,6,2010
67928,2010-06-29,0.0,29,6,2010
67929,2010-06-30,1.8,30,6,2010
67930,2010-07-01,0.0,1,7,2010
67931,2010-07-02,0.0,2,7,2010
67932,2010-07-03,3.8,3,7,2010
67933,2010-07-04,0.0,4,7,2010
67934,2010-07-05,0.0,5,7,2010
67935,2010-07-06,0.0,6,7,2010
67936,2010-07-07,0.0,7,7,2010
67937,2010-07-08,0.0,8,7,2010
67938,2010-07-09,0.0,9,7,2010
67939,2010-07-10,0.0,10,7,2010
67940,2010-07-11,0.0,11,7,2010
67941,2010-07-12,0.0,12,7,2010
67942,2010-07-13,0.0,13,7,2010
67943,2010-07-14,1.2,14,7,2010
67944,2010-07-15,5.2,15,7,2010
67945,2010-07-16,0.0,16,7,2010
67946,2010-07-17,0.0,17,7,2010
67947,2010-07-18,0.0,18,7,2010
67948,2010-07-19,8.6,19,7,2010
67949,2010-07-20,0.0,20,7,2010
67950,2010-07-21,5.6,21,7,2010
67951,2010-07-22,0.0,22,7,2010
67952,2010-07-23,2.0,23,7,2010
67953,2010-07-24,0.0,24,7,2010
67954,2010-07-25,0.0,25,7,2010
67955,2010-07-26,0.0,26,7,2010
67956,2010-07-27,0.0,27,7,2010
67957,2010-07-28,0.0,28,7,2010
67958,2010-07-29,4.4,29,7,2010
67959,2010-07-30,0.0,30,7,2010
67960,2010-07-31,0.0,31,7,2010
67961,2010-08-01,3.4,1,8,2010
67962,2010-08-02,6.0,2,8,2010
67963,2010-08-03,4.4,3,8,2010
67964,2010-08-04,0.0,4,8,2010
67965,2010-08-05,4.8,5,8,2010
67966,2010-08-06,2.2,6,8,2010
67967,2010-08-07,0.0,7,8,2010
67968,2010-08-08,0.0,8,8,2010
67969,2010-08-09,0.0,9,8,2010
67970,2010-08-10,1.4,10,8,2010
67971,2010-08-11,7.2,11,8,2010
67972,2010-08-12,16.2,12,8,2010
67973,2010-08-13,1.8,13,8,2010
67974,2010-08-14,0.0,14,8,2010
67975,2010-08-15,0.0,15,8,2010
67976,2010-08-16,6.0,16,8,2010
67977,2010-08-17,1.4,17,8,2010
67978,2010-08-18,0.0,18,8,2010
67979,2010-08-19,0.0,19,8,2010
67980,2010-08-20,0.0,20,8,2010
67981,2010-08-21,0.0,21,8,2010
67982,2010-08-22,0.0,22,8,2010
67983,2010-08-23,0.0,23,8,2010
67984,2010-08-24,1.4,24,8,2010
67985,2010-08-25,8.2,25,8,2010
67986,2010-08-26,0.2,26,8,2010
67987,2010-08-27,0.0,27,8,2010
67988,2010-08-28,0.0,28,8,2010
67989,2010-08-29,0.0,29,8,2010
67990,2010-08-30,0.0,30,8,2010
67991,2010-08-31,0.0,31,8,2010
67992,2010-09-01,5.8,1,9,2010
67993,2010-09-02,6.2,2,9,2010
67994,2010-09-03,0.0,3,9,2010
67995,2010-09-04,9.6,4,9,2010
67996,2010-09-05,3.8,5,9,2010
67997,2010-09-06,1.8,6,9,2010
67998,2010-09-07,11.2,7,9,2010
67999,2010-09-08,0.0,8,9,2010
68000,2010-09-09,0.0,9,9,2010
68001,2010-09-10,2.6,10,9,2010
68002,2010-09-11,0.6,11,9,2010
68003,2010-09-12,0.0,12,9,2010
68004,2010-09-13,0.0,13,9,2010
68005,2010-09-14,0.0,14,9,2010
68006,2010-09-15,0.0,15,9,2010
68007,2010-09-16,1.2,16,9,2010
68008,2010-09-17,0.6,17,9,2010
68009,2010-09-18,0.0,18,9,2010
68010,2010-09-19,3.0,19,9,2010
68011,2010-09-20,0.0,20,9,2010
68012,2010-09-21,0.4,21,9,2010
68013,2010-09-22,0.0,22,9,2010
68014,2010-09-23,0.0,23,9,2010
68015,2010-09-24,0.0,24,9,2010
68016,2010-09-25,0.0,25,9,2010
68017,2010-09-26,0.4,26,9,2010
68018,2010-09-27,0.2,27,9,2010
68019,2010-09-28,4.4,28,9,2010
68020,2010-09-29,1.2,29,9,2010
68021,2010-09-30,0.0,30,9,2010
68022,2010-10-01,0.0,1,10,2010
68023,2010-10-02,0.0,2,10,2010
68024,2010-10-03,0.0,3,10,2010
68025,2010-10-04,0.0,4,10,2010
68026,2010-10-05,1.8,5,10,2010
68027,2010-10-06,0.0,6,10,2010
68028,2010-10-07,17.4,7,10,2010
68029,2010-10-08,0.0,8,10,2010
68030,2010-10-09,0.0,9,10,2010
68031,2010-10-10,0.0,10,10,2010
68032,2010-10-11,0.0,11,10,2010
68033,2010-10-12,0.0,12,10,2010
68034,2010-10-13,9.4,13,10,2010
68035,2010-10-14,4.0,14,10,2010
68036,2010-10-15,12.0,15,10,2010
68037,2010-10-16,22.6,16,10,2010
68038,2010-10-17,1.6,17,10,2010
68039,2010-10-18,0.0,18,10,2010
68040,2010-10-19,1.4,19,10,2010
68041,2010-10-20,0.0,20,10,2010
68042,2010-10-21,0.0,21,10,2010
68043,2010-10-22,0.0,22,10,2010
68044,2010-10-23,6.8,23,10,2010
68045,2010-10-24,1.8,24,10,2010
68046,2010-10-25,0.0,25,10,2010
68047,2010-10-26,0.0,26,10,2010
68048,2010-10-27,2.4,27,10,2010
68049,2010-10-28,0.0,28,10,2010
68050,2010-10-29,0.0,29,10,2010
68051,2010-10-30,2.2,30,10,2010
68052,2010-10-31,61.4,31,10,2010
68053,2010-11-01,3.8,1,11,2010
68054,2010-11-02,0.6,2,11,2010
68055,2010-11-03,4.0,3,11,2010
68056,2010-11-04,5.2,4,11,2010
68057,2010-11-05,0.0,5,11,2010
68058,2010-11-06,0.0,6,11,2010
68059,2010-11-07,0.2,7,11,2010
68060,2010-11-08,0.0,8,11,2010
68061,2010-11-09,0.0,9,11,2010
68062,2010-11-10,0.0,10,11,2010
68063,2010-11-11,0.0,11,11,2010
68064,2010-11-12,0.0,12,11,2010
68065,2010-11-13,20.0,13,11,2010
68066,2010-11-14,15.6,14,11,2010
68067,2010-11-15,1.2,15,11,2010
68068,2010-11-16,0.2,16,11,2010
68069,2010-11-17,0.0,17,11,2010
68070,2010-11-18,0.0,18,11,2010
68071,2010-11-19,2.6,19,11,2010
68072,2010-11-20,0.0,20,11,2010
68073,2010-11-21,0.2,21,11,2010
68074,2010-11-22,0.2,22,11,2010
68075,2010-11-23,0.0,23,11,2010
68076,2010-11-24,0.0,24,11,2010
68077,2010-11-25,23.0,25,11,2010
68078,2010-11-26,1.8,26,11,2010
68079,2010-11-27,14.2,27,11,2010
68080,2010-11-28,21.4,28,11,2010
68081,2010-11-29,0.6,29,11,2010
68082,2010-11-30,0.4,30,11,2010
68083,2010-12-01,0.2,1,12,2010
68084,2010-12-02,5.0,2,12,2010
68085,2010-12-03,7.8,3,12,2010
68086,2010-12-04,0.2,4,12,2010
68087,2010-12-05,0.0,5,12,2010
68088,2010-12-06,0.0,6,12,2010
68089,2010-12-07,2.4,7,12,2010
68090,2010-12-08,2.8,8,12,2010
68091,2010-12-09,28.8,9,12,2010
68092,2010-12-10,2.4,10,12,2010
68093,2010-12-11,0.2,11,12,2010
68094,2010-12-12,0.4,12,12,2010
68095,2010-12-13,4.6,13,12,2010
68096,2010-12-14,0.0,14,12,2010
68097,2010-12-15,0.0,15,12,2010
68098,2010-12-16,0.8,16,12,2010
68099,2010-12-17,0.0,17,12,2010
68100,2010-12-18,2.8,18,12,2010
68101,2010-12-19,2.8,19,12,2010
68102,2010-12-20,22.2,20,12,2010
68103,2010-12-21,0.0,21,12,2010
68104,2010-12-22,1.4,22,12,2010
68105,2010-12-23,0.0,23,12,2010
68106,2010-12-24,0.0,24,12,2010
68107,2010-12-25,0.0,25,12,2010
68108,2010-12-26,0.0,26,12,2010
68109,2010-12-27,0.4,27,12,2010
68110,2010-12-28,0.0,28,12,2010
68111,2010-12-29,0.0,29,12,2010
68112,2010-12-30,0.0,30,12,2010
68113,2010-12-31,0.0,31,12,2010
68114,2011-01-01,0.0,1,1,2011
68115,2011-01-02,0.0,2,1,2011
68116,2011-01-03,0.0,3,1,2011
68117,2011-01-04,0.0,4,1,2011
68118,2011-01-05,0.0,5,1,2011
68119,2011-01-06,0.0,6,1,2011
68120,2011-01-07,0.0,7,1,2011
68121,2011-01-08,0.0,8,1,2011
68122,2011-01-09,0.6,9,1,2011
68123,2011-01-10,0.2,10,1,2011
68124,2011-01-11,7.0,11,1,2011
68125,2011-01-12,15.4,12,1,2011
68126,2011-01-13,4.8,13,1,2011
68127,2011-01-14,28.2,14,1,2011
68128,2011-01-15,22.4,15,1,2011
68129,2011-01-16,0.0,16,1,2011
68130,2011-01-17,0.0,17,1,2011
68131,2011-01-18,0.0,18,1,2011
68132,2011-01-19,0.0,19,1,2011
68133,2011-01-20,0.0,20,1,2011
68134,2011-01-21,0.0,21,1,2011
68135,2011-01-22,0.0,22,1,2011
68136,2011-01-23,0.0,23,1,2011
68137,2011-01-24,4.6,24,1,2011
68138,2011-01-25,0.0,25,1,2011
68139,2011-01-26,6.0,26,1,2011
68140,2011-01-27,0.2,27,1,2011
68141,2011-01-28,0.0,28,1,2011
68142,2011-01-29,0.0,29,1,2011
68143,2011-01-30,0.0,30,1,2011
68144,2011-01-31,0.0,31,1,2011
68145,2011-02-01,0.0,1,2,2011
68146,2011-02-02,0.0,2,2,2011
68147,2011-02-03,0.0,3,2,2011
68148,2011-02-04,2.4,4,2,2011
68149,2011-02-05,,5,2,2011
68150,2011-02-06,,6,2,2011
68151,2011-02-07,82.2,7,2,2011
68152,2011-02-08,3.2,8,2,2011
68153,2011-02-09,0.0,9,2,2011
68154,2011-02-10,0.0,10,2,2011
68155,2011-02-11,1.8,11,2,2011
68156,2011-02-12,,12,2,2011
68157,2011-02-13,,13,2,2011
68158,2011-02-14,4.4,14,2,2011
68159,2011-02-15,0.0,15,2,2011
68160,2011-02-16,0.0,16,2,2011
68161,2011-02-17,4.6,17,2,2011
68162,2011-02-18,0.0,18,2,2011
68163,2011-02-19,,19,2,2011
68164,2011-02-20,,20,2,2011
68165,2011-02-21,15.4,21,2,2011
68166,2011-02-22,0.2,22,2,2011
68167,2011-02-23,0.0,23,2,2011
68168,2011-02-24,,24,2,2011
68169,2011-02-25,,25,2,2011
68170,2011-02-26,11.8,26,2,2011
68171,2011-02-27,0.0,27,2,2011
68172,2011-02-28,0.0,28,2,2011
68173,2011-03-01,0.2,1,3,2011
68174,2011-03-02,0.4,2,3,2011
68175,2011-03-03,0.0,3,3,2011
68176,2011-03-04,0.0,4,3,2011
68177,2011-03-05,0.0,5,3,2011
68178,2011-03-06,0.0,6,3,2011
68179,2011-03-07,0.0,7,3,2011
68180,2011-03-08,0.0,8,3,2011
68181,2011-03-09,0.2,9,3,2011
68182,2011-03-10,11.2,10,3,2011
68183,2011-03-11,0.2,11,3,2011
68184,2011-03-12,0.0,12,3,2011
68185,2011-03-13,0.0,13,3,2011
68186,2011-03-14,6.2,14,3,2011
68187,2011-03-15,0.2,15,3,2011
68188,2011-03-16,0.0,16,3,2011
68189,2011-03-17,0.0,17,3,2011
68190,2011-03-18,0.0,18,3,2011
68191,2011-03-19,0.0,19,3,2011
68192,2011-03-20,2.0,20,3,2011
68193,2011-03-21,0.2,21,3,2011
68194,2011-03-22,0.0,22,3,2011
68195,2011-03-23,0.0,23,3,2011
68196,2011-03-24,0.0,24,3,2011
68197,2011-03-25,9.4,25,3,2011
68198,2011-03-26,0.2,26,3,2011
68199,2011-03-27,0.0,27,3,2011
68200,2011-03-28,0.0,28,3,2011
68201,2011-03-29,0.0,29,3,2011
68202,2011-03-30,0.0,30,3,2011
68203,2011-03-31,0.0,31,3,2011
68204,2011-05-01,0.0,1,5,2011
68205,2011-05-02,21.2,2,5,2011
68206,2011-05-03,0.0,3,5,2011
68207,2011-05-04,0.0,4,5,2011
68208,2011-05-05,0.6,5,5,2011
68209,2011-05-06,0.0,6,5,2011
68210,2011-05-07,0.0,7,5,2011
68211,2011-05-08,0.0,8,5,2011
68212,2011-05-09,6.8,9,5,2011
68213,2011-05-10,0.0,10,5,2011
68214,2011-05-11,4.2,11,5,2011
68215,2011-05-12,6.8,12,5,2011
68216,2011-05-13,11.0,13,5,2011
68217,2011-05-14,8.0,14,5,2011
68218,2011-05-15,1.4,15,5,2011
68219,2011-05-16,0.0,16,5,2011
68220,2011-05-17,0.0,17,5,2011
68221,2011-05-18,0.0,18,5,2011
68222,2011-05-19,0.0,19,5,2011
68223,2011-05-20,0.0,20,5,2011
68224,2011-05-21,0.0,21,5,2011
68225,2011-05-22,0.0,22,5,2011
68226,2011-05-23,3.4,23,5,2011
68227,2011-05-24,1.2,24,5,2011
68228,2011-05-25,1.2,25,5,2011
68229,2011-05-26,0.0,26,5,2011
68230,2011-05-27,1.6,27,5,2011
68231,2011-05-28,1.0,28,5,2011
68232,2011-05-29,0.0,29,5,2011
68233,2011-05-30,0.0,30,5,2011
68234,2011-05-31,0.0,31,5,2011
68235,2011-06-01,0.0,1,6,2011
68236,2011-06-02,0.0,2,6,2011
68237,2011-06-03,0.0,3,6,2011
68238,2011-06-04,,4,6,2011
68239,2011-06-05,,5,6,2011
68240,2011-06-06,4.8,6,6,2011
68241,2011-06-07,0.0,7,6,2011
68242,2011-06-08,6.6,8,6,2011
68243,2011-06-09,,9,6,2011
68244,2011-06-10,2.6,10,6,2011
68245,2011-06-11,,11,6,2011
68246,2011-06-12,,12,6,2011
68247,2011-06-13,,13,6,2011
68248,2011-06-14,0.2,14,6,2011
68249,2011-06-15,0.0,15,6,2011
68250,2011-06-16,0.0,16,6,2011
68251,2011-06-17,4.4,17,6,2011
68252,2011-06-18,,18,6,2011
68253,2011-06-19,,19,6,2011
68254,2011-06-20,2.0,20,6,2011
68255,2011-06-21,7.2,21,6,2011
68256,2011-06-22,4.2,22,6,2011
68257,2011-06-23,0.2,23,6,2011
68258,2011-06-24,0.4,24,6,2011
68259,2011-06-25,0.0,25,6,2011
68260,2011-06-26,0.0,26,6,2011
68261,2011-06-27,0.0,27,6,2011
68262,2011-06-28,0.0,28,6,2011
68263,2011-06-29,0.0,29,6,2011
68264,2011-06-30,0.0,30,6,2011
68265,2011-07-01,0.0,1,7,2011
68266,2011-07-02,0.0,2,7,2011
68267,2011-07-03,0.0,3,7,2011
68268,2011-07-04,0.2,4,7,2011
68269,2011-07-05,0.0,5,7,2011
68270,2011-07-06,1.8,6,7,2011
68271,2011-07-07,2.4,7,7,2011
68272,2011-07-08,0.0,8,7,2011
68273,2011-07-09,,9,7,2011
68274,2011-07-10,,10,7,2011
68275,2011-07-11,,11,7,2011
68276,2011-07-12,3.2,12,7,2011
68277,2011-07-13,0.4,13,7,2011
68278,2011-07-14,7.2,14,7,2011
68279,2011-07-15,0.2,15,7,2011
68280,2011-07-16,0.0,16,7,2011
68281,2011-07-17,0.0,17,7,2011
68282,2011-07-18,9.2,18,7,2011
68283,2011-07-19,0.6,19,7,2011
68284,2011-07-20,0.2,20,7,2011
68285,2011-07-21,0.0,21,7,2011
68286,2011-07-22,0.8,22,7,2011
68287,2011-07-23,,23,7,2011
68288,2011-07-24,,24,7,2011
68289,2011-07-25,4.8,25,7,2011
68290,2011-07-26,5.2,26,7,2011
68291,2011-07-27,,27,7,2011
68292,2011-07-28,0.2,28,7,2011
68293,2011-07-29,0.0,29,7,2011
68294,2011-07-30,0.0,30,7,2011
68295,2011-07-31,0.0,31,7,2011
68296,2011-08-01,0.0,1,8,2011
68297,2011-08-02,0.4,2,8,2011
68298,2011-08-03,0.0,3,8,2011
68299,2011-08-04,0.0,4,8,2011
68300,2011-08-05,0.0,5,8,2011
68301,2011-08-06,,6,8,2011
68302,2011-08-07,,7,8,2011
68303,2011-08-08,5.2,8,8,2011
68304,2011-08-09,0.2,9,8,2011
68305,2011-08-10,1.2,10,8,2011
68306,2011-08-11,3.4,11,8,2011
68307,2011-08-12,0.0,12,8,2011
68308,2011-08-13,,13,8,2011
68309,2011-08-14,,14,8,2011
68310,2011-08-15,0.2,15,8,2011
68311,2011-08-16,2.8,16,8,2011
68312,2011-08-17,0.0,17,8,2011
68313,2011-08-18,3.6,18,8,2011
68314,2011-08-19,2.2,19,8,2011
68315,2011-08-20,0.0,20,8,2011
68316,2011-08-21,0.0,21,8,2011
68317,2011-08-22,0.0,22,8,2011
68318,2011-08-23,0.0,23,8,2011
68319,2011-08-24,0.0,24,8,2011
68320,2011-08-25,0.0,25,8,2011
68321,2011-08-26,0.0,26,8,2011
68322,2011-08-27,,27,8,2011
68323,2011-08-28,,28,8,2011
68324,2011-08-29,0.2,29,8,2011
68325,2011-08-30,0.0,30,8,2011
68326,2011-08-31,0.0,31,8,2011
68327,2011-09-01,0.0,1,9,2011
68328,2011-09-02,0.0,2,9,2011
68329,2011-09-03,0.0,3,9,2011
68330,2011-09-04,0.0,4,9,2011
68331,2011-09-05,0.0,5,9,2011
68332,2011-09-06,0.0,6,9,2011
68333,2011-09-07,0.0,7,9,2011
68334,2011-09-08,0.0,8,9,2011
68335,2011-09-09,7.8,9,9,2011
68336,2011-09-10,8.0,10,9,2011
68337,2011-09-11,0.6,11,9,2011
68338,2011-09-12,0.2,12,9,2011
68339,2011-09-13,0.0,13,9,2011
68340,2011-09-14,0.2,14,9,2011
68341,2011-09-15,0.6,15,9,2011
68342,2011-09-16,0.0,16,9,2011
68343,2011-09-17,0.0,17,9,2011
68344,2011-09-18,0.0,18,9,2011
68345,2011-09-19,0.2,19,9,2011
68346,2011-09-20,3.8,20,9,2011
68347,2011-09-21,0.0,21,9,2011
68348,2011-09-22,0.0,22,9,2011
68349,2011-09-23,0.0,23,9,2011
68350,2011-09-24,0.0,24,9,2011
68351,2011-09-25,0.0,25,9,2011
68352,2011-09-26,0.0,26,9,2011
68353,2011-09-27,0.0,27,9,2011
68354,2011-09-28,0.0,28,9,2011
68355,2011-09-29,46.8,29,9,2011
68356,2011-09-30,3.8,30,9,2011
68357,2011-10-01,,1,10,2011
68358,2011-10-02,,2,10,2011
68359,2011-10-03,13.4,3,10,2011
68360,2011-10-04,0.0,4,10,2011
68361,2011-10-05,0.0,5,10,2011
68362,2011-10-06,0.0,6,10,2011
68363,2011-10-07,0.0,7,10,2011
68364,2011-10-08,,8,10,2011
68365,2011-10-09,,9,10,2011
68366,2011-10-10,3.6,10,10,2011
68367,2011-10-11,2.0,11,10,2011
68368,2011-10-12,0.0,12,10,2011
68369,2011-10-13,0.2,13,10,2011
68370,2011-10-14,0.0,14,10,2011
68371,2011-10-15,,15,10,2011
68372,2011-10-16,,16,10,2011
68373,2011-10-17,2.4,17,10,2011
68374,2011-10-18,0.0,18,10,2011
68375,2011-10-19,0.0,19,10,2011
68376,2011-10-20,0.0,20,10,2011
68377,2011-10-21,4.4,21,10,2011
68378,2011-10-22,,22,10,2011
68379,2011-10-23,,23,10,2011
68380,2011-10-24,7.2,24,10,2011
68381,2011-10-25,7.6,25,10,2011
68382,2011-10-26,0.0,26,10,2011
68383,2011-10-27,0.0,27,10,2011
68384,2011-10-28,0.0,28,10,2011
68385,2011-10-29,,29,10,2011
68386,2011-10-30,,30,10,2011
68387,2011-10-31,22.4,31,10,2011
68388,2011-11-01,,1,11,2011
68389,2011-11-02,0.4,2,11,2011
68390,2011-11-03,0.8,3,11,2011
68391,2011-11-04,1.2,4,11,2011
68392,2011-11-05,,5,11,2011
68393,2011-11-06,,6,11,2011
68394,2011-11-07,0.2,7,11,2011
68395,2011-11-08,8.4,8,11,2011
68396,2011-11-09,0.4,9,11,2011
68397,2011-11-10,17.4,10,11,2011
68398,2011-11-11,0.0,11,11,2011
68399,2011-11-12,,12,11,2011
68400,2011-11-13,,13,11,2011
68401,2011-11-14,4.2,14,11,2011
68402,2011-11-15,0.0,15,11,2011
68403,2011-11-16,9.4,16,11,2011
68404,2011-11-17,0.0,17,11,2011
68405,2011-11-18,0.0,18,11,2011
68406,2011-11-19,,19,11,2011
68407,2011-11-20,,20,11,2011
68408,2011-11-21,25.0,21,11,2011
68409,2011-11-22,0.0,22,11,2011
68410,2011-11-23,,23,11,2011
68411,2011-11-24,0.4,24,11,2011
68412,2011-11-25,0.0,25,11,2011
68413,2011-11-26,,26,11,2011
68414,2011-11-27,,27,11,2011
68415,2011-11-28,39.2,28,11,2011
68416,2011-11-29,0.0,29,11,2011
68417,2011-11-30,1.8,30,11,2011
68418,2011-12-01,3.4,1,12,2011
68419,2011-12-02,0.0,2,12,2011
68420,2011-12-03,0.0,3,12,2011
68421,2011-12-04,0.0,4,12,2011
68422,2011-12-05,0.2,5,12,2011
68423,2011-12-06,0.0,6,12,2011
68424,2011-12-07,0.0,7,12,2011
68425,2011-12-08,0.0,8,12,2011
68426,2011-12-09,0.0,9,12,2011
68427,2011-12-10,,10,12,2011
68428,2011-12-11,,11,12,2011
68429,2011-12-12,34.6,12,12,2011
68430,2011-12-13,1.6,13,12,2011
68431,2011-12-14,0.0,14,12,2011
68432,2011-12-15,0.0,15,12,2011
68433,2011-12-16,0.0,16,12,2011
68434,2011-12-17,0.0,17,12,2011
68435,2011-12-18,0.0,18,12,2011
68436,2011-12-19,7.4,19,12,2011
68437,2011-12-20,0.0,20,12,2011
68438,2011-12-21,0.0,21,12,2011
68439,2011-12-22,0.0,22,12,2011
68440,2011-12-23,0.0,23,12,2011
68441,2011-12-24,,24,12,2011
68442,2011-12-25,,25,12,2011
68443,2011-12-26,,26,12,2011
68444,2011-12-27,,27,12,2011
68445,2011-12-28,33.0,28,12,2011
68446,2011-12-29,0.0,29,12,2011
68447,2011-12-30,0.0,30,12,2011
68448,2011-12-31,0.0,31,12,2011
68449,2012-01-01,0.0,1,1,2012
68450,2012-01-02,0.0,2,1,2012
68451,2012-01-03,0.0,3,1,2012
68452,2012-01-04,2.0,4,1,2012
68453,2012-01-05,0.0,5,1,2012
68454,2012-01-06,0.0,6,1,2012
68455,2012-01-07,0.0,7,1,2012
68456,2012-01-08,,8,1,2012
68457,2012-01-09,13.2,9,1,2012
68458,2012-01-10,1.2,10,1,2012
68459,2012-01-11,2.8,11,1,2012
68460,2012-01-12,2.6,12,1,2012
68461,2012-01-13,0.6,13,1,2012
68462,2012-01-14,,14,1,2012
68463,2012-01-15,,15,1,2012
68464,2012-01-16,0.8,16,1,2012
68465,2012-01-17,0.0,17,1,2012
68466,2012-01-18,0.0,18,1,2012
68467,2012-01-19,0.0,19,1,2012
68468,2012-01-20,0.0,20,1,2012
68469,2012-01-21,0.0,21,1,2012
68470,2012-01-22,0.0,22,1,2012
68471,2012-01-23,0.0,23,1,2012
68472,2012-01-24,0.0,24,1,2012
68473,2012-01-25,0.0,25,1,2012
68474,2012-01-26,0.0,26,1,2012
68475,2012-01-27,,27,1,2012
68476,2012-01-28,,28,1,2012
68477,2012-01-29,,29,1,2012
68478,2012-01-30,2.8,30,1,2012
68479,2012-01-31,3.4,31,1,2012
68480,2012-02-01,0.0,1,2,2012
68481,2012-02-02,0.0,2,2,2012
68482,2012-02-03,0.0,3,2,2012
68483,2012-02-04,,4,2,2012
68484,2012-02-05,,5,2,2012
68485,2012-02-06,6.6,6,2,2012
68486,2012-02-07,0.0,7,2,2012
68487,2012-02-08,0.0,8,2,2012
68488,2012-02-09,0.0,9,2,2012
68489,2012-02-10,0.0,10,2,2012
68490,2012-02-11,,11,2,2012
68491,2012-02-12,,12,2,2012
68492,2012-02-13,7.6,13,2,2012
68493,2012-02-14,0.0,14,2,2012
68494,2012-02-15,0.0,15,2,2012
68495,2012-02-16,0.0,16,2,2012
68496,2012-02-17,9.4,17,2,2012
68497,2012-02-18,,18,2,2012
68498,2012-02-19,,19,2,2012
68499,2012-02-20,0.0,20,2,2012
68500,2012-02-21,0.0,21,2,2012
68501,2012-02-22,0.0,22,2,2012
68502,2012-02-23,0.0,23,2,2012
68503,2012-02-24,0.0,24,2,2012
68504,2012-02-25,,25,2,2012
68505,2012-02-26,,26,2,2012
68506,2012-02-27,10.0,27,2,2012
68507,2012-02-28,25.6,28,2,2012
68508,2012-02-29,0.6,29,2,2012
68509,2012-03-01,14.8,1,3,2012
68510,2012-03-02,0.6,2,3,2012
68511,2012-03-03,,3,3,2012
68512,2012-03-04,,4,3,2012
68513,2012-03-05,17.0,5,3,2012
68514,2012-03-06,0.0,6,3,2012
68515,2012-03-07,0.0,7,3,2012
68516,2012-03-08,0.0,8,3,2012
68517,2012-03-09,0.0,9,3,2012
68518,2012-03-10,0.0,10,3,2012
68519,2012-03-11,0.0,11,3,2012
68520,2012-03-12,0.0,12,3,2012
68521,2012-03-13,0.0,13,3,2012
68522,2012-03-14,0.0,14,3,2012
68523,2012-03-15,1.8,15,3,2012
68524,2012-03-16,11.2,16,3,2012
68525,2012-03-17,,17,3,2012
68526,2012-03-18,,18,3,2012
68527,2012-03-19,3.0,19,3,2012
68528,2012-03-20,0.0,20,3,2012
68529,2012-03-21,0.0,21,3,2012
68530,2012-03-22,10.0,22,3,2012
68531,2012-03-23,0.0,23,3,2012
68532,2012-03-24,,24,3,2012
68533,2012-03-25,,25,3,2012
68534,2012-03-26,0.4,26,3,2012
68535,2012-03-27,0.0,27,3,2012
68536,2012-03-28,0.0,28,3,2012
68537,2012-03-29,0.0,29,3,2012
68538,2012-03-30,0.0,30,3,2012
68539,2012-03-31,0.2,31,3,2012
68540,2012-04-01,0.2,1,4,2012
68541,2012-04-02,0.0,2,4,2012
68542,2012-04-03,0.4,3,4,2012
68543,2012-04-04,0.0,4,4,2012
68544,2012-04-05,0.0,5,4,2012
68545,2012-04-06,0.0,6,4,2012
68546,2012-04-07,,7,4,2012
68547,2012-04-08,,8,4,2012
68548,2012-04-09,,9,4,2012
68549,2012-04-10,13.4,10,4,2012
68550,2012-04-11,0.6,11,4,2012
68551,2012-04-12,0.0,12,4,2012
68552,2012-04-13,0.0,13,4,2012
68553,2012-04-14,0.0,14,4,2012
68554,2012-04-15,0.0,15,4,2012
68555,2012-04-16,0.0,16,4,2012
68556,2012-04-17,0.0,17,4,2012
68557,2012-04-18,0.0,18,4,2012
68558,2012-04-19,0.0,19,4,2012
68559,2012-04-20,5.4,20,4,2012
68560,2012-04-21,,21,4,2012
68561,2012-04-22,,22,4,2012
68562,2012-04-23,1.4,23,4,2012
68563,2012-04-24,4.4,24,4,2012
68564,2012-04-25,,25,4,2012
68565,2012-04-26,22.8,26,4,2012
68566,2012-04-27,0.4,27,4,2012
68567,2012-04-28,,28,4,2012
68568,2012-04-29,,29,4,2012
68569,2012-04-30,1.6,30,4,2012
68570,2012-05-01,0.0,1,5,2012
68571,2012-05-02,19.8,2,5,2012
68572,2012-05-03,2.8,3,5,2012
68573,2012-05-04,3.0,4,5,2012
68574,2012-05-05,,5,5,2012
68575,2012-05-06,,6,5,2012
68576,2012-05-07,1.6,7,5,2012
68577,2012-05-08,0.2,8,5,2012
68578,2012-05-09,0.0,9,5,2012
68579,2012-05-10,0.0,10,5,2012
68580,2012-05-11,1.0,11,5,2012
68581,2012-05-12,,12,5,2012
68582,2012-05-13,,13,5,2012
68583,2012-05-14,11.0,14,5,2012
68584,2012-05-15,2.6,15,5,2012
68585,2012-05-16,0.2,16,5,2012
68586,2012-05-17,0.0,17,5,2012
68587,2012-05-18,0.0,18,5,2012
68588,2012-05-19,,19,5,2012
68589,2012-05-20,,20,5,2012
68590,2012-05-21,1.6,21,5,2012
68591,2012-05-22,0.0,22,5,2012
68592,2012-05-23,0.0,23,5,2012
68593,2012-05-24,0.0,24,5,2012
68594,2012-05-25,4.2,25,5,2012
68595,2012-05-26,,26,5,2012
68596,2012-05-27,,27,5,2012
68597,2012-05-28,34.6,28,5,2012
68598,2012-05-29,0.0,29,5,2012
68599,2012-05-30,0.0,30,5,2012
68600,2012-05-31,0.0,31,5,2012
68601,2012-06-01,0.0,1,6,2012
68602,2012-06-02,,2,6,2012
68603,2012-06-03,,3,6,2012
68604,2012-06-04,7.0,4,6,2012
68605,2012-06-05,11.2,5,6,2012
68606,2012-06-06,0.0,6,6,2012
68607,2012-06-07,0.0,7,6,2012
68608,2012-06-08,0.0,8,6,2012
68609,2012-06-09,,9,6,2012
68610,2012-06-10,,10,6,2012
68611,2012-06-11,,11,6,2012
68612,2012-06-12,10.0,12,6,2012
68613,2012-06-13,0.0,13,6,2012
68614,2012-06-14,0.0,14,6,2012
68615,2012-06-15,0.4,15,6,2012
68616,2012-06-16,,16,6,2012
68617,2012-06-17,,17,6,2012
68618,2012-06-18,4.0,18,6,2012
68619,2012-06-19,1.0,19,6,2012
68620,2012-06-20,0.0,20,6,2012
68621,2012-06-21,8.2,21,6,2012
68622,2012-06-22,22.4,22,6,2012
68623,2012-06-23,,23,6,2012
68624,2012-06-24,,24,6,2012
68625,2012-06-25,5.2,25,6,2012
68626,2012-06-26,1.2,26,6,2012
68627,2012-06-27,0.0,27,6,2012
68628,2012-06-28,0.0,28,6,2012
68629,2012-06-29,0.0,29,6,2012
68630,2012-06-30,0.0,30,6,2012
68631,2012-07-01,,1,7,2012
68632,2012-07-02,15.2,2,7,2012
68633,2012-07-03,1.4,3,7,2012
68634,2012-07-04,2.6,4,7,2012
68635,2012-07-05,0.0,5,7,2012
68636,2012-07-06,0.0,6,7,2012
68637,2012-07-07,0.0,7,7,2012
68638,2012-07-08,0.0,8,7,2012
68639,2012-07-09,,9,7,2012
68640,2012-07-10,0.4,10,7,2012
68641,2012-07-11,2.0,11,7,2012
68642,2012-07-12,,12,7,2012
68643,2012-07-13,3.6,13,7,2012
68644,2012-07-14,,14,7,2012
68645,2012-07-15,,15,7,2012
68646,2012-07-16,3.4,16,7,2012
68647,2012-07-17,0.0,17,7,2012
68648,2012-07-18,1.2,18,7,2012
68649,2012-07-19,0.2,19,7,2012
68650,2012-07-20,0.0,20,7,2012
68651,2012-07-21,0.0,21,7,2012
68652,2012-07-22,0.0,22,7,2012
68653,2012-07-23,0.0,23,7,2012
68654,2012-07-24,0.0,24,7,2012
68655,2012-07-25,0.0,25,7,2012
68656,2012-07-26,5.0,26,7,2012
68657,2012-07-27,2.6,27,7,2012
68658,2012-07-28,,28,7,2012
68659,2012-07-29,,29,7,2012
68660,2012-07-30,21.4,30,7,2012
68661,2012-07-31,0.0,31,7,2012
68662,2012-08-01,0.0,1,8,2012
68663,2012-08-02,0.0,2,8,2012
68664,2012-08-03,0.4,3,8,2012
68665,2012-08-04,,4,8,2012
68666,2012-08-05,,5,8,2012
68667,2012-08-06,2.2,6,8,2012
68668,2012-08-07,0.0,7,8,2012
68669,2012-08-08,0.2,8,8,2012
68670,2012-08-09,3.4,9,8,2012
68671,2012-08-10,8.2,10,8,2012
68672,2012-08-11,,11,8,2012
68673,2012-08-12,,12,8,2012
68674,2012-08-13,3.6,13,8,2012
68675,2012-08-14,0.0,14,8,2012
68676,2012-08-15,6.4,15,8,2012
68677,2012-08-16,1.8,16,8,2012
68678,2012-08-17,3.6,17,8,2012
68679,2012-08-18,,18,8,2012
68680,2012-08-19,,19,8,2012
68681,2012-08-20,7.8,20,8,2012
68682,2012-08-21,0.0,21,8,2012
68683,2012-08-22,0.0,22,8,2012
68684,2012-08-23,0.0,23,8,2012
68685,2012-08-24,3.2,24,8,2012
68686,2012-08-25,,25,8,2012
68687,2012-08-26,,26,8,2012
68688,2012-08-27,0.8,27,8,2012
68689,2012-08-28,0.0,28,8,2012
68690,2012-08-29,0.0,29,8,2012
68691,2012-08-30,1.6,30,8,2012
68692,2012-08-31,9.6,31,8,2012
68693,2012-09-01,0.0,1,9,2012
68694,2012-09-02,0.0,2,9,2012
68695,2012-09-03,0.0,3,9,2012
68696,2012-09-04,0.0,4,9,2012
68697,2012-09-05,0.0,5,9,2012
68698,2012-09-06,0.0,6,9,2012
68699,2012-09-07,10.2,7,9,2012
68700,2012-09-08,,8,9,2012
68701,2012-09-09,,9,9,2012
68702,2012-09-10,2.4,10,9,2012
68703,2012-09-11,0.0,11,9,2012
68704,2012-09-12,0.0,12,9,2012
68705,2012-09-13,5.6,13,9,2012
68706,2012-09-14,0.8,14,9,2012
68707,2012-09-15,,15,9,2012
68708,2012-09-16,,16,9,2012
68709,2012-09-17,2.8,17,9,2012
68710,2012-09-18,0.0,18,9,2012
68711,2012-09-19,4.6,19,9,2012
68712,2012-09-20,0.4,20,9,2012
68713,2012-09-21,0.2,21,9,2012
68714,2012-09-22,,22,9,2012
68715,2012-09-23,,23,9,2012
68716,2012-09-24,1.4,24,9,2012
68717,2012-09-25,0.4,25,9,2012
68718,2012-09-26,0.0,26,9,2012
68719,2012-09-27,0.0,27,9,2012
68720,2012-09-28,0.6,28,9,2012
68721,2012-09-29,8.4,29,9,2012
68722,2012-09-30,1.4,30,9,2012
68723,2012-10-01,,1,10,2012
68724,2012-10-02,0.2,2,10,2012
68725,2012-10-03,0.0,3,10,2012
68726,2012-10-04,0.0,4,10,2012
68727,2012-10-05,0.0,5,10,2012
68728,2012-10-06,,6,10,2012
68729,2012-10-07,,7,10,2012
68730,2012-10-08,5.0,8,10,2012
68731,2012-10-09,0.0,9,10,2012
68732,2012-10-10,6.4,10,10,2012
68733,2012-10-11,2.4,11,10,2012
68734,2012-10-12,0.6,12,10,2012
68735,2012-10-13,,13,10,2012
68736,2012-10-14,,14,10,2012
68737,2012-10-15,1.8,15,10,2012
68738,2012-10-16,0.0,16,10,2012
68739,2012-10-17,2.0,17,10,2012
68740,2012-10-18,0.0,18,10,2012
68741,2012-10-19,0.4,19,10,2012
68742,2012-10-20,,20,10,2012
68743,2012-10-21,,21,10,2012
68744,2012-10-22,4.2,22,10,2012
68745,2012-10-23,0.0,23,10,2012
68746,2012-10-24,0.0,24,10,2012
68747,2012-10-25,0.0,25,10,2012
68748,2012-10-26,1.6,26,10,2012
68749,2012-10-27,,27,10,2012
68750,2012-10-28,,28,10,2012
68751,2012-10-29,5.2,29,10,2012
68752,2012-10-30,0.0,30,10,2012
68753,2012-10-31,0.0,31,10,2012
68754,2012-11-01,3.2,1,11,2012
68755,2012-11-02,0.6,2,11,2012
68756,2012-11-03,0.0,3,11,2012
68757,2012-11-04,0.0,4,11,2012
68758,2012-11-05,0.0,5,11,2012
68759,2012-11-06,0.0,6,11,2012
68760,2012-11-07,1.6,7,11,2012
68761,2012-11-08,1.6,8,11,2012
68762,2012-11-09,0.4,9,11,2012
68763,2012-11-10,0.0,10,11,2012
68764,2012-11-11,0.0,11,11,2012
68765,2012-11-12,5.4,12,11,2012
68766,2012-11-13,0.0,13,11,2012
68767,2012-11-14,0.0,14,11,2012
68768,2012-11-15,0.0,15,11,2012
68769,2012-11-16,0.4,16,11,2012
68770,2012-11-17,0.0,17,11,2012
68771,2012-11-18,0.0,18,11,2012
68772,2012-11-19,0.8,19,11,2012
68773,2012-11-20,0.0,20,11,2012
68774,2012-11-21,0.0,21,11,2012
68775,2012-11-22,0.0,22,11,2012
68776,2012-11-23,0.0,23,11,2012
68777,2012-11-24,0.0,24,11,2012
68778,2012-11-25,0.0,25,11,2012
68779,2012-11-26,0.0,26,11,2012
68780,2012-11-27,17.8,27,11,2012
68781,2012-11-28,4.8,28,11,2012
68782,2012-11-29,0.0,29,11,2012
68783,2012-11-30,0.6,30,11,2012
68784,2013-01-01,0.0,1,1,2013
68785,2013-01-02,0.0,2,1,2013
68786,2013-01-03,0.0,3,1,2013
68787,2013-01-04,0.0,4,1,2013
68788,2013-01-05,0.0,5,1,2013
68789,2013-01-06,0.0,6,1,2013
68790,2013-01-07,0.0,7,1,2013
68791,2013-01-08,0.0,8,1,2013
68792,2013-01-09,0.2,9,1,2013
68793,2013-01-10,0.2,10,1,2013
68794,2013-01-11,0.0,11,1,2013
68795,2013-01-12,0.0,12,1,2013
68796,2013-01-13,0.0,13,1,2013
68797,2013-01-14,0.0,14,1,2013
68798,2013-01-15,0.0,15,1,2013
68799,2013-01-16,0.0,16,1,2013
68800,2013-01-17,0.0,17,1,2013
68801,2013-01-18,0.0,18,1,2013
68802,2013-01-19,0.0,19,1,2013
68803,2013-01-20,0.0,20,1,2013
68804,2013-01-21,0.0,21,1,2013
68805,2013-01-22,0.0,22,1,2013
68806,2013-01-23,0.0,23,1,2013
68807,2013-01-24,0.0,24,1,2013
68808,2013-01-25,0.0,25,1,2013
68809,2013-01-26,,26,1,2013
68810,2013-01-27,,27,1,2013
68811,2013-01-28,,28,1,2013
68812,2013-01-29,7.2,29,1,2013
68813,2013-01-30,0.0,30,1,2013
68814,2013-01-31,0.0,31,1,2013
68815,2013-03-01,0.4,1,3,2013
68816,2013-03-02,0.0,2,3,2013
68817,2013-03-03,0.0,3,3,2013
68818,2013-03-04,0.0,4,3,2013
68819,2013-03-05,0.0,5,3,2013
68820,2013-03-06,0.0,6,3,2013
68821,2013-03-07,0.0,7,3,2013
68822,2013-03-08,0.0,8,3,2013
68823,2013-03-09,0.0,9,3,2013
68824,2013-03-10,0.0,10,3,2013
68825,2013-03-11,0.0,11,3,2013
68826,2013-03-12,0.0,12,3,2013
68827,2013-03-13,0.0,13,3,2013
68828,2013-03-14,0.2,14,3,2013
68829,2013-03-15,0.0,15,3,2013
68830,2013-03-16,,16,3,2013
68831,2013-03-17,,17,3,2013
68832,2013-03-18,17.4,18,3,2013
68833,2013-03-19,1.6,19,3,2013
68834,2013-03-20,0.0,20,3,2013
68835,2013-03-21,0.0,21,3,2013
68836,2013-03-22,0.4,22,3,2013
68837,2013-03-23,0.0,23,3,2013
68838,2013-03-24,0.0,24,3,2013
68839,2013-03-25,0.0,25,3,2013
68840,2013-03-26,0.0,26,3,2013
68841,2013-03-27,0.0,27,3,2013
68842,2013-03-28,17.4,28,3,2013
68843,2013-03-29,,29,3,2013
68844,2013-03-30,,30,3,2013
68845,2013-03-31,4.0,31,3,2013
68846,2013-04-01,,1,4,2013
68847,2013-04-02,0.6,2,4,2013
68848,2013-04-03,0.2,3,4,2013
68849,2013-04-04,0.0,4,4,2013
68850,2013-04-05,0.0,5,4,2013
68851,2013-04-06,,6,4,2013
68852,2013-04-07,,7,4,2013
68853,2013-04-08,5.2,8,4,2013
68854,2013-04-09,0.0,9,4,2013
68855,2013-04-10,0.0,10,4,2013
68856,2013-04-11,0.2,11,4,2013
68857,2013-04-12,1.2,12,4,2013
68858,2013-04-13,,13,4,2013
68859,2013-04-14,,14,4,2013
68860,2013-04-15,7.2,15,4,2013
68861,2013-04-16,0.4,16,4,2013
68862,2013-04-17,0.0,17,4,2013
68863,2013-04-18,1.0,18,4,2013
68864,2013-04-19,4.8,19,4,2013
68865,2013-04-20,0.0,20,4,2013
68866,2013-04-21,0.0,21,4,2013
68867,2013-04-22,1.2,22,4,2013
68868,2013-04-23,3.6,23,4,2013
68869,2013-04-24,0.0,24,4,2013
68870,2013-04-25,,25,4,2013
68871,2013-04-26,2.4,26,4,2013
68872,2013-04-27,0.0,27,4,2013
68873,2013-04-28,0.0,28,4,2013
68874,2013-04-29,0.0,29,4,2013
68875,2013-04-30,0.0,30,4,2013
68876,2013-05-01,0.0,1,5,2013
68877,2013-05-02,1.8,2,5,2013
68878,2013-05-03,0.0,3,5,2013
68879,2013-05-04,,4,5,2013
68880,2013-05-05,,5,5,2013
68881,2013-05-06,2.0,6,5,2013
68882,2013-05-07,0.8,7,5,2013
68883,2013-05-08,0.0,8,5,2013
68884,2013-05-09,0.0,9,5,2013
68885,2013-05-10,0.0,10,5,2013
68886,2013-05-11,,11,5,2013
68887,2013-05-12,,12,5,2013
68888,2013-05-13,0.4,13,5,2013
68889,2013-05-14,2.4,14,5,2013
68890,2013-05-15,2.2,15,5,2013
68891,2013-05-16,8.6,16,5,2013
68892,2013-05-17,3.8,17,5,2013
68893,2013-05-18,,18,5,2013
68894,2013-05-19,,19,5,2013
68895,2013-05-20,0.4,20,5,2013
68896,2013-05-21,5.2,21,5,2013
68897,2013-05-22,0.0,22,5,2013
68898,2013-05-23,0.0,23,5,2013
68899,2013-05-24,0.0,24,5,2013
68900,2013-05-25,,25,5,2013
68901,2013-05-26,,26,5,2013
68902,2013-05-27,0.0,27,5,2013
68903,2013-05-28,0.0,28,5,2013
68904,2013-05-29,0.0,29,5,2013
68905,2013-05-30,1.2,30,5,2013
68906,2013-05-31,9.2,31,5,2013
68907,2013-06-01,,1,6,2013
68908,2013-06-02,,2,6,2013
68909,2013-06-03,57.8,3,6,2013
68910,2013-06-04,0.6,4,6,2013
68911,2013-06-05,0.0,5,6,2013
68912,2013-06-06,0.0,6,6,2013
68913,2013-06-07,17.0,7,6,2013
68914,2013-06-08,,8,6,2013
68915,2013-06-09,,9,6,2013
68916,2013-06-10,,10,6,2013
68917,2013-06-11,0.4,11,6,2013
68918,2013-06-12,0.4,12,6,2013
68919,2013-06-13,9.8,13,6,2013
68920,2013-06-14,10.2,14,6,2013
68921,2013-06-15,,15,6,2013
68922,2013-06-16,,16,6,2013
68923,2013-06-17,2.0,17,6,2013
68924,2013-06-18,1.6,18,6,2013
68925,2013-06-19,0.0,19,6,2013
68926,2013-06-20,0.0,20,6,2013
68927,2013-06-21,0.0,21,6,2013
68928,2013-06-22,0.0,22,6,2013
68929,2013-06-23,0.0,23,6,2013
68930,2013-06-24,0.0,24,6,2013
68931,2013-06-25,0.0,25,6,2013
68932,2013-06-26,0.0,26,6,2013
68933,2013-06-27,0.0,27,6,2013
68934,2013-06-28,0.0,28,6,2013
68935,2013-06-29,0.0,29,6,2013
68936,2013-06-30,0.0,30,6,2013
68937,2013-07-01,0.0,1,7,2013
68938,2013-07-02,1.6,2,7,2013
68939,2013-07-03,0.0,3,7,2013
68940,2013-07-04,0.0,4,7,2013
68941,2013-07-05,0.4,5,7,2013
68942,2013-07-06,,6,7,2013
68943,2013-07-07,,7,7,2013
68944,2013-07-08,4.4,8,7,2013
68945,2013-07-09,0.0,9,7,2013
68946,2013-07-10,0.0,10,7,2013
68947,2013-07-11,0.0,11,7,2013
68948,2013-07-12,0.0,12,7,2013
68949,2013-07-13,,13,7,2013
68950,2013-07-14,,14,7,2013
68951,2013-07-15,18.0,15,7,2013
68952,2013-07-16,0.0,16,7,2013
68953,2013-07-17,0.0,17,7,2013
68954,2013-07-18,0.0,18,7,2013
68955,2013-07-19,7.0,19,7,2013
68956,2013-07-20,,20,7,2013
68957,2013-07-21,,21,7,2013
68958,2013-07-22,20.0,22,7,2013
68959,2013-07-23,3.2,23,7,2013
68960,2013-07-24,0.0,24,7,2013
68961,2013-07-25,0.0,25,7,2013
68962,2013-07-26,0.6,26,7,2013
68963,2013-07-27,,27,7,2013
68964,2013-07-28,,28,7,2013
68965,2013-07-29,5.0,29,7,2013
68966,2013-07-30,2.2,30,7,2013
68967,2013-07-31,0.0,31,7,2013
68968,2013-08-01,0.0,1,8,2013
68969,2013-08-02,0.0,2,8,2013
68970,2013-08-03,,3,8,2013
68971,2013-08-04,,4,8,2013
68972,2013-08-05,17.0,5,8,2013
68973,2013-08-06,6.2,6,8,2013
68974,2013-08-07,0.8,7,8,2013
68975,2013-08-08,15.8,8,8,2013
68976,2013-08-09,6.4,9,8,2013
68977,2013-08-10,,10,8,2013
68978,2013-08-11,,11,8,2013
68979,2013-08-12,0.0,12,8,2013
68980,2013-08-13,1.6,13,8,2013
68981,2013-08-14,0.0,14,8,2013
68982,2013-08-15,1.2,15,8,2013
68983,2013-08-16,0.0,16,8,2013
68984,2013-08-17,,17,8,2013
68985,2013-08-18,,18,8,2013
68986,2013-08-19,0.6,19,8,2013
68987,2013-08-20,0.6,20,8,2013
68988,2013-08-21,0.2,21,8,2013
68989,2013-08-22,0.0,22,8,2013
68990,2013-08-23,3.2,23,8,2013
68991,2013-08-24,,24,8,2013
68992,2013-08-25,,25,8,2013
68993,2013-08-26,0.4,26,8,2013
68994,2013-08-27,0.0,27,8,2013
68995,2013-08-28,0.0,28,8,2013
68996,2013-08-29,0.0,29,8,2013
68997,2013-08-30,3.6,30,8,2013
68998,2013-08-31,1.0,31,8,2013
68999,2013-09-01,0.2,1,9,2013
69000,2013-09-02,0.0,2,9,2013
69001,2013-09-03,0.0,3,9,2013
69002,2013-09-04,0.0,4,9,2013
69003,2013-09-05,0.0,5,9,2013
69004,2013-09-06,3.2,6,9,2013
69005,2013-09-07,,7,9,2013
69006,2013-09-08,,8,9,2013
69007,2013-09-09,0.2,9,9,2013
69008,2013-09-10,0.0,10,9,2013
69009,2013-09-11,0.2,11,9,2013
69010,2013-09-12,2.4,12,9,2013
69011,2013-09-13,2.0,13,9,2013
69012,2013-09-14,,14,9,2013
69013,2013-09-15,,15,9,2013
69014,2013-09-16,3.2,16,9,2013
69015,2013-09-17,23.8,17,9,2013
69016,2013-09-18,0.0,18,9,2013
69017,2013-09-19,10.4,19,9,2013
69018,2013-09-20,1.8,20,9,2013
69019,2013-09-21,,21,9,2013
69020,2013-09-22,,22,9,2013
69021,2013-09-23,2.4,23,9,2013
69022,2013-09-24,0.0,24,9,2013
69023,2013-09-25,,25,9,2013
69024,2013-09-26,33.6,26,9,2013
69025,2013-09-27,1.4,27,9,2013
69026,2013-09-28,,28,9,2013
69027,2013-09-29,,29,9,2013
69028,2013-09-30,2.4,30,9,2013
69029,2013-10-01,2.0,1,10,2013
69030,2013-10-02,0.2,2,10,2013
69031,2013-10-03,1.4,3,10,2013
69032,2013-10-04,0.4,4,10,2013
69033,2013-10-05,,5,10,2013
69034,2013-10-06,,6,10,2013
69035,2013-10-07,3.0,7,10,2013
69036,2013-10-08,1.0,8,10,2013
69037,2013-10-09,0.0,9,10,2013
69038,2013-10-10,0.0,10,10,2013
69039,2013-10-11,4.2,11,10,2013
69040,2013-10-12,,12,10,2013
69041,2013-10-13,,13,10,2013
69042,2013-10-14,5.4,14,10,2013
69043,2013-10-15,2.6,15,10,2013
69044,2013-10-16,0.0,16,10,2013
69045,2013-10-17,1.8,17,10,2013
69046,2013-10-18,0.8,18,10,2013
69047,2013-10-19,0.0,19,10,2013
69048,2013-10-20,0.0,20,10,2013
69049,2013-10-21,0.0,21,10,2013
69050,2013-10-22,0.4,22,10,2013
69051,2013-10-23,16.0,23,10,2013
69052,2013-10-24,6.4,24,10,2013
69053,2013-10-25,0.6,25,10,2013
69054,2013-10-26,,26,10,2013
69055,2013-10-27,,27,10,2013
69056,2013-10-28,1.8,28,10,2013
69057,2013-10-29,3.4,29,10,2013
69058,2013-10-30,0.0,30,10,2013
69059,2013-10-31,0.0,31,10,2013
69060,2013-11-01,0.0,1,11,2013
69061,2013-11-02,,2,11,2013
69062,2013-11-03,,3,11,2013
69063,2013-11-04,1.4,4,11,2013
69064,2013-11-05,0.0,5,11,2013
69065,2013-11-06,0.0,6,11,2013
69066,2013-11-07,0.0,7,11,2013
69067,2013-11-08,0.0,8,11,2013
69068,2013-11-09,,9,11,2013
69069,2013-11-10,,10,11,2013
69070,2013-11-11,8.0,11,11,2013
69071,2013-11-12,1.0,12,11,2013
69072,2013-11-13,20.0,13,11,2013
69073,2013-11-14,7.8,14,11,2013
69074,2013-11-15,0.2,15,11,2013
69075,2013-11-16,,16,11,2013
69076,2013-11-17,,17,11,2013
69077,2013-11-18,0.0,18,11,2013
69078,2013-11-19,0.0,19,11,2013
69079,2013-11-20,,20,11,2013
69080,2013-11-21,0.2,21,11,2013
69081,2013-11-22,0.0,22,11,2013
69082,2013-11-23,,23,11,2013
69083,2013-11-24,,24,11,2013
69084,2013-11-25,12.0,25,11,2013
69085,2013-11-26,0.0,26,11,2013
69086,2013-11-27,0.0,27,11,2013
69087,2013-11-28,0.0,28,11,2013
69088,2013-11-29,8.4,29,11,2013
69089,2013-11-30,0.2,30,11,2013
69090,2013-12-01,0.0,1,12,2013
69091,2013-12-02,0.0,2,12,2013
69092,2013-12-03,0.0,3,12,2013
69093,2013-12-04,9.0,4,12,2013
69094,2013-12-05,7.6,5,12,2013
69095,2013-12-06,,6,12,2013
69096,2013-12-07,,7,12,2013
69097,2013-12-08,,8,12,2013
69098,2013-12-09,3.6,9,12,2013
69099,2013-12-10,,10,12,2013
69100,2013-12-11,13.4,11,12,2013
69101,2013-12-12,2.4,12,12,2013
69102,2013-12-13,0.0,13,12,2013
69103,2013-12-14,0.0,14,12,2013
69104,2013-12-15,0.0,15,12,2013
69105,2013-12-16,0.0,16,12,2013
69106,2013-12-17,0.0,17,12,2013
69107,2013-12-18,0.0,18,12,2013
69108,2013-12-19,0.0,19,12,2013
69109,2013-12-20,0.0,20,12,2013
69110,2013-12-21,0.0,21,12,2013
69111,2013-12-22,0.0,22,12,2013
69112,2013-12-23,2.6,23,12,2013
69113,2013-12-24,2.4,24,12,2013
69114,2013-12-25,0.0,25,12,2013
69115,2013-12-26,0.0,26,12,2013
69116,2013-12-27,0.0,27,12,2013
69117,2013-12-28,0.0,28,12,2013
69118,2013-12-29,0.0,29,12,2013
69119,2013-12-30,0.0,30,12,2013
69120,2013-12-31,0.0,31,12,2013
69121,2014-01-01,0.0,1,1,2014
69122,2014-01-02,4.8,2,1,2014
69123,2014-01-03,0.0,3,1,2014
69124,2014-01-04,,4,1,2014
69125,2014-01-05,,5,1,2014
69126,2014-01-06,1.4,6,1,2014
69127,2014-01-07,0.0,7,1,2014
69128,2014-01-08,0.0,8,1,2014
69129,2014-01-09,0.0,9,1,2014
69130,2014-01-10,0.0,10,1,2014
69131,2014-01-11,0.0,11,1,2014
69132,2014-01-12,0.0,12,1,2014
69133,2014-01-13,0.0,13,1,2014
69134,2014-01-14,0.0,14,1,2014
69135,2014-01-15,0.0,15,1,2014
69136,2014-01-16,0.0,16,1,2014
69137,2014-01-17,1.2,17,1,2014
69138,2014-01-18,,18,1,2014
69139,2014-01-19,,19,1,2014
69140,2014-01-20,0.4,20,1,2014
69141,2014-01-21,0.0,21,1,2014
69142,2014-01-22,0.0,22,1,2014
69143,2014-01-23,0.0,23,1,2014
69144,2014-01-24,1.2,24,1,2014
69145,2014-01-25,,25,1,2014
69146,2014-01-26,,26,1,2014
69147,2014-01-27,,27,1,2014
69148,2014-01-28,,28,1,2014
69149,2014-01-29,4.6,29,1,2014
69150,2014-01-30,0.0,30,1,2014
69151,2014-01-31,0.0,31,1,2014
69152,2014-02-01,0.0,1,2,2014
69153,2014-02-02,0.0,2,2,2014
69154,2014-02-03,0.0,3,2,2014
69155,2014-02-04,0.6,4,2,2014
69156,2014-02-05,0.0,5,2,2014
69157,2014-02-06,0.0,6,2,2014
69158,2014-02-07,0.0,7,2,2014
69159,2014-02-08,0.0,8,2,2014
69160,2014-02-09,0.0,9,2,2014
69161,2014-02-10,0.0,10,2,2014
69162,2014-02-11,0.0,11,2,2014
69163,2014-02-12,0.0,12,2,2014
69164,2014-02-13,0.0,13,2,2014
69165,2014-02-14,0.0,14,2,2014
69166,2014-02-15,,15,2,2014
69167,2014-02-16,,16,2,2014
69168,2014-02-17,14.8,17,2,2014
69169,2014-02-18,0.0,18,2,2014
69170,2014-02-19,0.0,19,2,2014
69171,2014-02-20,9.4,20,2,2014
69172,2014-02-21,0.0,21,2,2014
69173,2014-02-22,,22,2,2014
69174,2014-02-23,,23,2,2014
69175,2014-02-24,0.6,24,2,2014
69176,2014-02-25,0.0,25,2,2014
69177,2014-02-26,0.0,26,2,2014
69178,2014-02-27,0.2,27,2,2014
69179,2014-02-28,0.0,28,2,2014
69180,2014-03-01,0.0,1,3,2014
69181,2014-03-02,0.0,2,3,2014
69182,2014-03-03,0.0,3,3,2014
69183,2014-03-04,0.0,4,3,2014
69184,2014-03-05,0.0,5,3,2014
69185,2014-03-06,0.0,6,3,2014
69186,2014-03-07,0.0,7,3,2014
69187,2014-03-08,0.0,8,3,2014
69188,2014-03-09,0.0,9,3,2014
69189,2014-03-10,0.0,10,3,2014
69190,2014-03-11,0.0,11,3,2014
69191,2014-03-12,2.2,12,3,2014
69192,2014-03-13,0.0,13,3,2014
69193,2014-03-14,0.0,14,3,2014
69194,2014-03-15,,15,3,2014
69195,2014-03-16,,16,3,2014
69196,2014-03-17,5.8,17,3,2014
69197,2014-03-18,0.0,18,3,2014
69198,2014-03-19,0.0,19,3,2014
69199,2014-03-20,0.0,20,3,2014
69200,2014-03-21,0.0,21,3,2014
69201,2014-03-22,,22,3,2014
69202,2014-03-23,,23,3,2014
69203,2014-03-24,4.4,24,3,2014
69204,2014-03-25,0.8,25,3,2014
69205,2014-03-26,0.0,26,3,2014
69206,2014-03-27,4.4,27,3,2014
69207,2014-03-28,7.8,28,3,2014
69208,2014-03-29,,29,3,2014
69209,2014-03-30,,30,3,2014
69210,2014-03-31,0.8,31,3,2014
69211,2014-04-01,0.0,1,4,2014
69212,2014-04-02,0.0,2,4,2014
69213,2014-04-03,0.6,3,4,2014
69214,2014-04-04,0.0,4,4,2014
69215,2014-04-05,0.0,5,4,2014
69216,2014-04-06,0.0,6,4,2014
69217,2014-04-07,,7,4,2014
69218,2014-04-08,,8,4,2014
69219,2014-04-09,14.8,9,4,2014
69220,2014-04-10,18.6,10,4,2014
69221,2014-04-11,12.8,11,4,2014
69222,2014-04-12,,12,4,2014
69223,2014-04-13,,13,4,2014
69224,2014-04-14,1.0,14,4,2014
69225,2014-04-15,0.0,15,4,2014
69226,2014-04-16,0.0,16,4,2014
69227,2014-04-17,0.0,17,4,2014
69228,2014-04-18,,18,4,2014
69229,2014-04-19,,19,4,2014
69230,2014-04-20,,20,4,2014
69231,2014-04-21,,21,4,2014
69232,2014-04-22,8.4,22,4,2014
69233,2014-04-23,6.6,23,4,2014
69234,2014-04-24,0.6,24,4,2014
69235,2014-04-25,0.0,25,4,2014
69236,2014-04-26,0.0,26,4,2014
69237,2014-04-27,0.0,27,4,2014
69238,2014-04-28,0.0,28,4,2014
69239,2014-04-29,0.0,29,4,2014
69240,2014-04-30,13.4,30,4,2014
69241,2014-05-01,0.0,1,5,2014
69242,2014-05-02,0.2,2,5,2014
69243,2014-05-03,,3,5,2014
69244,2014-05-04,,4,5,2014
69245,2014-05-05,10.8,5,5,2014
69246,2014-05-06,1.0,6,5,2014
69247,2014-05-07,1.2,7,5,2014
69248,2014-05-08,0.0,8,5,2014
69249,2014-05-09,0.0,9,5,2014
69250,2014-05-10,,10,5,2014
69251,2014-05-11,,11,5,2014
69252,2014-05-12,13.2,12,5,2014
69253,2014-05-13,0.0,13,5,2014
69254,2014-05-14,0.0,14,5,2014
69255,2014-05-15,0.0,15,5,2014
69256,2014-05-16,0.0,16,5,2014
69257,2014-05-17,0.0,17,5,2014
69258,2014-05-18,0.0,18,5,2014
69259,2014-05-19,0.0,19,5,2014
69260,2014-05-20,0.0,20,5,2014
69261,2014-05-21,1.6,21,5,2014
69262,2014-05-22,0.0,22,5,2014
69263,2014-05-23,4.6,23,5,2014
69264,2014-05-24,,24,5,2014
69265,2014-05-25,,25,5,2014
69266,2014-05-26,0.6,26,5,2014
69267,2014-05-27,0.0,27,5,2014
69268,2014-05-28,2.0,28,5,2014
69269,2014-05-29,0.0,29,5,2014
69270,2014-05-30,0.0,30,5,2014
69271,2014-05-31,0.0,31,5,2014
69272,2014-06-01,,1,6,2014
69273,2014-06-02,7.8,2,6,2014
69274,2014-06-03,3.2,3,6,2014
69275,2014-06-04,3.0,4,6,2014
69276,2014-06-05,5.2,5,6,2014
69277,2014-06-06,0.8,6,6,2014
69278,2014-06-07,,7,6,2014
69279,2014-06-08,,8,6,2014
69280,2014-06-09,,9,6,2014
69281,2014-06-10,0.4,10,6,2014
69282,2014-06-11,0.0,11,6,2014
69283,2014-06-12,0.0,12,6,2014
69284,2014-06-13,5.8,13,6,2014
69285,2014-06-14,,14,6,2014
69286,2014-06-15,,15,6,2014
69287,2014-06-16,2.4,16,6,2014
69288,2014-06-17,2.2,17,6,2014
69289,2014-06-18,0.0,18,6,2014
69290,2014-06-19,0.0,19,6,2014
69291,2014-06-20,0.0,20,6,2014
69292,2014-06-21,0.0,21,6,2014
69293,2014-06-22,0.0,22,6,2014
69294,2014-06-23,0.0,23,6,2014
69295,2014-06-24,4.6,24,6,2014
69296,2014-06-25,6.2,25,6,2014
69297,2014-06-26,0.6,26,6,2014
69298,2014-06-27,0.0,27,6,2014
69299,2014-06-28,,28,6,2014
69300,2014-06-29,,29,6,2014
69301,2014-06-30,11.2,30,6,2014
69302,2014-07-01,0.4,1,7,2014
69303,2014-07-02,0.0,2,7,2014
69304,2014-07-03,0.0,3,7,2014
69305,2014-07-04,0.0,4,7,2014
69306,2014-07-05,,5,7,2014
69307,2014-07-06,,6,7,2014
69308,2014-07-07,0.8,7,7,2014
69309,2014-07-08,0.0,8,7,2014
69310,2014-07-09,0.2,9,7,2014
69311,2014-07-10,4.6,10,7,2014
69312,2014-07-11,0.2,11,7,2014
69313,2014-07-12,,12,7,2014
69314,2014-07-13,,13,7,2014
69315,2014-07-14,5.8,14,7,2014
69316,2014-07-15,0.0,15,7,2014
69317,2014-07-16,2.2,16,7,2014
69318,2014-07-17,0.0,17,7,2014
69319,2014-07-18,3.0,18,7,2014
69320,2014-07-19,,19,7,2014
69321,2014-07-20,,20,7,2014
69322,2014-07-21,0.4,21,7,2014
69323,2014-07-22,0.0,22,7,2014
69324,2014-07-23,0.0,23,7,2014
69325,2014-07-24,0.0,24,7,2014
69326,2014-07-25,,25,7,2014
69327,2014-07-26,,26,7,2014
69328,2014-07-27,,27,7,2014
69329,2014-07-28,1.4,28,7,2014
69330,2014-07-29,0.0,29,7,2014
69331,2014-07-30,0.0,30,7,2014
69332,2014-07-31,0.0,31,7,2014
69333,2014-08-01,6.6,1,8,2014
69334,2014-08-02,,2,8,2014
69335,2014-08-03,,3,8,2014
69336,2014-08-04,,4,8,2014
69337,2014-08-05,14.2,5,8,2014
69338,2014-08-06,0.0,6,8,2014
69339,2014-08-07,0.8,7,8,2014
69340,2014-08-08,3.6,8,8,2014
69341,2014-08-09,,9,8,2014
69342,2014-08-10,,10,8,2014
69343,2014-08-11,8.4,11,8,2014
69344,2014-08-12,0.6,12,8,2014
69345,2014-08-13,0.0,13,8,2014
69346,2014-08-14,0.4,14,8,2014
69347,2014-08-15,0.0,15,8,2014
69348,2014-08-16,0.0,16,8,2014
69349,2014-08-17,0.0,17,8,2014
69350,2014-08-18,0.0,18,8,2014
69351,2014-08-19,1.2,19,8,2014
69352,2014-08-20,0.0,20,8,2014
69353,2014-08-21,0.0,21,8,2014
69354,2014-08-22,0.0,22,8,2014
69355,2014-08-23,,23,8,2014
69356,2014-08-24,,24,8,2014
69357,2014-08-25,1.4,25,8,2014
69358,2014-08-26,0.0,26,8,2014
69359,2014-08-27,0.0,27,8,2014
69360,2014-08-28,0.0,28,8,2014
69361,2014-08-29,0.0,29,8,2014
69362,2014-08-30,0.0,30,8,2014
69363,2014-08-31,0.0,31,8,2014
69364,2014-09-01,0.0,1,9,2014
69365,2014-09-02,10.4,2,9,2014
69366,2014-09-03,0.4,3,9,2014
69367,2014-09-04,0.0,4,9,2014
69368,2014-09-05,0.0,5,9,2014
69369,2014-09-06,0.0,6,9,2014
69370,2014-09-07,0.0,7,9,2014
69371,2014-09-08,0.0,8,9,2014
69372,2014-09-09,0.0,9,9,2014
69373,2014-09-10,2.0,10,9,2014
69374,2014-09-11,3.0,11,9,2014
69375,2014-09-12,,12,9,2014
69376,2014-09-13,,13,9,2014
69377,2014-09-14,,14,9,2014
69378,2014-09-15,0.2,15,9,2014
69379,2014-09-16,0.0,16,9,2014
69380,2014-09-17,3.2,17,9,2014
69381,2014-09-18,0.4,18,9,2014
69382,2014-09-19,1.4,19,9,2014
69383,2014-09-20,0.0,20,9,2014
69384,2014-09-21,0.0,21,9,2014
69385,2014-09-22,0.0,22,9,2014
69386,2014-09-23,0.0,23,9,2014
69387,2014-09-24,0.0,24,9,2014
69388,2014-09-25,13.2,25,9,2014
69389,2014-09-26,0.0,26,9,2014
69390,2014-09-27,0.0,27,9,2014
69391,2014-09-28,0.0,28,9,2014
69392,2014-09-29,0.0,29,9,2014
69393,2014-09-30,0.0,30,9,2014
69394,2014-10-01,2.2,1,10,2014
69395,2014-10-02,0.2,2,10,2014
69396,2014-10-03,0.4,3,10,2014
69397,2014-10-04,0.0,4,10,2014
69398,2014-10-05,0.0,5,10,2014
69399,2014-10-06,0.0,6,10,2014
69400,2014-10-07,1.2,7,10,2014
69401,2014-10-08,0.8,8,10,2014
69402,2014-10-09,0.0,9,10,2014
69403,2014-10-10,0.0,10,10,2014
69404,2014-10-11,0.0,11,10,2014
69405,2014-10-12,0.0,12,10,2014
69406,2014-10-13,5.4,13,10,2014
69407,2014-10-14,7.4,14,10,2014
69408,2014-10-15,0.0,15,10,2014
69409,2014-10-16,0.0,16,10,2014
69410,2014-10-17,4.6,17,10,2014
69411,2014-10-18,0.0,18,10,2014
69412,2014-10-19,0.0,19,10,2014
69413,2014-10-20,0.0,20,10,2014
69414,2014-10-21,0.0,21,10,2014
69415,2014-10-22,0.0,22,10,2014
69416,2014-10-23,0.0,23,10,2014
69417,2014-10-24,0.0,24,10,2014
69418,2014-10-25,0.0,25,10,2014
69419,2014-10-26,0.0,26,10,2014
69420,2014-10-27,25.6,27,10,2014
69421,2014-10-28,3.6,28,10,2014
69422,2014-10-29,0.6,29,10,2014
69423,2014-10-30,0.0,30,10,2014
69424,2014-10-31,0.2,31,10,2014
69425,2014-11-01,,1,11,2014
69426,2014-11-02,,2,11,2014
69427,2014-11-03,,3,11,2014
69428,2014-11-04,,4,11,2014
69429,2014-11-05,,5,11,2014
69430,2014-11-06,,6,11,2014
69431,2014-11-07,5.2,7,11,2014
69432,2014-11-08,,8,11,2014
69433,2014-11-09,,9,11,2014
69434,2014-11-10,0.6,10,11,2014
69435,2014-11-11,0.0,11,11,2014
69436,2014-11-12,0.0,12,11,2014
69437,2014-11-13,0.0,13,11,2014
69438,2014-11-14,0.0,14,11,2014
69439,2014-11-15,,15,11,2014
69440,2014-11-16,,16,11,2014
69441,2014-11-17,39.0,17,11,2014
69442,2014-11-18,0.0,18,11,2014
69443,2014-11-19,0.0,19,11,2014
69444,2014-11-20,0.0,20,11,2014
69445,2014-11-21,0.8,21,11,2014
69446,2014-11-22,,22,11,2014
69447,2014-11-23,,23,11,2014
69448,2014-11-24,2.0,24,11,2014
69449,2014-11-25,,25,11,2014
69450,2014-11-26,12.0,26,11,2014
69451,2014-11-27,0.0,27,11,2014
69452,2014-11-28,0.0,28,11,2014
69453,2014-11-29,0.0,29,11,2014
69454,2014-11-30,0.0,30,11,2014
69455,2014-12-01,0.0,1,12,2014
69456,2014-12-02,0.2,2,12,2014
69457,2014-12-03,0.0,3,12,2014
69458,2014-12-04,8.6,4,12,2014
69459,2014-12-05,,5,12,2014
69460,2014-12-06,,6,12,2014
69461,2014-12-07,,7,12,2014
69462,2014-12-08,19.4,8,12,2014
69463,2014-12-09,0.0,9,12,2014
69464,2014-12-10,0.0,10,12,2014
69465,2014-12-11,0.6,11,12,2014
69466,2014-12-12,0.0,12,12,2014
69467,2014-12-13,0.0,13,12,2014
69468,2014-12-14,0.0,14,12,2014
69469,2014-12-15,0.0,15,12,2014
69470,2014-12-16,0.0,16,12,2014
69471,2014-12-17,0.0,17,12,2014
69472,2014-12-18,0.0,18,12,2014
69473,2014-12-19,2.0,19,12,2014
69474,2014-12-20,0.0,20,12,2014
69475,2014-12-21,,21,12,2014
69476,2014-12-22,,22,12,2014
69477,2014-12-23,1.2,23,12,2014
69478,2014-12-24,0.4,24,12,2014
69479,2014-12-25,0.0,25,12,2014
69480,2014-12-26,7.4,26,12,2014
69481,2014-12-27,0.0,27,12,2014
69482,2014-12-28,0.0,28,12,2014
69483,2014-12-29,0.0,29,12,2014
69484,2014-12-30,0.0,30,12,2014
69485,2014-12-31,0.0,31,12,2014
